sku_id,gmm_cluster,confidence
SKU_00678,7,0.7925947759729852
SKU_00134,1,0.9994648186151528
SKU_00475,1,0.7731385727102724
SKU_00971,7,0.9728958055532504
SKU_00825,2,0.9976946373271168
SKU_00412,1,0.7467241382631049
SKU_00112,1,0.9950119538462391
SKU_00427,7,0.47012607392861316
SKU_00512,2,0.9967914455786456
SKU_00305,1,0.9874570096432307
SKU_00313,3,0.9956179469539135
SKU_00814,7,0.35850250054266325
SKU_00577,3,0.6879350890132864
SKU_00150,7,0.9954402186122995
SKU_00581,1,0.6150317354659649
SKU_00810,1,0.9845452580719278
SKU_00799,7,0.997801689221906
SKU_00249,7,0.8059041291833069
SKU_00948,3,0.6041448694668561
SKU_00228,3,0.995222368114024
SKU_00679,3,0.8460797100009229
SKU_00203,3,0.9725192579223647
SKU_00183,2,0.7348571014610831
SKU_00517,1,0.8367661598681188
SKU_00324,3,0.5829054176868289
SKU_00923,1,0.5421954437064048
SKU_00758,7,0.9996849442907223
SKU_00245,3,0.9789166875877673
SKU_00731,2,0.9913101260338164
SKU_00575,2,0.7280645647324457
SKU_00943,1,0.9974601030380049
SKU_00836,3,0.9901297870006063
SKU_00498,1,0.5667315293537573
SKU_00648,7,0.7434057163398348
SKU_00393,3,0.6782653297537244
SKU_00446,2,0.47071457651659404
SKU_00390,3,0.509491675075169
SKU_00240,3,0.6624892963576952
SKU_00710,1,0.9804169693568081
SKU_00671,2,0.5710207396376902
SKU_00447,3,0.9992499559873734
SKU_00308,1,0.8927022299376439
SKU_00197,7,0.9931170040497573
SKU_00937,1,0.9920332374544616
SKU_00869,2,0.9781169052087021
SKU_00769,7,0.40880487984592445
SKU_00705,7,0.9863557539796673
SKU_00627,7,0.6048096365972137
SKU_00178,3,0.5213191174645561
SKU_00127,3,0.8967382104940558
SKU_00384,2,0.7206691626047055
SKU_00419,7,0.8735564116222811
SKU_00996,1,0.71190831583318
SKU_00120,1,0.9628768134372151
SKU_00991,3,0.9267428182837395
SKU_00070,2,0.9943365617812515
SKU_00905,2,0.7082207187371437
SKU_00431,2,0.9691589249191391
SKU_00795,3,0.7820043659384635
SKU_00271,7,0.837674421933298
SKU_00403,7,0.999247851643676
SKU_00378,2,0.48544350472210457
SKU_00932,3,0.8269254343129752
SKU_00035,7,0.5094765806336027
SKU_00891,7,0.5556377142312824
SKU_00737,3,0.7036615795275568
SKU_00267,7,0.7864022477294571
SKU_00139,1,0.9835149088925351
SKU_00509,2,0.9569414874438856
SKU_00367,3,0.9673572413186575
SKU_00207,1,0.9976986478656726
SKU_00002,3,0.9910667406388913
SKU_00780,3,0.7848927610889814
SKU_00748,3,0.7494501955135882
SKU_00471,3,0.5767112910206872
SKU_00352,7,0.8841922069881932
SKU_00614,2,0.5101088219924491
SKU_00464,2,0.8612701335315059
SKU_00558,3,0.41969345180509193
SKU_00745,3,0.766205923561684
SKU_00759,2,0.6885185590046365
SKU_00798,1,0.9933035023551704
SKU_00645,3,0.9513254539440429
SKU_00226,7,0.6776829254369306
SKU_00680,3,0.9776030702425825
SKU_00574,2,0.951918046796343
SKU_00450,3,0.9101749743783284
SKU_00238,1,0.8173690443991845
SKU_00094,2,0.8692788113765069
SKU_00707,1,0.9907038843061119
SKU_00524,3,0.6836958326793451
SKU_00435,7,0.9926849834082663
SKU_00170,1,0.9979321653575912
SKU_00073,3,0.9716632710077634
SKU_00137,7,0.9980462762396665
SKU_00573,7,0.9888487750328653
SKU_00950,7,0.5562069134058641
SKU_00719,1,0.7755964774141966
SKU_00727,1,0.9722865201945528
SKU_00485,3,0.8133132572589852
SKU_00513,3,0.6083211815117324
SKU_00357,1,0.897779605803707
SKU_00113,1,0.9118135939451961
SKU_00752,1,0.9855966820267057
SKU_00803,7,0.8053555250026849
SKU_00813,1,0.44884707585234274
SKU_00118,1,0.6181865666407812
SKU_00961,7,0.9935105858677925
SKU_00252,2,0.947024305855509
SKU_00480,7,0.9126944221491499
SKU_00165,3,0.3180778425141806
SKU_00820,3,0.4671807965794285
SKU_00052,1,0.8187176858268783
SKU_00709,7,0.9836974938843168
SKU_00398,3,0.974170561995685
SKU_00541,7,0.5260077786941791
SKU_00414,2,0.9954747744652239
SKU_00697,7,0.8380095860998088
SKU_00872,1,0.9767919018910206
SKU_00508,1,0.8322190371121442
SKU_00947,3,0.7478168524762862
SKU_00221,7,0.9279042039142029
SKU_00463,7,0.5066126988474042
SKU_00182,2,0.887649540144271
SKU_00355,7,0.6916129273513356
SKU_00200,1,0.9802620258962665
SKU_00839,1,0.5429898921360199
SKU_00771,3,0.7237346531267826
SKU_00860,3,0.4809422686642226
SKU_00886,2,0.9866032648682798
SKU_00065,3,0.9558001354535712
SKU_00473,1,0.9361425075284091
SKU_00325,1,0.9041962446961556
SKU_00568,1,0.6775896657558375
SKU_00295,2,0.973673995256263
SKU_00401,1,0.8923438261838458
SKU_00774,2,0.94043501678177
SKU_00807,7,0.5119004836362294
SKU_00914,3,0.9006532950238778
SKU_00647,3,0.9522780984591032
SKU_00388,7,0.9230182424518913
SKU_00903,7,0.9470571439937863
SKU_00247,7,0.7076128381611555
SKU_00154,4,0.3778063152733995
SKU_00549,7,0.9667363925134084
SKU_00532,1,0.7348691072874078
SKU_00949,3,0.762483285382124
SKU_00396,3,0.6827079828792241
SKU_00020,7,0.9974463424885678
SKU_00548,7,0.9998360503766341
SKU_00489,7,0.4527886787714687
SKU_00107,7,0.8484478899922341
SKU_00609,1,0.9830999967699738
SKU_00462,7,0.9288248639999473
SKU_00966,1,0.9585229113699538
SKU_00358,7,0.7377977674412459
SKU_00970,7,0.9877861849459832
SKU_00791,7,0.9608288251615139
SKU_00755,2,0.9746045058379281
SKU_00631,1,0.23331857628040076
SKU_00421,2,0.9669871434464106
SKU_00534,2,0.7148020728950171
SKU_00720,2,0.6547661410883375
SKU_00467,7,0.8149186731034137
SKU_00233,1,0.9152673724486047
SKU_00688,7,0.8694624097489139
SKU_00336,1,0.8968869266539674
SKU_00510,2,0.7758282780905646
SKU_00781,1,0.951198037576419
SKU_00824,3,0.674496271430638
SKU_00420,3,0.44953484810488914
SKU_00847,4,0.8733387374768965
SKU_00551,7,0.639543848296754
SKU_00662,7,0.7531440423443064
SKU_00119,3,0.9953841236646851
SKU_00953,1,0.5761446375577319
SKU_00789,4,0.7179808376821588
SKU_00438,3,0.9001586668464093
SKU_00204,1,0.8967516252791995
SKU_00494,3,0.7362061183376022
SKU_00321,1,0.5551918587660215
SKU_00453,4,0.5606581160950117
SKU_00337,1,0.9092590365217619
SKU_00700,7,0.8235590207923089
SKU_00104,7,0.627547228747727
SKU_00716,4,0.6958137459912553
SKU_00661,0,0.5242511064403842
SKU_00894,2,0.8338974294921058
SKU_00176,1,0.7576453685042911
SKU_00187,7,0.5632493695530053
SKU_00815,1,0.9799915202257957
SKU_00831,3,0.7419258183427233
SKU_00725,1,0.7575632523682001
SKU_00359,7,0.7530355638626092
SKU_00595,1,0.9996473583217177
SKU_00523,5,0.49123386394093893
SKU_00802,1,0.9483998666821495
SKU_00766,1,0.8210778192020397
SKU_00086,7,0.897049088481161
SKU_00884,1,0.6162357880000637
SKU_00723,5,0.5969157862328407
SKU_00972,1,0.7916177655622785
SKU_00076,3,0.6220885175100274
SKU_00851,2,0.44403362279290115
SKU_00196,1,0.7274779753290497
SKU_00876,2,0.6493468247437783
SKU_00797,3,0.870274882303892
SKU_00686,7,0.7720469174973305
SKU_00093,3,0.9345166627272168
SKU_00242,4,0.48151305850346543
SKU_00186,4,0.8163744850629094
SKU_00633,3,0.8534404823495115
SKU_00862,3,0.9592317202663913
SKU_00074,7,0.9199201220846247
SKU_00535,5,0.6949338552481586
SKU_00276,1,0.5987480838386491
SKU_00861,7,0.9613087096200569
SKU_00490,3,0.7894487048998186
SKU_00554,4,0.3973433597456887
SKU_00444,1,0.7113646759498707
SKU_00981,1,0.3913930640317443
SKU_00364,6,0.921379076206051
SKU_00501,7,0.8763778208995232
SKU_00838,2,0.3900038574787699
SKU_00399,2,0.5047873380789965
SKU_00915,2,0.9921902678497674
SKU_00258,3,0.8479724433299882
SKU_00136,7,0.9685103201207369
SKU_00778,7,0.7636785206116505
SKU_00804,7,0.5564852976476826
SKU_00017,1,0.9937075667805685
SKU_00543,1,0.6412656560507534
SKU_00890,7,0.5102204391122418
SKU_00749,2,0.8459037713554558
SKU_00474,7,0.8976217981449166
SKU_00695,3,0.7597794841504093
SKU_00823,7,0.999472062535723
SKU_00191,0,0.6940188058194496
SKU_00048,7,0.8571622439840532
SKU_00159,7,0.4463234842856034
SKU_00976,1,0.9430443691763598
SKU_00027,2,0.9957080814152135
SKU_00437,5,0.4415347191956361
SKU_00116,4,0.6696156270434597
SKU_00683,7,0.7758581050663407
SKU_00296,0,0.6509545508046521
SKU_00302,3,0.9154036471772498
SKU_00081,1,0.698452261549571
SKU_00055,4,0.8356382798557186
SKU_00054,3,0.5486514534469
SKU_00692,1,0.9839152227126298
SKU_00913,3,0.9865162284029475
SKU_00739,1,0.9924927052679353
SKU_00717,4,0.7113882057246551
SKU_00939,7,0.9463023927268043
SKU_00363,7,0.9839049695321375
SKU_00968,7,0.7802686632684807
SKU_00921,3,0.8993951413593119
SKU_00408,4,0.4640893629405801
SKU_00525,7,0.9791626831686918
SKU_00989,0,0.8410398689360961
SKU_00738,1,0.8455208148060539
SKU_00956,1,0.970410939450817
SKU_00521,2,0.9991965994694161
SKU_00691,1,0.9981166538942925
SKU_00162,2,0.9245402119309962
SKU_00788,3,0.44061535154450904
SKU_00993,3,0.8180286349931291
SKU_00677,1,0.9428456623060948
SKU_00315,1,0.687574758682493
SKU_00817,3,0.8496805159511822
SKU_00248,6,0.9299278594970843
SKU_00188,1,0.921734569125719
SKU_00865,3,0.5614268616963981
SKU_00415,2,0.9834779857284883
SKU_00516,1,0.9956841408395686
SKU_00578,3,0.7390237387335133
SKU_00129,7,0.8310060191598735
SKU_00533,1,0.9328302301019484
SKU_00275,7,0.8965441996252922
SKU_00742,4,0.7173775435892843
SKU_00423,1,0.9198933350729526
SKU_00078,3,0.7596949069626019
SKU_00160,1,0.9536422131328419
SKU_00504,7,0.3651031408299129
SKU_00270,5,0.6802327984198886
SKU_00994,1,0.9903455003565631
SKU_00488,4,0.8958317940353709
SKU_00277,2,0.5411455821527743
SKU_00103,2,0.9905080008528728
SKU_00461,1,0.7221574923376546
SKU_00303,7,0.5835448275885127
SKU_00034,5,0.8176462079614568
SKU_00848,1,0.9304636636086598
SKU_00998,0,0.642863035354514
SKU_00274,7,0.9028799965261267
SKU_00348,2,0.9943148731194583
SKU_00793,2,0.7921201487063588
SKU_00732,4,0.3187240458626247
SKU_00570,7,0.884851546108206
SKU_00623,7,0.6902525350174732
SKU_00255,3,0.8259891773510138
SKU_00612,3,0.5508563303484981
SKU_00751,4,0.9953979467459501
SKU_00674,7,0.8933467184531049
SKU_00219,5,0.9139185142535736
SKU_00263,2,0.7741592727188665
SKU_00978,3,0.8619130662812535
SKU_00545,7,0.969826682424868
SKU_00043,6,0.8600408154501106
SKU_00417,7,0.6346279790431331
SKU_00999,7,0.5554159895729156
SKU_00863,7,0.9914273532495775
SKU_00268,3,0.9794775866084863
SKU_00125,1,0.5145373497334612
SKU_00714,1,0.9982531262037871
SKU_00560,2,0.5300398331748967
SKU_00338,2,0.7247883064114599
SKU_00194,7,0.9071752159023946
SKU_00039,7,0.9806169622734437
SKU_00564,3,0.8803819042387312
SKU_00246,7,0.9891748102318272
SKU_00499,4,0.8479498371013643
SKU_00786,7,0.5228033501076053
SKU_00395,5,0.9625920606379192
SKU_00089,1,0.960970797345225
SKU_00484,3,0.6134209676236229
SKU_00304,6,0.8609586432308026
SKU_00607,3,0.9521330943452827
SKU_00161,0,0.6377058383260178
SKU_00217,6,0.8400194153360384
SKU_00174,4,0.6189000667354415
SKU_00365,7,0.8831470311945979
SKU_00910,5,0.6897928816600487
SKU_00502,3,0.8425495965117982
SKU_00639,1,0.6052528632691987
SKU_00343,3,0.8537391905537829
SKU_00553,7,0.6543802831704277
SKU_00990,6,0.807446386973288
SKU_00069,5,0.6767091710581316
SKU_00153,1,0.763095883898363
SKU_00857,3,0.8741606547428521
SKU_00003,4,0.47671514374225904
SKU_00085,2,0.6274494753410899
SKU_00657,1,0.7642895674331176
SKU_00195,3,0.9626605254946168
SKU_00853,4,0.9323377204144565
SKU_00785,4,0.9693612250256988
SKU_00376,0,0.9638899466641676
SKU_00451,1,0.6711571991943445
SKU_00122,3,0.9977099126225225
SKU_00045,6,0.82298072058669
SKU_00106,3,0.9415270533199214
SKU_00906,4,0.5383413132429393
SKU_00684,5,0.690286174553386
SKU_00157,0,0.916774298777573
SKU_00618,5,0.7844902266512128
SKU_00452,2,0.8941597272608478
SKU_00547,6,0.7330573123412186
SKU_00102,2,0.9818867942540132
SKU_00526,1,0.9781788590766959
SKU_00660,7,0.980860818905046
SKU_00572,7,0.9906581109818475
SKU_00743,1,0.6333864428794737
SKU_00896,7,0.9982403973843859
SKU_00756,5,0.8169970917272688
SKU_00566,7,0.9892663480639616
SKU_00849,5,0.6984655022801403
SKU_00734,7,0.8571204726918952
SKU_00373,4,0.9249797747165204
SKU_00341,5,0.6202937052558021
SKU_00917,5,0.6440145159995436
SKU_00685,4,0.5741336377584086
SKU_00567,1,0.9370756209897623
SKU_00675,6,0.989072581002741
SKU_00082,3,0.6895418655225506
SKU_00138,2,0.9932178457687434
SKU_00584,4,0.6428873112782322
SKU_00024,1,0.4144734217518073
SKU_00279,5,0.5803771557385453
SKU_00596,4,0.4348560197063858
SKU_00012,6,0.6973345398608134
SKU_00986,0,0.7504141651540026
SKU_00529,4,0.990509876267097
SKU_00115,6,0.6435452689038131
SKU_00025,0,0.9501526634539688
SKU_00843,5,0.49503510620961344
SKU_00229,5,0.5786720788954315
SKU_00232,7,0.610954608091549
SKU_00455,2,0.7678454735547242
SKU_00050,0,0.9088608340163905
SKU_00091,0,0.8410015640714368
SKU_00344,1,0.8279907733346505
SKU_00018,1,0.9425928727107512
SKU_00765,6,0.6206732963920004
SKU_00651,5,0.8305204517194125
SKU_00261,5,0.9739259478180893
SKU_00051,6,0.829790781532043
SKU_00506,5,0.9809494668119241
SKU_00062,5,0.9450812688328445
SKU_00375,1,0.9939387351188389
SKU_00144,3,0.9967946581810725
SKU_00624,5,0.8221679816892302
SKU_00918,0,0.804017623989576
SKU_00349,6,0.9549893853920497
SKU_00904,7,0.844064110493268
SKU_00611,4,0.9701184254011864
SKU_00289,5,0.6874425852697349
SKU_00522,4,0.983478126317931
SKU_00768,7,0.4027992476126381
SKU_00061,3,0.8311542430036553
SKU_00808,4,0.6675430744431075
SKU_00954,3,0.7803943250411917
SKU_00538,1,0.5094000960284952
SKU_00673,5,0.8274034589390431
SKU_00740,0,0.545139093132006
SKU_00095,0,0.545312407168372
SKU_00394,1,0.9732344738698693
SKU_00569,7,0.9824703631371914
SKU_00457,7,0.6226506210639048
SKU_00931,0,0.508628767542911
SKU_00280,6,0.9179157410003299
SKU_00361,6,0.8850683992627971
SKU_00310,7,0.3836784040553321
SKU_00909,2,0.9577459440777363
SKU_00329,2,0.9965791145897832
SKU_00496,4,0.9004440390676013
SKU_00907,1,0.80862509634168
SKU_00964,3,0.6939150398795761
SKU_00088,4,0.555865735874
SKU_00272,5,0.7897252114709468
SKU_00822,3,0.8318669630774798
SKU_00416,7,0.9838363024112091
SKU_00301,6,0.864018860166969
SKU_00432,0,0.8503519075363654
SKU_00216,3,0.677596214463016
SKU_00877,5,0.9158576000117774
SKU_00184,2,0.9075481000116368
SKU_00879,3,0.9983173905659173
SKU_00140,0,0.5784875668270874
SKU_00483,6,0.8619260369019415
SKU_00552,4,0.9535444212432685
SKU_00108,3,0.9453318118736498
SKU_00537,2,0.7204681117665247
SKU_00067,0,0.9908433983863649
SKU_00131,7,0.6634867113606585
SKU_00544,0,0.9854265815905583
SKU_00666,3,0.9697441512327198
SKU_00527,7,0.983414345632329
SKU_00322,6,0.5600206496332018
SKU_00911,2,0.9983617618431114
SKU_00873,5,0.8442259861489867
SKU_00561,1,0.8127821105084552
SKU_00962,1,0.4263499671431054
SKU_00224,2,0.9435263688134903
SKU_00327,6,0.9370232706375934
SKU_00173,7,0.7484760652019029
SKU_00591,0,0.9473466739958751
SKU_00829,6,0.3412701713316887
SKU_00410,3,0.8597084003576693
SKU_00941,0,0.9238802891529706
SKU_00540,4,0.9870852278966034
SKU_00381,4,0.39509630790854133
SKU_00155,3,0.9931923826747475
SKU_00210,4,0.9830811143447263
SKU_00169,5,0.5120190598999458
SKU_00227,7,0.7483299390270381
SKU_00826,3,0.7156504335278644
SKU_00638,1,0.7771456998149492
SKU_00835,1,0.3475628902482056
SKU_00307,7,0.6626849307796553
SKU_00141,2,0.6819968321417109
SKU_00185,4,0.8964021775649383
SKU_00536,5,0.9764805583330325
SKU_00251,6,0.38771040684202623
SKU_00550,6,0.623101310235971
SKU_00234,3,0.5091121267661612
SKU_00426,0,0.4666557471011073
SKU_00594,6,0.8159260141142534
SKU_00608,6,0.8536740358859061
SKU_00328,6,0.42126193665462264
SKU_00992,1,0.611724714749188
SKU_00880,7,0.9968562684294962
SKU_00007,5,0.8073867072748038
SKU_00314,6,0.9748247120178234
SKU_00935,7,0.828661491959541
SKU_00146,6,0.8779495153099157
SKU_00041,4,0.7706269265957291
SKU_00690,1,0.8633141371328263
SKU_00929,1,0.9779141501192731
SKU_00845,1,0.560422825389145
SKU_00699,4,0.9608453301267315
SKU_00059,1,0.732482282300372
SKU_00733,0,0.9588916043302185
SKU_00635,0,0.3483110917992239
SKU_00385,4,0.4908702047880366
SKU_00172,4,0.9532211957872134
SKU_00800,4,0.6039569713369394
SKU_00256,5,0.7850104298526659
SKU_00026,3,0.9573128119557163
SKU_00362,0,0.8474762880328692
SKU_00702,1,0.37978938713553795
SKU_00721,7,0.9242426949639236
SKU_00036,3,0.511381121841189
SKU_00762,2,0.9060464449042513
SKU_00615,0,0.7650795197836594
SKU_00652,4,0.9331404032084137
SKU_00402,5,0.6230769080269954
SKU_00360,5,0.5216727440683142
SKU_00763,6,0.5799181413910116
SKU_00713,0,0.45484511104956615
SKU_00180,2,0.8817664624880479
SKU_00744,3,0.9791876008729341
SKU_00783,7,0.5176876448203934
SKU_00015,7,0.9987612372433368
SKU_00658,6,0.971843024449063
SKU_00342,7,0.9830439953449468
SKU_00198,4,0.9819499685074073
SKU_00920,0,0.9701695414833322
SKU_00269,1,0.7895322149304317
SKU_00397,5,0.513825227245819
SKU_00495,5,0.5112424303101994
SKU_00689,3,0.6549068283066541
SKU_00293,4,0.8543192276238512
SKU_00142,0,0.6692104031126375
SKU_00016,1,0.7778778153440347
SKU_00893,6,0.64626375595669
SKU_00406,0,0.7059490833124733
SKU_00477,4,0.9969444961820088
SKU_00643,5,0.5175564973266183
SKU_00404,4,0.43563542191943816
SKU_00143,7,0.6596886034890603
SKU_00777,4,0.9904859129452671
SKU_00796,5,0.9939789199551065
SKU_00469,4,0.9153953556840277
SKU_00225,3,0.7706998938713235
SKU_00505,2,0.9777909234468558
SKU_00105,2,0.9089393628880256
SKU_00386,7,0.8042482668251062
SKU_00092,4,0.9937712501530211
SKU_00761,1,0.5227877245104346
SKU_00852,2,0.7255525717230394
SKU_00340,5,0.49006101507012817
SKU_00979,4,0.9948452012222091
SKU_00585,7,0.9371853895241207
SKU_00250,1,0.3463035053142938
SKU_00663,1,0.7817561261820454
SKU_00963,5,0.3904556514250849
SKU_00175,1,0.997357819764417
SKU_00632,6,0.8766988371046319
SKU_00842,7,0.9947260525358009
SKU_00881,4,0.997328869758634
SKU_00819,4,0.7991253443676031
SKU_00801,1,0.9386158331186127
SKU_00605,0,0.7011641764735188
SKU_00064,7,0.5809116769371022
SKU_00984,0,0.9849839590648319
SKU_00000,4,0.8417088858795176
SKU_00757,5,0.9462381325055352
SKU_00912,4,0.718966791813326
SKU_00670,3,0.9295757003459217
SKU_00046,2,0.758112740884375
SKU_00033,4,0.9295638992956428
SKU_00309,7,0.7771418384170754
SKU_00693,1,0.9604520807665475
SKU_00855,7,0.9710991680560576
SKU_00597,2,0.995308535566395
SKU_00698,7,0.7357538964353624
SKU_00124,2,0.38092845978380707
SKU_00266,6,0.8522309907232076
SKU_00298,6,0.6665327722337966
SKU_00110,0,0.4146348990118739
SKU_00779,5,0.5181913105198612
SKU_00642,2,0.8123166630683117
SKU_00212,5,0.6857130030277497
SKU_00507,6,0.9775054159806384
SKU_00583,6,0.7311988104790856
SKU_00075,0,0.7599098640062294
SKU_00816,4,0.9820651864988845
SKU_00934,3,0.9923318531086189
SKU_00023,4,0.7613014119424432
SKU_00167,2,0.9329801280185774
SKU_00589,7,0.996125144437937
SKU_00987,4,0.48773368079113794
SKU_00637,7,0.49467696985826987
SKU_00389,0,0.8598922779901529
SKU_00213,1,0.8642779205080874
SKU_00430,1,0.5558751663289537
SKU_00951,0,0.9669535363817005
SKU_00579,7,0.6104680921051107
SKU_00478,5,0.9155633625339488
SKU_00286,0,0.8847678704325495
SKU_00659,6,0.9751731310852056
SKU_00282,4,0.7080459483080892
SKU_00980,0,0.8880816100148841
SKU_00511,4,0.9539505329692317
SKU_00177,0,0.5394598431808119
SKU_00582,0,0.9596453443330758
SKU_00944,1,0.6106363276015353
SKU_00600,1,0.9912269784013685
SKU_00223,5,0.6689899730453344
SKU_00806,0,0.9056367629904272
SKU_00747,6,0.5553741599033781
SKU_00022,6,0.5498725458522031
SKU_00622,6,0.7413959499215652
SKU_00629,5,0.39470140267231346
SKU_00556,3,0.8815236714172587
SKU_00531,4,0.9949387409373303
SKU_00235,6,0.6951436994178336
SKU_00317,1,0.9857846462551428
SKU_00946,3,0.9901883217128414
SKU_00715,6,0.4210990456773741
SKU_00215,4,0.7326296083511498
SKU_00942,5,0.800560022338517
SKU_00703,1,0.9814918637147758
SKU_00885,7,0.9507345775548574
SKU_00482,4,0.9857745295820817
SKU_00158,4,0.756896733498036
SKU_00892,4,0.7150310094763987
SKU_00997,7,0.9872331259018443
SKU_00130,0,0.9905915702295919
SKU_00902,2,0.5079122498331146
SKU_00870,6,0.9420721962247605
SKU_00319,0,0.5643217704673352
SKU_00625,5,0.5312002618761402
SKU_00418,4,0.8831733756161048
SKU_00049,2,0.6488434445133388
SKU_00927,4,0.3514500585866819
SKU_00866,3,0.6583061684590992
SKU_00811,6,0.9349974714314582
SKU_00445,4,0.5213760669738658
SKU_00326,6,0.855496619341942
SKU_00350,5,0.9850151460655818
SKU_00887,4,0.7971646372644311
SKU_00958,7,0.9664959135647867
SKU_00730,7,0.4767236216600062
SKU_00973,2,0.8251726182840591
SKU_00636,4,0.9948194583593366
SKU_00767,5,0.5987420363979715
SKU_00380,7,0.988973419105037
SKU_00413,6,0.9623125576572142
SKU_00366,0,0.720660965394958
SKU_00604,3,0.9887246249341676
SKU_00405,0,0.6441080047999939
SKU_00262,2,0.9172731401472225
SKU_00519,1,0.4985443988632641
SKU_00097,5,0.8572484990333563
SKU_00479,0,0.9822802326132336
SKU_00087,4,0.7076716818045391
SKU_00316,6,0.9916118036091259
SKU_00787,0,0.9919761841403576
SKU_00790,1,0.9590513247354352
SKU_00588,3,0.6488582075977338
SKU_00729,3,0.6250351385002636
SKU_00028,4,0.9802133767404209
SKU_00644,2,0.9435962344508662
SKU_00493,1,0.42644460253356753
SKU_00135,6,0.9617144948507539
SKU_00555,6,0.7302532124385289
SKU_00011,0,0.5125006135507557
SKU_00156,4,0.8541129894235091
SKU_00206,7,0.9521546841987881
SKU_00084,0,0.968454558911677
SKU_00520,0,0.9616521381769617
SKU_00546,2,0.7635050718116794
SKU_00133,5,0.7034836301806154
SKU_00784,1,0.43899597588294886
SKU_00294,7,0.9840109577016748
SKU_00425,6,0.9904859790550186
SKU_00975,5,0.9406341643603922
SKU_00653,5,0.7454518889167768
SKU_00900,5,0.7623328386996429
SKU_00123,3,0.6192752197232303
SKU_00587,1,0.8537587727951693
SKU_00047,5,0.6009827292827037
SKU_00590,3,0.6622997443157945
SKU_00985,0,0.5720125911206155
SKU_00422,1,0.8939739848642181
SKU_00967,0,0.7856591722984178
SKU_00372,1,0.8701894279847452
SKU_00218,5,0.9729320404094969
SKU_00330,0,0.9890866031189239
SKU_00750,2,0.8650715421197068
SKU_00562,2,0.6983984507554659
SKU_00346,4,0.9330527687381798
SKU_00014,5,0.7369090952207977
SKU_00297,6,0.7053501566417371
SKU_00283,2,0.9940256436433795
SKU_00038,5,0.9776218562935101
SKU_00919,3,0.6720789249089308
SKU_00353,2,0.404933418593753
SKU_00676,7,0.9629723701150146
SKU_00805,6,0.9952450889591099
SKU_00837,4,0.9494834815960748
SKU_00708,5,0.4344747398497339
SKU_00214,0,0.9158032466561966
SKU_00287,5,0.9923009128359105
SKU_00867,6,0.7290476196683345
SKU_00460,7,0.9793557252973092
SKU_00809,7,0.9924413620723713
SKU_00694,3,0.6828643455557266
SKU_00243,6,0.988690359408436
SKU_00933,0,0.6535339804584192
SKU_00284,4,0.6172982659869027
SKU_00454,3,0.977282036202738
SKU_00434,1,0.842361267115681
SKU_00260,0,0.9940784604207862
SKU_00830,4,0.5633886279264642
SKU_00602,0,0.7350341300081238
SKU_00650,7,0.94446192281611
SKU_00163,0,0.9948259243060799
SKU_00066,3,0.705422702965987
SKU_00147,0,0.9687610355210471
SKU_00339,1,0.9948518409671184
SKU_00111,4,0.8883606288057083
SKU_00754,6,0.3034545824728497
SKU_00681,0,0.49018313416898357
SKU_00306,4,0.6305971299270734
SKU_00265,0,0.9374515084998469
SKU_00696,6,0.7211381796432801
SKU_00682,0,0.6084494196659337
SKU_00617,5,0.910781831027032
SKU_00601,0,0.9668898534654247
SKU_00897,4,0.9282826723363482
SKU_00965,4,0.9385070920751618
SKU_00530,6,0.9656635644005342
SKU_00776,4,0.8153143996345703
SKU_00391,0,0.8673760709812787
SKU_00254,4,0.7799086269262471
SKU_00099,3,0.8814890903546518
SKU_00672,3,0.9211817436798676
SKU_00468,6,0.9256356262407122
SKU_00895,5,0.8946650887934086
SKU_00712,6,0.9938021683006789
SKU_00841,6,0.9223762245878856
SKU_00571,5,0.8970072787926382
SKU_00320,6,0.5919021127792861
SKU_00832,5,0.4212399749063191
SKU_00411,0,0.9113093014306318
SKU_00192,4,0.9981405386935078
SKU_00037,2,0.48275222774225685
SKU_00202,5,0.7022664397332987
SKU_00278,4,0.837451843377067
SKU_00858,5,0.679367418867118
SKU_00969,6,0.9193744337032717
SKU_00539,2,0.5647638557753166
SKU_00746,6,0.9972104850566484
SKU_00345,0,0.9091394265402594
SKU_00620,5,0.5021235291486675
SKU_00181,6,0.45720560953802586
SKU_00109,3,0.9944273090635644
SKU_00711,0,0.9446396481431582
SKU_00429,1,0.625213610702204
SKU_00443,4,0.6274461675640278
SKU_00775,0,0.6642875037606175
SKU_00466,0,0.8479169017804843
SKU_00193,0,0.9956660800361469
SKU_00179,0,0.6024813760914478
SKU_00259,1,0.9417718437772256
SKU_00166,4,0.9955525502602353
SKU_00080,5,0.9883156297004775
SKU_00400,7,0.7408951840495236
SKU_00040,2,0.5631685290776299
SKU_00735,4,0.9437442186587625
SKU_00253,5,0.798854486463879
SKU_00834,4,0.8285767404438251
SKU_00222,3,0.7799245243618947
SKU_00528,1,0.998906959837718
SKU_00770,7,0.7080549132508007
SKU_00459,2,0.8047674299717783
SKU_00209,5,0.7435384464625983
SKU_00132,5,0.4591580295311498
SKU_00441,6,0.7431003617066737
SKU_00753,4,0.9988123380064138
SKU_00641,0,0.9963557922435304
SKU_00230,0,0.9914339078332928
SKU_00083,1,0.985801809315103
SKU_00899,3,0.9038732451058703
SKU_00409,7,0.5748467651679493
SKU_00669,6,0.9846116694884027
SKU_00864,5,0.5961918963866439
SKU_00667,4,0.9627389088275415
SKU_00924,6,0.9972968136970827
SKU_00114,6,0.9738108215878064
SKU_00383,0,0.867798429903358
SKU_00875,4,0.8549828817277374
SKU_00654,0,0.8377742823062857
SKU_00542,0,0.6539115658035365
SKU_00908,0,0.9424569914237035
SKU_00888,0,0.6499500196233989
SKU_00151,5,0.6555692552542572
SKU_00152,0,0.813270726605726
SKU_00565,0,0.9922288646334911
SKU_00818,1,0.9947415663956518
SKU_00063,5,0.9837084028071547
SKU_00828,5,0.9629269094663567
SKU_00333,5,0.5049866085351505
SKU_00053,0,0.8657439016931625
SKU_00722,7,0.7424464876362007
SKU_00859,7,0.9868367634693682
SKU_00960,7,0.8956217092288934
SKU_00288,4,0.978996912728559
SKU_00241,4,0.7331262653522677
SKU_00656,5,0.8597362906668617
SKU_00060,0,0.9984011734822438
SKU_00030,0,0.9875627894229128
SKU_00013,0,0.7108688623872159
SKU_00057,0,0.9792931062530288
SKU_00311,3,0.5103891116056285
SKU_00090,6,0.8191188573891017
SKU_00433,1,0.4769776257956566
SKU_00387,4,0.3421344113590182
SKU_00827,0,0.6832383902652356
SKU_00077,1,0.8389204492912319
SKU_00374,7,0.95329258251268
SKU_00334,3,0.9953614135121338
SKU_00281,4,0.982382805595895
SKU_00503,6,0.8448767116450748
SKU_00613,0,0.6590093089984216
SKU_00599,3,0.5635617065659672
SKU_00199,6,0.8564688742521497
SKU_00331,0,0.9892017095359615
SKU_00335,3,0.6678172332848257
SKU_00299,5,0.5099279995547396
SKU_00916,0,0.6597411647439336
SKU_00239,6,0.6204182881941054
SKU_00318,0,0.7492786459590492
SKU_00959,4,0.6028083767702493
SKU_00889,0,0.8798748664621378
SKU_00792,0,0.5057874981952827
SKU_00291,2,0.9930990484371599
SKU_00428,0,0.9404140561414744
SKU_00056,3,0.3374276306566394
SKU_00922,6,0.9987068260371696
SKU_00854,0,0.9945886415494812
SKU_00603,0,0.5513346626028796
SKU_00058,1,0.6228918930795048
SKU_00782,5,0.5007622276992721
SKU_00285,3,0.782738912997139
SKU_00592,6,0.5191319367344107
SKU_00593,0,0.9992751394002094
SKU_00292,6,0.9980738766987356
SKU_00031,6,0.9829034680929329
SKU_00392,0,0.959574778541437
SKU_00773,4,0.7764007927807229
SKU_00201,5,0.9408609829311289
SKU_00995,6,0.7873294196532526
SKU_00096,0,0.8056406061712995
SKU_00616,7,0.8128982977616696
SKU_00883,5,0.9231690023794777
SKU_00021,4,0.7056634493622839
SKU_00764,1,0.7822688893011636
SKU_00760,0,0.9251949958284397
SKU_00812,6,0.9130128714058414
SKU_00117,0,0.9950560215925365
SKU_00009,4,0.8179999039169075
SKU_00351,6,0.7957555650402048
SKU_00071,4,0.8729310939071641
SKU_00844,4,0.9700958281933362
SKU_00168,2,0.9642274452181484
SKU_00079,0,0.6553835286341367
SKU_00874,2,0.9252222395137687
SKU_00121,6,0.9969146861397716
SKU_00449,4,0.30888969111438125
SKU_00974,7,0.9905327436923732
SKU_00237,7,0.9672307019856248
SKU_00379,0,0.9994691781800723
SKU_00514,3,0.8413061887688371
SKU_00728,0,0.9377586479281629
SKU_00042,3,0.6344935051233392
SKU_00928,0,0.8290863131531513
SKU_00833,4,0.786433857480014
SKU_00354,0,0.9574477826116311
SKU_00440,4,0.9869615855824779
SKU_00491,0,0.9410737820131063
SKU_00190,4,0.9424270507092514
SKU_00940,6,0.9927443424050467
SKU_00988,0,0.7533798208416259
SKU_00220,0,0.9260991358841237
SKU_00019,0,0.799447081489067
SKU_00846,0,0.8059924113628147
SKU_00926,6,0.693525074963666
SKU_00487,5,0.9834386064597941
SKU_00664,4,0.6935961299758532
SKU_00273,0,0.7637665272078851
SKU_00492,0,0.9987733741907325
SKU_00619,4,0.7263673431877735
SKU_00101,0,0.7065110472808663
SKU_00001,0,0.9743083713640693
SKU_00706,4,0.7851082279249335
SKU_00029,7,0.6987753657151923
SKU_00300,6,0.5967710483982421
SKU_00606,6,0.8340263855716794
SKU_00957,4,0.4844939284196577
SKU_00231,4,0.995019010510744
SKU_00377,7,0.9888513855940156
SKU_00436,0,0.8464368131917153
SKU_00476,5,0.8320677496317777
SKU_00598,4,0.9929928598621827
SKU_00936,1,0.755354337015967
SKU_00010,7,0.9825765109824857
SKU_00628,6,0.6349204810032827
SKU_00741,4,0.9902782356259228
SKU_00211,0,0.7671500300455922
SKU_00901,1,0.48590148907393127
SKU_00481,5,0.9790760241185924
SKU_00472,5,0.616157165983696
SKU_00032,4,0.962176574304122
SKU_00008,0,0.5203513702034414
SKU_00486,0,0.9276476091621128
SKU_00938,4,0.9826537584174294
SKU_00312,7,0.7473760048027044
SKU_00586,5,0.9048849038094162
SKU_00189,6,0.8521552259321383
SKU_00518,4,0.9959423210797157
SKU_00580,0,0.9905855608135795
SKU_00724,6,0.8603174077172508
SKU_00977,0,0.9505496021988243
SKU_00323,4,0.9466694128664258
SKU_00005,5,0.5789120400776255
SKU_00370,0,0.9844215200966804
SKU_00264,5,0.7881137306496605
SKU_00439,5,0.9148258727310334
SKU_00983,4,0.991697052311795
SKU_00244,2,0.826484427742904
SKU_00458,6,0.9355565584145052
SKU_00640,2,0.49620267207609153
SKU_00497,6,0.808387150019814
SKU_00668,5,0.9974996325911188
SKU_00871,5,0.9863180782476538
SKU_00407,7,0.8884884458341789
SKU_00257,0,0.9956203439288063
SKU_00236,6,0.9523397471789754
SKU_00006,0,0.6065365878931389
SKU_00100,0,0.51492775840336
SKU_00701,4,0.37929578191939134
SKU_00646,0,0.9339703659874071
SKU_00068,0,0.9056414316833848
SKU_00448,5,0.9756383836425004
SKU_00470,2,0.6847354974040922
SKU_00126,5,0.9882036204720424
SKU_00164,6,0.9964110954809133
SKU_00850,5,0.9057007862355201
SKU_00347,5,0.9653838818675015
SKU_00368,0,0.9884767956731129
SKU_00369,6,0.9870468409690195
SKU_00145,4,0.996130132177226
SKU_00563,5,0.4015951060545452
SKU_00898,5,0.4196029498965129
SKU_00930,0,0.9885617404427689
SKU_00952,6,0.9833239308580276
SKU_00356,0,0.9758772026202445
SKU_00726,0,0.9654418218762273
SKU_00576,4,0.9919750168563319
SKU_00794,4,0.6325327463148385
SKU_00424,5,0.775760631694701
SKU_00704,0,0.9225516775956545
SKU_00736,5,0.9274472115714745
SKU_00982,6,0.9744305392657528
SKU_00878,6,0.9566359285684437
SKU_00500,0,0.8457964310754679
SKU_00128,1,0.35975474741849167
SKU_00840,4,0.7543014877444012
SKU_00626,0,0.8398929427018003
SKU_00371,0,0.9409493498856578
SKU_00171,6,0.4773163544680857
SKU_00290,5,0.8762968242825293
SKU_00856,4,0.7326915944240119
SKU_00655,4,0.9967782591172516
SKU_00557,4,0.8984970161617182
SKU_00148,0,0.9091075914210238
SKU_00382,4,0.9996770997181161
SKU_00559,0,0.9959236038614687
SKU_00098,0,0.9689795843665449
SKU_00465,4,0.8572155602476604
SKU_00665,6,0.9457409382018491
SKU_00821,0,0.947308810951048
SKU_00610,0,0.9963437062464141
SKU_00332,0,0.9941786132876118
SKU_00630,5,0.5614766781328533
SKU_00515,0,0.9990872476418662
SKU_00149,6,0.7479213862992681
SKU_00868,6,0.999199707802076
SKU_00044,5,0.7770379280554027
SKU_00205,6,0.5196640898400904
SKU_00772,0,0.9945687037369593
SKU_00621,0,0.9982924197956435
SKU_00634,4,0.9970427069669084
SKU_00925,4,0.566929472493498
SKU_00955,6,0.945255560108088
SKU_00687,4,0.8523579563366837
SKU_00649,6,0.9164335850776844
SKU_00882,4,0.9525829729422362
SKU_00718,0,0.9950103526517108
SKU_00442,0,0.8917806591268422
SKU_00456,4,0.9926188444389453
SKU_00004,6,0.8962095091733843
SKU_00208,6,0.9857647964075318
SKU_00945,6,0.8713637010770688
SKU_00072,4,0.8595404331069626
