sku_id,avg_daily_demand,demand_std,pick_frequency,volume_cu_m
SKU_00678,132.75616438356164,38.50678899148098,119,0.087
SKU_00134,135.72054794520548,38.66272503835236,125,0.184
SKU_00475,127.18356164383562,36.35413052131988,141,0.103
SKU_00971,131.8849315068493,37.90550596162559,140,0.054
SKU_00825,132.4,40.5002916825747,138,0.02
SKU_00412,127.55890410958904,38.076411879966656,127,0.106
SKU_00112,127.9972602739726,38.53901253248165,151,0.152
SKU_00427,134.2,38.275835202377515,134,0.078
SKU_00512,125.33698630136986,34.98891310605719,125,0.023
SKU_00305,119.61643835616438,36.290733134722785,148,0.153
SKU_00313,122.57534246575342,35.380008404907066,119,0.181
SKU_00814,134.38630136986302,39.345627244467444,139,0.092
SKU_00577,126.85753424657534,35.974525166238486,124,0.115
SKU_00150,129.2876712328767,37.43106464330362,121,0.047
SKU_00581,118.98356164383561,32.67320294333793,139,0.174
SKU_00810,117.01369863013699,33.30721679986012,131,0.137
SKU_00799,122.94246575342466,36.52546123020463,145,0.015
SKU_00249,133.8082191780822,39.24579404015083,141,0.088
SKU_00948,131.13972602739727,36.650932628817195,129,0.116
SKU_00228,125.52054794520548,37.46731527591277,161,0.166
SKU_00679,133.2958904109589,38.975409401440984,119,0.155
SKU_00203,126.10684931506849,36.901369613222,142,0.144
SKU_00183,126.34794520547945,36.212847993180674,116,0.089
SKU_00517,136.1260273972603,39.579527770246685,146,0.144
SKU_00324,115.18082191780822,33.92299237111176,127,0.107
SKU_00923,136.66575342465754,39.369942442249865,112,0.16
SKU_00758,122.27397260273973,34.958790603991915,122,0.004
SKU_00245,116.28219178082192,34.84920160241487,149,0.145
SKU_00731,133.4904109589041,40.19305118850313,129,0.041
SKU_00575,113.23561643835616,30.993872887326802,148,0.068
SKU_00943,128.87123287671233,40.62982677818471,157,0.171
SKU_00836,114.65753424657534,32.80303321964071,128,0.195
SKU_00498,110.02465753424657,32.13889747634527,116,0.101
SKU_00648,133.65753424657535,38.156782979045175,117,0.076
SKU_00393,131.4,39.02111291015744,137,0.11
SKU_00446,107.34794520547945,29.99490849463261,137,0.088
SKU_00390,104.14794520547945,29.23643721242569,137,0.104
SKU_00240,109.32054794520548,31.82142376902614,139,0.11
SKU_00710,134.77534246575343,39.899929014857115,139,0.131
SKU_00671,117.92876712328767,34.65870282004432,150,0.078
SKU_00447,138.75342465753425,39.471989241335066,138,0.199
SKU_00308,127.69589041095891,37.32472753099053,145,0.11
SKU_00197,111.65753424657534,33.458609487670174,136,0.047
SKU_00937,109.33698630136986,32.84100687632632,142,0.187
SKU_00869,103.11232876712329,28.721684313106113,147,0.003
SKU_00769,120.59452054794521,35.74067115050759,147,0.079
SKU_00705,98.94246575342466,29.368527661091235,132,0.046
SKU_00627,129.91232876712328,36.44283475152257,140,0.004
SKU_00178,102.67671232876712,29.371897874770042,140,0.097
SKU_00127,109.6027397260274,33.15379568461889,145,0.128
SKU_00384,131.5013698630137,39.91671443800096,134,0.039
SKU_00419,127.63287671232877,38.048725465630696,127,0.043
SKU_00996,102.92328767123287,32.195055079609766,123,0.13
SKU_00120,116.1945205479452,35.62268650830455,134,0.135
SKU_00991,135.0,37.61539023348795,119,0.142
SKU_00070,121.17260273972603,36.97304208115158,143,0.013
SKU_00905,105.32328767123288,31.31854469653367,151,0.07
SKU_00431,122.24383561643836,34.57613428610412,147,0.045
SKU_00795,104.72602739726027,29.91033315603056,128,0.127
SKU_00271,116.54520547945205,33.224779913508385,146,0.077
SKU_00403,113.52876712328766,33.08908006623461,121,0.019
SKU_00378,115.46301369863014,35.10552188355626,122,0.091
SKU_00932,93.83561643835617,27.844354340578338,134,0.148
SKU_00035,115.63835616438357,33.41490187955145,137,0.08
SKU_00891,107.66575342465754,32.27394851147672,132,0.096
SKU_00737,112.62191780821918,32.21228626505415,121,0.15
SKU_00267,129.5150684931507,39.03278303474668,139,0.045
SKU_00139,93.10684931506849,25.122602278937833,129,0.166
SKU_00509,124.91780821917808,37.31156076354172,132,0.003
SKU_00367,100.92602739726027,28.746571832865644,135,0.157
SKU_00207,136.3890410958904,39.95143879749591,127,0.168
SKU_00002,120.2958904109589,36.110181048737125,147,0.159
SKU_00780,125.61917808219178,36.6084894433326,136,0.124
SKU_00748,97.08767123287672,28.69607673727184,138,0.115
SKU_00471,91.56712328767124,26.531735376458258,146,0.099
SKU_00352,134.54246575342466,39.742875226460335,125,0.039
SKU_00614,99.82465753424657,28.629346835472862,122,0.094
SKU_00464,90.16438356164383,26.25268887255724,141,0.044
SKU_00558,113.87671232876713,34.2208989248888,138,0.107
SKU_00745,96.0054794520548,27.429830008381867,141,0.135
SKU_00759,109.18904109589042,32.05301052893612,147,0.004
SKU_00798,123.02191780821917,37.039621815347864,128,0.195
SKU_00645,96.08219178082192,26.977378305495947,130,0.146
SKU_00226,89.1972602739726,26.11354103602792,131,0.093
SKU_00680,103.04109589041096,32.02018523575391,140,0.171
SKU_00574,98.36712328767123,29.68362507294253,111,0.054
SKU_00450,108.28219178082192,32.80042608300774,140,0.134
SKU_00238,129.56712328767122,37.71340761525721,135,0.186
SKU_00094,109.1041095890411,30.77202792870666,135,0.068
SKU_00707,103.74246575342465,29.429921968808735,120,0.165
SKU_00524,98.4958904109589,29.570238780341604,134,0.111
SKU_00435,119.11232876712329,32.78603606370762,123,0.044
SKU_00170,122.82739726027397,35.438157169804285,139,0.179
SKU_00073,102.71232876712328,29.465047020759506,136,0.198
SKU_00137,114.62739726027397,32.96798838748018,124,0.004
SKU_00573,128.41095890410958,38.040693803701714,146,0.05
SKU_00950,133.1917808219178,38.20852902823244,137,0.075
SKU_00719,108.81643835616438,31.220093442086153,145,0.15
SKU_00727,98.97534246575343,29.163934998923015,141,0.126
SKU_00485,88.3945205479452,25.78595265854074,146,0.183
SKU_00513,90.32054794520548,26.28152193658744,135,0.104
SKU_00357,132.15068493150685,37.47463289737893,129,0.121
SKU_00113,97.83835616438355,28.758632866034308,146,0.11
SKU_00752,124.31506849315069,33.385805330880444,142,0.178
SKU_00803,127.52054794520548,36.416964705755596,148,0.083
SKU_00813,84.94520547945206,24.672854244387807,148,0.091
SKU_00118,87.01643835616439,26.223987706599626,134,0.097
SKU_00961,125.76986301369863,36.46376601674651,132,0.051
SKU_00252,90.36164383561643,26.084091769586827,129,0.039
SKU_00480,119.21095890410959,37.43722790777437,121,0.086
SKU_00165,92.52054794520548,26.458400683561692,122,0.103
SKU_00820,96.28493150684932,26.818189616279984,135,0.117
SKU_00052,82.26027397260275,24.399168715156396,148,0.129
SKU_00709,112.05205479452054,32.38657345254339,131,0.056
SKU_00398,99.78082191780823,27.787185052983485,130,0.185
SKU_00541,123.30958904109589,36.15823042652807,119,0.07
SKU_00414,120.53424657534246,34.78169050347747,146,0.001
SKU_00697,125.2027397260274,39.24909872487569,129,0.089
SKU_00872,116.25479452054795,34.06697121514615,138,0.126
SKU_00508,78.59726027397261,22.584991932811224,139,0.143
SKU_00947,82.43561643835616,22.819389828831287,141,0.121
SKU_00221,129.1917808219178,38.812474463988565,139,0.008
SKU_00463,126.95616438356164,37.19658566653168,134,0.086
SKU_00182,78.58082191780822,22.909453022369018,116,0.012
SKU_00355,115.46849315068494,34.19332913506012,151,0.087
SKU_00200,114.48493150684932,32.54106311724064,132,0.136
SKU_00839,115.47945205479452,31.350863418119257,139,0.16
SKU_00771,85.61643835616438,24.833417608879085,138,0.128
SKU_00860,92.43287671232876,26.21747621357716,142,0.096
SKU_00886,111.43561643835616,34.53401480473705,114,0.021
SKU_00065,131.3041095890411,38.254542351692116,125,0.18
SKU_00473,80.28493150684932,24.524173268726617,124,0.158
SKU_00325,98.36438356164383,27.025249538158388,141,0.109
SKU_00568,79.98904109589041,24.417047062754968,154,0.117
SKU_00295,136.93424657534246,40.84083356871384,116,0.026
SKU_00401,77.3917808219178,23.42717118736145,127,0.139
SKU_00774,91.22465753424657,25.25374404198098,136,0.029
SKU_00807,77.4958904109589,21.718557153345227,140,0.091
SKU_00914,127.7068493150685,38.77327846968413,153,0.188
SKU_00647,105.14520547945206,31.560307876636756,131,0.142
SKU_00388,94.6,28.02969383107382,129,0.016
SKU_00903,122.04931506849314,35.15652255025063,119,0.073
SKU_00247,73.2958904109589,21.478972840284314,132,0.042
SKU_00154,70.72328767123288,19.999248066551353,149,0.153
SKU_00549,91.98904109589041,26.48397588115467,123,0.06
SKU_00532,69.9041095890411,20.921073806540775,128,0.157
SKU_00949,116.59726027397261,35.071974553290886,141,0.112
SKU_00396,80.93424657534247,24.52047932581266,144,0.119
SKU_00020,114.02191780821917,34.917556930950916,146,0.021
SKU_00548,133.44931506849315,39.899816585299845,131,0.004
SKU_00489,76.89041095890411,21.76697370011318,152,0.083
SKU_00107,91.21369863013699,27.57653343782332,146,0.071
SKU_00609,96.98082191780821,27.316162031182284,133,0.143
SKU_00462,91.06575342465753,27.478184249769996,133,0.072
SKU_00966,95.09041095890412,26.514562473899087,133,0.125
SKU_00358,71.42465753424658,22.525637291553746,125,0.05
SKU_00970,102.94794520547946,30.72574586040683,132,0.047
SKU_00791,114.78630136986301,34.13609363642942,120,0.073
SKU_00755,82.76986301369863,25.36040591489019,118,0.004
SKU_00631,75.06575342465753,21.884086616236587,128,0.096
SKU_00421,85.36438356164383,24.623569127073598,126,0.002
SKU_00534,86.08767123287672,25.243495219177248,121,0.075
SKU_00720,70.5095890410959,20.69514571461942,116,0.031
SKU_00467,78.2986301369863,22.37311286873158,131,0.075
SKU_00233,133.26027397260273,42.24946433019559,146,0.165
SKU_00688,86.92328767123287,26.28760268825571,131,0.038
SKU_00336,76.91232876712328,22.401137782656253,127,0.136
SKU_00510,105.63013698630137,30.93786170809312,114,0.082
SKU_00781,121.04109589041096,33.26493647665243,126,0.127
SKU_00824,120.59726027397261,35.68666283867398,113,0.148
SKU_00420,81.3945205479452,23.82636301009294,156,0.188
SKU_00847,63.87123287671233,18.355385767197923,158,0.188
SKU_00551,76.46849315068494,21.57626950355878,135,0.083
SKU_00662,107.2986301369863,31.78552997357033,134,0.086
SKU_00119,118.27397260273973,35.460882438976306,141,0.18
SKU_00953,70.58356164383562,21.8565943835968,133,0.188
SKU_00789,67.41643835616438,19.63126440718729,136,0.19
SKU_00438,89.3013698630137,27.104136241817844,136,0.149
SKU_00204,103.18082191780822,31.58261735674886,149,0.113
SKU_00494,136.16164383561645,40.141147362477,157,0.107
SKU_00321,88.83013698630137,26.8120989425755,125,0.112
SKU_00453,68.2986301369863,20.581281458402167,144,0.131
SKU_00337,90.4,28.226789550915033,138,0.125
SKU_00700,114.96712328767123,35.343821657245186,123,0.087
SKU_00104,67.5068493150685,21.06265071532552,118,0.084
SKU_00716,72.88767123287671,21.345045653676856,141,0.197
SKU_00661,61.97808219178082,18.08343184522557,141,0.117
SKU_00894,90.57534246575342,27.457118318928664,130,0.063
SKU_00176,87.81095890410958,24.96249693437854,141,0.099
SKU_00187,109.24931506849315,31.00603948297317,127,0.078
SKU_00815,116.09041095890412,35.04095000179718,118,0.137
SKU_00831,132.77534246575343,36.007919538020694,118,0.124
SKU_00725,71.86027397260274,21.391168068932174,126,0.178
SKU_00359,104.84383561643835,30.07555041059724,119,0.072
SKU_00595,126.69315068493151,37.188029537340235,121,0.196
SKU_00523,69.8027397260274,21.23273683142143,151,0.089
SKU_00802,102.18082191780822,29.029166166694914,122,0.162
SKU_00766,78.58904109589041,21.454293107890887,119,0.188
SKU_00086,80.04657534246576,23.09275421653801,125,0.056
SKU_00884,74.67671232876712,22.247968919199256,126,0.197
SKU_00723,79.58082191780822,22.41411359687427,153,0.054
SKU_00972,79.41095890410959,24.21800915609229,115,0.111
SKU_00076,76.24657534246575,23.163288511523408,147,0.131
SKU_00851,77.18356164383562,23.264526442129593,124,0.088
SKU_00196,80.0986301369863,23.89321765201731,149,0.151
SKU_00876,79.36438356164383,24.388935125498467,124,0.074
SKU_00797,100.83835616438355,30.367233236388813,128,0.129
SKU_00686,100.4876712328767,29.310163753078466,144,0.078
SKU_00093,101.12054794520547,30.24182279315813,138,0.19
SKU_00242,62.28493150684932,19.668290925271574,130,0.118
SKU_00186,70.36986301369863,19.09080876696391,155,0.198
SKU_00633,108.52602739726028,31.94814663577197,152,0.149
SKU_00862,108.9013698630137,30.7228147192305,127,0.189
SKU_00074,79.28219178082192,23.330634382232397,120,0.049
SKU_00535,60.67123287671233,18.89419266158209,134,0.055
SKU_00276,70.78630136986301,20.280812367692327,130,0.104
SKU_00861,122.10958904109589,35.483381671292946,124,0.012
SKU_00490,122.83013698630137,36.22030684199728,132,0.175
SKU_00554,62.68219178082192,18.021136418668565,167,0.098
SKU_00444,67.67123287671232,19.74720372089479,120,0.164
SKU_00981,71.74794520547945,20.27332539112839,126,0.118
SKU_00364,58.42739726027397,17.01319187799472,159,0.042
SKU_00501,101.01643835616439,31.3586967348169,126,0.041
SKU_00838,94.87123287671233,26.90116974994582,136,0.076
SKU_00399,73.02191780821917,21.653225063545783,146,0.015
SKU_00915,124.75890410958904,36.14708899416063,137,0.004
SKU_00258,94.91780821917808,29.40404090523145,133,0.122
SKU_00136,105.05479452054794,31.836416709053413,125,0.044
SKU_00778,76.40547945205479,21.534153108792097,132,0.076
SKU_00804,127.76712328767124,37.96054941326233,136,0.042
SKU_00017,101.98356164383561,29.0685010108211,133,0.165
SKU_00543,81.1041095890411,23.53767402377505,136,0.159
SKU_00890,74.31506849315069,21.074225646567385,142,0.032
SKU_00749,86.0986301369863,26.429693659017854,126,0.062
SKU_00474,100.35890410958905,30.120088563273846,127,0.08
SKU_00695,86.37260273972603,24.63231405450293,133,0.117
SKU_00823,133.7013698630137,38.34174156803473,140,0.017
SKU_00191,59.608219178082194,17.013809464058962,124,0.181
SKU_00048,97.52054794520548,27.223590685448176,137,0.067
SKU_00159,71.45479452054795,21.588974095562556,139,0.076
SKU_00976,88.40547945205479,25.704469457915298,125,0.19
SKU_00027,101.97260273972603,29.71040286729219,123,0.007
SKU_00437,63.794520547945204,18.40550480850114,140,0.1
SKU_00116,66.14794520547945,19.011275641982856,164,0.113
SKU_00683,78.15616438356165,22.94080405613838,135,0.062
SKU_00296,66.46849315068494,19.623019090284576,141,0.17
SKU_00302,96.79178082191781,28.326402826597754,131,0.133
SKU_00081,81.35068493150685,25.335068446935317,141,0.145
SKU_00055,55.47945205479452,17.304250247323857,139,0.133
SKU_00054,87.04657534246576,26.485544897438423,156,0.114
SKU_00692,102.65205479452055,30.46484241734191,146,0.145
SKU_00913,123.68219178082192,37.97841833093052,147,0.153
SKU_00739,134.4986301369863,38.91153849166915,135,0.142
SKU_00717,53.12876712328767,15.827794785173127,124,0.158
SKU_00939,88.93972602739726,27.033590926591145,131,0.057
SKU_00363,94.0986301369863,26.813173801829425,133,0.015
SKU_00968,90.82465753424657,25.711350920553897,165,0.012
SKU_00921,102.67397260273972,29.7935295514163,124,0.132
SKU_00408,55.45479452054794,15.438152407319274,143,0.113
SKU_00525,107.13150684931507,33.065689185235456,147,0.052
SKU_00989,62.07123287671233,18.520566823233587,145,0.187
SKU_00738,112.44931506849315,33.72995181222252,128,0.163
SKU_00956,98.52602739726028,28.898600803600154,152,0.146
SKU_00521,130.93698630136987,36.968190613908824,136,0.003
SKU_00691,116.79178082191781,34.76918299450932,119,0.174
SKU_00162,80.5095890410959,23.81909938914084,127,0.01
SKU_00788,107.1917808219178,30.43848847448196,130,0.101
SKU_00993,83.74794520547945,23.684905644346667,139,0.135
SKU_00677,123.52328767123288,39.01208083017347,132,0.121
SKU_00315,71.73424657534247,19.709234038074765,135,0.157
SKU_00817,123.33698630136986,36.42354444303531,141,0.128
SKU_00248,51.02191780821918,14.797704070647455,145,0.003
SKU_00188,91.8958904109589,27.71668100876804,148,0.115
SKU_00865,89.22739726027397,25.799636147627993,128,0.106
SKU_00415,108.01917808219179,32.61896509605997,124,0.036
SKU_00516,130.13150684931506,36.58880840087165,136,0.15
SKU_00578,98.73424657534247,26.825403221870797,144,0.197
SKU_00129,96.11232876712329,25.529685076620016,140,0.082
SKU_00533,86.98082191780821,25.910924429998655,134,0.127
SKU_00275,96.11780821917809,26.735576076642378,138,0.055
SKU_00742,63.73698630136986,20.297563235774174,141,0.181
SKU_00423,96.03561643835616,28.358601278022938,145,0.125
SKU_00078,132.22465753424657,38.98074961933314,148,0.113
SKU_00160,128.96438356164384,38.146210078708485,158,0.111
SKU_00504,69.18904109589042,20.874688664150884,134,0.094
SKU_00270,59.51780821917808,16.91487529282763,130,0.031
SKU_00994,130.23835616438356,37.91018387249559,137,0.153
SKU_00488,49.56164383561644,15.070335373819391,115,0.158
SKU_00277,71.7068493150685,21.909380854819183,131,0.055
SKU_00103,91.26849315068493,27.54375578263208,117,0.01
SKU_00461,73.33698630136986,21.219389762235863,124,0.182
SKU_00303,74.03835616438356,21.5661175426132,147,0.032
SKU_00034,49.25205479452055,14.351437780606371,127,0.009
SKU_00848,93.43835616438356,28.79111312701504,140,0.155
SKU_00998,49.43013698630137,14.718929698340814,112,0.134
SKU_00274,92.57534246575342,26.46442657327333,137,0.005
SKU_00348,122.64931506849315,35.96858795650067,129,0.033
SKU_00793,76.21917808219177,22.19175087763249,132,0.023
SKU_00732,68.61369863013698,20.58822689201958,150,0.103
SKU_00570,89.88493150684931,25.944740893079523,131,0.043
SKU_00623,94.67945205479452,28.59856178136702,130,0.097
SKU_00255,83.89315068493151,25.212003991465913,133,0.128
SKU_00612,73.22191780821917,22.44143933905779,135,0.14
SKU_00751,48.18356164383562,14.179452453999334,162,0.192
SKU_00674,110.53972602739726,33.197406308912456,118,0.079
SKU_00219,53.33150684931507,16.529434923100485,137,0.06
SKU_00263,86.27397260273973,26.063458206473037,149,0.026
SKU_00978,91.02191780821917,25.319921393812237,148,0.122
SKU_00545,122.61917808219178,35.39650079532386,132,0.07
SKU_00043,48.52876712328767,14.388730704201699,125,0.016
SKU_00417,132.73424657534247,37.90746475813946,134,0.09
SKU_00999,98.67397260273972,29.07720883201801,152,0.094
SKU_00863,100.4876712328767,30.574948200676204,136,0.016
SKU_00268,117.66849315068494,35.076011952350136,132,0.153
SKU_00125,103.38356164383562,30.700981718645973,138,0.132
SKU_00714,124.4,37.141162260569224,134,0.165
SKU_00560,62.87123287671233,18.187284830886526,115,0.06
SKU_00338,91.8958904109589,27.574576393566954,142,0.064
SKU_00194,127.0986301369863,38.009847238963076,155,0.006
SKU_00039,99.43561643835616,29.685889319466934,135,0.045
SKU_00564,122.5095890410959,35.188316634614694,127,0.147
SKU_00246,101.11780821917809,29.840783281128033,122,0.041
SKU_00499,44.29041095890411,13.314580997475705,135,0.157
SKU_00786,73.20821917808219,21.40582334129805,124,0.093
SKU_00395,45.35068493150685,13.86642640059026,138,0.03
SKU_00089,90.26849315068493,26.099960405386206,130,0.181
SKU_00484,73.62465753424658,21.96485567540077,123,0.173
SKU_00304,58.19178082191781,16.56394330990684,150,0.025
SKU_00607,116.53150684931506,33.587956030481884,112,0.177
SKU_00161,67.34246575342466,19.787899495166965,143,0.161
SKU_00217,57.136986301369866,16.28161765029051,146,0.042
SKU_00174,65.12328767123287,19.20332589488758,123,0.198
SKU_00365,109.15890410958905,31.07818850888075,111,0.077
SKU_00910,68.25479452054795,20.635860717542563,151,0.01
SKU_00502,130.813698630137,41.2292349168888,149,0.118
SKU_00639,109.72602739726027,31.516723396961314,120,0.198
SKU_00343,94.30958904109589,27.80416288493051,152,0.187
SKU_00553,74.44109589041096,21.72910032637169,123,0.078
SKU_00990,51.69041095890411,14.916619579040464,137,0.076
SKU_00069,41.11780821917808,12.538066679596996,116,0.095
SKU_00153,85.53150684931506,22.38995602865098,153,0.192
SKU_00857,85.63835616438357,24.847129480972765,131,0.158
SKU_00003,67.85479452054794,20.228862534061275,138,0.151
SKU_00085,124.0027397260274,35.22287738635759,132,0.064
SKU_00657,110.6054794520548,33.92668197912819,116,0.127
SKU_00195,115.75342465753425,33.98083688385869,130,0.168
SKU_00853,44.345205479452055,13.520284324419984,138,0.134
SKU_00785,43.8986301369863,12.646422561848295,121,0.172
SKU_00376,47.87123287671233,13.638075734485989,141,0.183
SKU_00451,69.8082191780822,20.490454447579047,135,0.14
SKU_00122,124.78356164383561,36.90401499084724,142,0.199
SKU_00045,59.26849315068493,17.100839230678027,153,0.074
SKU_00106,96.65205479452055,27.854350921744974,125,0.152
SKU_00906,48.68767123287671,13.730370055815579,126,0.11
SKU_00684,41.72054794520548,12.014814103459498,128,0.084
SKU_00157,51.57808219178082,15.438554622741728,136,0.167
SKU_00618,48.25479452054795,13.634082224457444,139,0.058
SKU_00452,92.59726027397261,26.924181156254654,125,0.042
SKU_00547,57.49041095890411,17.034484774537372,161,0.083
SKU_00102,123.85753424657534,35.80950023513549,134,0.047
SKU_00526,91.93698630136986,27.389415552349096,116,0.149
SKU_00660,108.04657534246576,30.45074424013247,132,0.011
SKU_00572,96.47671232876712,27.81152480966201,125,0.034
SKU_00743,76.16712328767123,21.77070856258881,142,0.187
SKU_00896,126.37260273972603,35.61968394989844,120,0.036
SKU_00756,61.553424657534244,17.90268322169064,145,0.017
SKU_00566,95.84109589041095,27.836491957680483,127,0.025
SKU_00849,63.41917808219178,18.51349862102586,139,0.026
SKU_00734,104.54246575342465,31.589946228105035,116,0.088
SKU_00373,54.47397260273973,16.55236468778672,118,0.198
SKU_00341,77.35342465753425,20.958449751514387,161,0.015
SKU_00917,38.75068493150685,11.193393892706178,125,0.095
SKU_00685,65.77808219178083,19.603418675946166,136,0.143
SKU_00567,83.75616438356164,24.355612810141285,111,0.127
SKU_00675,36.84931506849315,11.325444503899114,146,0.033
SKU_00082,110.72876712328767,29.967388316081703,120,0.124
SKU_00138,99.27945205479452,29.32310981000653,127,0.004
SKU_00584,56.12876712328767,16.30571159498096,129,0.151
SKU_00024,78.1917808219178,22.55058875370311,134,0.168
SKU_00279,45.16986301369863,13.861904124982045,136,0.097
SKU_00596,53.41095890410959,15.604341830660047,137,0.103
SKU_00012,43.827397260273976,12.801326986009682,124,0.094
SKU_00986,52.032876712328765,15.877761547420228,122,0.152
SKU_00529,42.010958904109586,12.93304356430531,144,0.166
SKU_00115,41.06849315068493,12.182595186183445,152,0.092
SKU_00025,45.38356164383562,14.001403125317326,156,0.142
SKU_00843,36.93698630136986,11.272785312196229,144,0.044
SKU_00229,56.85479452054795,17.21066179500217,126,0.01
SKU_00232,62.12602739726027,17.426943483441722,105,0.071
SKU_00455,72.15616438356165,19.994374114651357,130,0.011
SKU_00050,36.92328767123288,11.147099861191233,134,0.148
SKU_00091,49.78082191780822,14.754256766411126,141,0.129
SKU_00344,86.78356164383561,24.810263593673024,134,0.17
SKU_00018,80.98630136986301,22.466515469171227,121,0.157
SKU_00765,61.03013698630137,18.040908070054915,134,0.002
SKU_00651,65.5068493150685,19.613941055464405,149,0.071
SKU_00261,35.74794520547945,9.945291414316147,128,0.051
SKU_00051,44.87671232876713,13.465406639782927,144,0.045
SKU_00506,38.21369863013699,10.972159011355302,136,0.043
SKU_00062,42.20821917808219,12.275027734628337,135,0.059
SKU_00375,107.5041095890411,31.28437642561546,127,0.188
SKU_00144,119.01095890410959,34.91433614696797,133,0.191
SKU_00624,55.16986301369863,16.371164385370754,140,0.004
SKU_00918,44.12876712328767,13.642909435726805,143,0.132
SKU_00349,54.441095890410956,15.792088675339647,161,0.038
SKU_00904,80.73150684931507,23.080466484946303,135,0.039
SKU_00611,41.83561643835616,12.140900923617314,140,0.147
SKU_00289,56.43561643835616,15.917518943071036,141,0.09
SKU_00522,35.41917808219178,10.40378018701558,123,0.185
SKU_00768,97.43561643835616,28.52643544491909,123,0.081
SKU_00061,123.36712328767123,35.65373789720304,138,0.122
SKU_00808,74.44383561643835,21.144070079654576,150,0.19
SKU_00954,78.86575342465754,22.900550758637305,119,0.179
SKU_00538,72.28493150684932,21.787457774434504,142,0.181
SKU_00673,63.14794520547945,18.269804169519542,145,0.07
SKU_00740,72.12328767123287,22.034903135582194,142,0.193
SKU_00095,66.45205479452055,20.159965424847712,142,0.145
SKU_00394,96.77260273972603,28.310393289517116,129,0.138
SKU_00569,94.2958904109589,26.7819873366829,123,0.025
SKU_00457,69.69589041095891,19.721219385572766,140,0.007
SKU_00931,40.26027397260274,11.454193767777264,130,0.103
SKU_00280,36.61917808219178,11.157226228986888,124,0.073
SKU_00361,51.11780821917808,14.995597728228605,136,0.067
SKU_00310,74.61917808219178,22.17005118740741,123,0.097
SKU_00909,84.36438356164383,23.843845070889092,116,0.041
SKU_00329,127.3972602739726,37.31523704266399,138,0.025
SKU_00496,55.99178082191781,16.865741281153884,133,0.157
SKU_00907,92.07397260273973,28.03858226513618,130,0.198
SKU_00964,109.26301369863013,32.05672987772007,133,0.118
SKU_00088,35.26575342465753,10.54206929634423,131,0.106
SKU_00272,36.51780821917808,10.781436815113459,140,0.083
SKU_00822,92.13424657534246,27.42494362330087,133,0.129
SKU_00416,104.65753424657534,30.607412724429643,160,0.024
SKU_00301,57.14794520547945,17.223323931510347,147,0.043
SKU_00432,49.52876712328767,14.037718806843777,128,0.145
SKU_00216,94.18356164383562,28.69423408452342,137,0.109
SKU_00877,46.728767123287675,13.716532491330643,140,0.071
SKU_00184,118.13424657534246,32.71490326103064,147,0.056
SKU_00879,133.42465753424656,41.01725642216488,128,0.195
SKU_00140,31.457534246575342,9.078805135840621,118,0.147
SKU_00483,48.57534246575342,13.864649696794098,125,0.067
SKU_00552,53.49589041095891,16.401826137576826,151,0.145
SKU_00108,127.16986301369863,35.78689475938984,122,0.19
SKU_00537,117.37260273972603,35.460600564329944,140,0.064
SKU_00067,36.69315068493151,10.928040462160451,140,0.188
SKU_00131,131.46575342465752,37.46444548633245,131,0.105
SKU_00544,48.28493150684932,15.553025846312506,159,0.177
SKU_00666,119.76712328767124,34.73451926024384,157,0.136
SKU_00527,104.57534246575342,30.3808779001536,159,0.016
SKU_00322,45.71780821917808,12.902629241233953,130,0.101
SKU_00911,110.8054794520548,30.829787447677077,109,0.026
SKU_00873,71.16438356164383,22.54568847127284,157,0.045
SKU_00561,133.0109589041096,40.83987615025405,129,0.109
SKU_00962,118.75068493150685,31.949578765936657,139,0.104
SKU_00224,108.61917808219178,32.66311836797579,129,0.06
SKU_00327,48.156164383561645,13.866524104552457,144,0.062
SKU_00173,126.71506849315068,37.0302952570219,125,0.032
SKU_00591,45.178082191780824,13.53743534250734,148,0.14
SKU_00829,64.7095890410959,18.747982780745566,134,0.047
SKU_00410,88.66575342465754,26.164380089894784,152,0.135
SKU_00941,51.99452054794521,14.681227177303066,138,0.171
SKU_00540,30.068493150684933,8.928791507147672,118,0.166
SKU_00381,41.24383561643835,13.169155044583853,125,0.11
SKU_00155,116.76712328767124,36.42240002861765,148,0.171
SKU_00210,51.846575342465755,16.75726906557879,149,0.181
SKU_00169,48.24383561643835,13.858517695632411,124,0.081
SKU_00227,72.13150684931507,20.388916919805407,130,0.02
SKU_00826,80.88219178082191,23.491168216882865,122,0.119
SKU_00638,102.88767123287671,29.007975150106553,142,0.103
SKU_00835,67.72602739726027,20.059978932677552,133,0.101
SKU_00307,86.21095890410959,24.636966115021167,148,0.088
SKU_00141,112.05753424657534,31.83291681270279,135,0.072
SKU_00185,42.602739726027394,12.696088051598391,144,0.125
SKU_00536,33.054794520547944,9.65630581844374,147,0.047
SKU_00251,70.88767123287671,20.924274412075434,149,0.011
SKU_00550,52.40821917808219,16.096734989259975,149,0.092
SKU_00234,134.46575342465752,39.17223246736767,137,0.104
SKU_00426,60.84931506849315,18.88475112568421,128,0.126
SKU_00594,30.073972602739726,9.179378875376516,127,0.088
SKU_00608,53.797260273972604,16.1635695774253,134,0.045
SKU_00328,63.37260273972603,18.951305880618378,132,0.097
SKU_00992,95.77260273972603,29.407992392524573,121,0.096
SKU_00880,112.6082191780822,32.82985505312155,114,0.035
SKU_00007,30.7013698630137,9.126770385999611,122,0.026
SKU_00314,32.11506849315069,9.45770909510931,117,0.004
SKU_00935,95.35616438356165,27.981827827079684,131,0.081
SKU_00146,42.73698630136986,12.428780704227094,134,0.079
SKU_00041,53.06575342465754,16.02937052895148,131,0.172
SKU_00690,78.58904109589041,24.54656687821228,129,0.172
SKU_00929,97.18082191780822,30.17076243511262,130,0.178
SKU_00845,62.032876712328765,18.309578760695175,123,0.121
SKU_00699,53.41917808219178,15.069332965526108,136,0.192
SKU_00059,78.44383561643835,23.270984777193604,140,0.11
SKU_00733,48.49041095890411,14.25100887486665,153,0.148
SKU_00635,56.967123287671235,16.130444006432306,126,0.11
SKU_00385,32.11506849315069,9.532357722268705,131,0.117
SKU_00172,48.85753424657534,14.408730543714752,119,0.18
SKU_00800,35.23013698630137,10.470873848777249,120,0.111
SKU_00256,26.73972602739726,8.02747239867855,125,0.084
SKU_00026,123.35616438356165,35.737662077171926,147,0.19
SKU_00362,53.75342465753425,15.960270748341944,170,0.136
SKU_00702,73.22191780821917,22.12669715708014,132,0.107
SKU_00721,131.46301369863014,38.71971523701497,132,0.044
SKU_00036,81.42739726027398,23.682963577464893,123,0.153
SKU_00762,98.63287671232877,28.64191606217678,130,0.062
SKU_00615,26.81917808219178,7.765460607296532,119,0.175
SKU_00652,41.846575342465755,11.804195591787288,121,0.186
SKU_00402,49.04657534246575,14.6969579175661,141,0.092
SKU_00360,62.701369863013696,17.368220419372335,129,0.018
SKU_00763,32.78904109589041,9.997631060667798,137,0.027
SKU_00713,59.13972602739726,17.27761954921367,113,0.156
SKU_00180,71.65479452054795,20.886697493122256,111,0.019
SKU_00744,102.3890410958904,30.404631848029997,128,0.16
SKU_00783,69.64931506849315,21.112799638975265,127,0.089
SKU_00015,128.81643835616438,35.79216185028795,154,0.01
SKU_00658,36.83835616438356,10.589423374304712,127,0.02
SKU_00342,133.55068493150685,39.34834261868307,120,0.063
SKU_00198,26.912328767123288,7.969584095851294,117,0.191
SKU_00920,26.794520547945204,7.648455464472663,135,0.138
SKU_00269,79.33698630136986,24.138994869510462,123,0.109
SKU_00397,54.61095890410959,17.36808651012055,138,0.035
SKU_00495,65.87671232876713,19.00198457353736,142,0.03
SKU_00689,121.78630136986301,37.3595292692055,131,0.12
SKU_00293,64.03287671232877,18.954080244384908,150,0.161
SKU_00142,47.0986301369863,14.778441503864839,135,0.14
SKU_00016,76.23561643835616,22.27609822568056,132,0.134
SKU_00893,59.43835616438356,17.38414262691143,125,0.061
SKU_00406,58.446575342465756,16.692945162090332,134,0.141
SKU_00477,41.62465753424657,11.973365368507705,149,0.198
SKU_00643,70.23561643835616,20.364382353601727,144,0.09
SKU_00404,71.58904109589041,22.260715172968784,156,0.111
SKU_00143,74.13424657534246,22.55959275006805,135,0.08
SKU_00777,32.1945205479452,9.637265845147374,147,0.174
SKU_00796,24.145205479452056,7.462599808743897,137,0.012
SKU_00469,23.495890410958904,6.815311590519486,132,0.177
SKU_00225,90.69589041095891,26.496902360714405,133,0.176
SKU_00505,135.94246575342467,40.6201849819679,147,0.007
SKU_00105,89.16164383561645,24.40880442697095,122,0.061
SKU_00386,77.89041095890411,22.20630147908695,137,0.042
SKU_00092,28.77260273972603,8.601067852722437,142,0.162
SKU_00761,69.9945205479452,19.858011714010516,139,0.142
SKU_00852,102.43013698630136,28.861714083130018,124,0.08
SKU_00340,44.45753424657534,14.216206486626096,134,0.101
SKU_00979,36.45479452054794,11.190471823910205,129,0.185
SKU_00585,88.88493150684931,27.633749030913968,128,0.042
SKU_00250,72.66575342465754,20.36704553267955,134,0.177
SKU_00663,89.05205479452054,26.624681340449964,154,0.11
SKU_00963,55.6,16.363286432044863,128,0.105
SKU_00175,120.79178082191781,35.962594094666834,125,0.191
SKU_00632,42.00547945205479,12.58902245516455,130,0.037
SKU_00842,116.83835616438355,34.72329644448667,130,0.041
SKU_00881,31.56986301369863,8.874811326449944,143,0.18
SKU_00819,62.73698630136986,18.617664916326788,137,0.176
SKU_00801,135.413698630137,42.157818728723036,128,0.15
SKU_00605,46.1945205479452,13.69218003346964,129,0.135
SKU_00064,75.14246575342466,22.246656236018442,149,0.031
SKU_00984,28.994520547945207,8.103721340436769,154,0.141
SKU_00000,55.61643835616438,15.491782771317487,127,0.146
SKU_00757,39.61643835616438,11.464985079983274,131,0.063
SKU_00912,33.73424657534247,10.105653667028916,170,0.113
SKU_00670,116.46027397260274,35.416465484252626,117,0.143
SKU_00046,66.17808219178082,19.493125349013322,113,0.037
SKU_00033,21.605479452054794,6.3204684590204465,137,0.176
SKU_00309,76.55068493150685,22.175889808873375,129,0.063
SKU_00693,84.92876712328767,24.659446841540948,123,0.149
SKU_00855,102.85753424657534,29.21362168074262,119,0.062
SKU_00597,116.72602739726027,32.17306406736487,136,0.024
SKU_00698,129.71506849315068,37.325578505607474,155,0.091
SKU_00124,87.57260273972602,27.756957648082846,146,0.079
SKU_00266,29.293150684931508,8.422502707574505,138,0.082
SKU_00298,32.02465753424657,9.885161774231353,141,0.007
SKU_00110,69.58904109589041,20.8320307686531,146,0.125
SKU_00779,31.416438356164385,9.464320124114128,130,0.075
SKU_00642,92.55616438356165,29.03692697419568,136,0.01
SKU_00212,30.553424657534247,9.609720384946844,162,0.081
SKU_00507,24.55890410958904,7.636304188078655,131,0.057
SKU_00583,60.084931506849315,17.398241600180818,155,0.083
SKU_00075,27.698630136986303,8.250349528904167,165,0.107
SKU_00816,33.35890410958904,9.32059983119688,129,0.182
SKU_00934,112.47123287671234,33.52934371501111,134,0.174
SKU_00023,53.652054794520545,15.812153741064348,146,0.182
SKU_00167,102.69589041095891,28.99067886557431,126,0.052
SKU_00589,122.13424657534246,36.2571107810838,137,0.005
SKU_00987,44.0,13.046409130821836,136,0.103
SKU_00637,78.7095890410959,21.705016412525726,143,0.091
SKU_00389,23.78082191780822,7.024381743828764,120,0.121
SKU_00213,84.21917808219177,24.488193261502673,132,0.153
SKU_00430,127.83835616438355,39.24008459532957,136,0.188
SKU_00951,28.553424657534247,8.478189247111082,134,0.157
SKU_00579,72.5013698630137,22.759568046840425,129,0.084
SKU_00478,19.276712328767122,5.86549138278486,129,0.059
SKU_00286,40.66849315068493,12.27264532497446,126,0.142
SKU_00659,33.24383561643835,9.687323005137722,119,0.022
SKU_00282,49.04931506849315,14.356442855131538,111,0.127
SKU_00980,55.28493150684932,16.386838655089427,142,0.157
SKU_00511,44.846575342465755,12.909597781799855,145,0.185
SKU_00177,48.88219178082192,14.32529598552885,147,0.103
SKU_00582,37.53150684931507,11.576654187359859,150,0.136
SKU_00944,88.61369863013698,25.53141415071443,120,0.099
SKU_00600,104.7095890410959,31.142494925989205,139,0.155
SKU_00223,49.345205479452055,13.627753689832353,126,0.074
SKU_00806,19.21917808219178,5.921757645185209,149,0.116
SKU_00747,33.0027397260274,10.37868129582526,128,0.094
SKU_00022,60.43013698630137,17.02466443595902,124,0.049
SKU_00622,48.00547945205479,14.479047863584741,138,0.082
SKU_00629,69.66027397260274,21.05643085008741,152,0.042
SKU_00556,126.87945205479453,41.01951746285839,153,0.148
SKU_00531,17.624657534246577,5.467078815533223,129,0.162
SKU_00235,24.542465753424658,7.224536903068351,131,0.093
SKU_00317,98.0931506849315,30.098228968228923,122,0.16
SKU_00946,122.72054794520548,35.45990987707299,125,0.181
SKU_00715,18.405479452054795,5.628125271255497,133,0.093
SKU_00215,73.3972602739726,20.67244524659045,156,0.178
SKU_00942,26.435616438356163,7.559968491253125,141,0.034
SKU_00703,123.24109589041096,37.17366370861235,145,0.128
SKU_00885,91.06301369863014,27.404857929670364,129,0.055
SKU_00482,36.87945205479452,11.314035809221124,151,0.16
SKU_00158,68.59178082191781,20.013194503565447,146,0.157
SKU_00892,20.15890410958904,5.749052373333298,150,0.156
SKU_00997,115.26027397260275,35.1543798551711,127,0.046
SKU_00130,39.487671232876714,11.698970852707262,141,0.191
SKU_00902,88.87671232876713,24.821752028753092,158,0.057
SKU_00870,44.25205479452055,13.210345071952734,132,0.032
SKU_00319,64.84931506849315,19.003665951192808,152,0.169
SKU_00625,44.00547945205479,13.068709908951593,127,0.083
SKU_00418,24.145205479452056,6.986506639683637,135,0.123
SKU_00049,83.57534246575342,26.02498683546719,133,0.069
SKU_00927,29.068493150684933,9.319023387619081,144,0.103
SKU_00866,97.3945205479452,28.318207023291556,122,0.197
SKU_00811,18.627397260273973,5.551785681300328,136,0.006
SKU_00445,16.12876712328767,4.838873025525455,137,0.103
SKU_00326,28.304109589041097,8.121543023764543,121,0.086
SKU_00350,31.224657534246575,9.509044000751029,132,0.005
SKU_00887,63.88219178082192,17.89698346540336,143,0.166
SKU_00958,91.28219178082192,26.83598608266617,114,0.068
SKU_00730,90.9013698630137,26.356727007689756,127,0.086
SKU_00973,70.86849315068493,21.116480183982592,116,0.041
SKU_00636,28.83013698630137,8.27339647707624,120,0.196
SKU_00767,17.378082191780823,5.229834284332301,142,0.084
SKU_00380,123.89041095890411,34.731925350704536,134,0.022
SKU_00413,26.375342465753423,7.933372632411933,139,0.051
SKU_00366,15.46027397260274,4.770753958372434,127,0.196
SKU_00604,117.84931506849315,34.31739027998024,111,0.172
SKU_00405,16.63013698630137,5.10146189270503,127,0.129
SKU_00262,101.14246575342466,29.82709291777082,139,0.055
SKU_00519,95.88219178082191,27.208289695420646,132,0.09
SKU_00097,34.87123287671233,10.059841273244437,140,0.013
SKU_00479,27.827397260273973,8.366620956462254,145,0.154
SKU_00087,23.186301369863013,6.984152293626985,127,0.196
SKU_00316,35.45753424657534,10.342831007225064,146,0.026
SKU_00787,35.556164383561644,10.86810266685494,136,0.188
SKU_00790,92.36164383561643,26.4101349496668,135,0.167
SKU_00588,108.01369863013699,32.88094288852729,146,0.116
SKU_00729,85.15068493150685,24.79325016310809,150,0.157
SKU_00028,23.687671232876713,7.2990279573642125,119,0.148
SKU_00644,111.97260273972603,32.35193346581261,159,0.015
SKU_00493,72.64931506849315,21.13984781729451,149,0.1
SKU_00135,43.534246575342465,12.693212463019016,136,0.036
SKU_00555,35.323287671232876,10.441602658816324,139,0.086
SKU_00011,14.027397260273972,4.266443956190113,130,0.137
SKU_00156,20.85753424657534,5.953250054470183,129,0.121
SKU_00206,130.83561643835617,38.354768783345655,139,0.066
SKU_00084,44.8027397260274,12.92346418493178,138,0.17
SKU_00520,23.263013698630136,6.5580147016254,124,0.161
SKU_00546,114.98356164383561,34.141910589602524,99,0.093
SKU_00133,40.37808219178082,12.039749260095618,128,0.092
SKU_00784,73.77260273972603,21.325455950666992,135,0.099
SKU_00294,102.26849315068493,30.042720849148658,145,0.025
SKU_00425,24.8,7.364228957050973,117,0.011
SKU_00975,50.775342465753425,14.978150577801523,139,0.048
SKU_00653,17.945205479452056,5.646379786790223,156,0.076
SKU_00900,63.41917808219178,18.628884708335118,178,0.08
SKU_00123,114.63013698630137,33.49016045809062,147,0.106
SKU_00587,99.3890410958904,28.682266420996257,132,0.11
SKU_00047,25.663013698630138,7.436092314828197,149,0.088
SKU_00590,91.82465753424657,27.604286679480488,139,0.189
SKU_00985,26.85753424657534,8.039837585974697,140,0.123
SKU_00422,132.19452054794522,38.57087058656066,122,0.155
SKU_00967,44.10958904109589,12.623196905117751,136,0.12
SKU_00372,125.27123287671233,37.59983589312758,140,0.121
SKU_00218,19.895890410958906,6.114305832401012,140,0.052
SKU_00330,36.55068493150685,11.080414402033384,132,0.192
SKU_00750,106.34520547945205,31.03031591517517,141,0.064
SKU_00562,90.00821917808219,25.42900996193398,139,0.07
SKU_00346,19.797260273972604,6.058550687196075,144,0.126
SKU_00014,67.02191780821917,20.42379461368034,149,0.018
SKU_00297,57.10958904109589,17.06963891337034,127,0.07
SKU_00283,124.26575342465753,34.684655612230515,123,0.027
SKU_00038,18.076712328767123,5.519160445091839,120,0.054
SKU_00919,83.58904109589041,26.27037964334449,159,0.112
SKU_00353,72.2931506849315,20.20252084672595,126,0.083
SKU_00676,103.02739726027397,29.283838603775493,122,0.052
SKU_00805,16.424657534246574,5.110638033056383,145,0.009
SKU_00837,32.95068493150685,9.786331622088635,126,0.137
SKU_00708,46.54246575342466,12.383367054950874,136,0.093
SKU_00214,16.526027397260275,4.9694126888169405,137,0.165
SKU_00287,21.852054794520548,6.111601955177367,136,0.035
SKU_00867,64.22739726027397,18.742919983978407,147,0.034
SKU_00460,97.20821917808219,27.477772002794204,141,0.016
SKU_00809,99.13698630136986,29.5375134309555,134,0.013
SKU_00694,97.02739726027397,31.08530119887399,125,0.112
SKU_00243,31.583561643835615,9.048814713508275,130,0.013
SKU_00933,21.783561643835615,6.328876210910616,133,0.103
SKU_00284,20.465753424657535,6.1939402143219064,111,0.112
SKU_00454,99.33424657534246,28.375001666157114,127,0.164
SKU_00434,129.06575342465754,38.570558361289926,134,0.148
SKU_00260,18.956164383561642,5.4690182914125405,121,0.164
SKU_00830,50.58082191780822,15.421804329362523,155,0.183
SKU_00602,64.26301369863013,17.96017807225683,146,0.156
SKU_00650,124.51506849315068,37.17966355693436,153,0.01
SKU_00163,21.75068493150685,6.670072640914373,131,0.162
SKU_00066,77.93972602739726,22.234555942197513,140,0.142
SKU_00147,21.98904109589041,6.2931927649546795,130,0.171
SKU_00339,107.06027397260274,31.241819763300203,141,0.163
SKU_00111,68.0,19.602786301167214,154,0.186
SKU_00754,77.11232876712329,21.766139301938594,159,0.082
SKU_00681,42.487671232876714,13.125053063267725,119,0.109
SKU_00306,21.33150684931507,6.5559484924193265,127,0.135
SKU_00265,14.756164383561643,4.406943394552952,138,0.2
SKU_00696,37.14794520547945,11.069710549302586,120,0.028
SKU_00682,61.84931506849315,18.394987994581264,130,0.152
SKU_00617,39.15068493150685,10.93596651149633,120,0.026
SKU_00601,38.16986301369863,11.6309397555214,148,0.19
SKU_00897,11.53972602739726,3.4888653231980915,106,0.175
SKU_00965,29.147945205479452,8.66437872431185,135,0.151
SKU_00530,12.64931506849315,3.655912090149145,136,0.044
SKU_00776,44.961643835616435,13.695417439013776,157,0.114
SKU_00391,24.87123287671233,7.528507715403777,135,0.148
SKU_00254,58.276712328767125,17.356717359949496,137,0.147
SKU_00099,91.07945205479452,24.957474595008016,154,0.138
SKU_00672,116.01917808219179,34.06203397719011,141,0.133
SKU_00468,44.78082191780822,13.020320736059007,133,0.067
SKU_00895,48.224657534246575,15.213099661959193,135,0.002
SKU_00712,21.53698630136986,5.991007612359579,116,0.014
SKU_00841,14.580821917808219,4.418637399182278,139,0.026
SKU_00571,12.402739726027397,3.8558494383031303,152,0.063
SKU_00320,17.873972602739727,5.485295713558327,154,0.02
SKU_00832,67.45479452054795,19.275653956893503,136,0.05
SKU_00411,10.180821917808219,3.0661506066035678,140,0.117
SKU_00192,10.698630136986301,3.3605865670093937,146,0.176
SKU_00037,95.33972602739726,25.948166526338216,126,0.092
SKU_00202,58.71232876712329,17.06087955880899,143,0.087
SKU_00278,13.857534246575343,3.9802368160887234,145,0.126
SKU_00858,16.887671232876713,5.244147580652097,140,0.084
SKU_00969,19.69041095890411,5.736909714507201,131,0.076
SKU_00539,70.53972602739726,21.05556972414305,133,0.016
SKU_00746,24.613698630136987,7.751733501066981,141,0.002
SKU_00345,15.468493150684932,4.671896240436965,111,0.196
SKU_00620,49.3013698630137,14.132113040782011,120,0.103
SKU_00181,79.53424657534246,23.48817927614365,168,0.007
SKU_00109,111.69589041095891,33.58641649796503,128,0.192
SKU_00711,15.452054794520548,4.554435996886613,152,0.165
SKU_00429,74.4,21.566763195372506,143,0.109
SKU_00443,24.997260273972604,7.152767323586584,136,0.172
SKU_00775,59.09041095890411,17.406265169137846,153,0.116
SKU_00466,31.336986301369862,9.540767167550845,135,0.119
SKU_00193,14.347945205479451,4.340206532440832,143,0.195
SKU_00179,63.172602739726024,18.436416276766266,145,0.127
SKU_00259,88.03287671232877,25.010635401470882,137,0.179
SKU_00166,28.134246575342466,8.340359625057982,142,0.162
SKU_00080,10.224657534246575,3.1655677069240333,116,0.042
SKU_00400,84.51780821917808,23.45448797505309,129,0.087
SKU_00040,69.86849315068493,20.972096039347306,134,0.027
SKU_00735,9.854794520547944,3.171518212717101,118,0.134
SKU_00253,27.161643835616438,8.032807559650664,158,0.063
SKU_00834,17.482191780821918,5.433699852218395,124,0.12
SKU_00222,83.78630136986301,25.29948808862126,143,0.128
SKU_00528,131.24931506849316,37.43926628880254,149,0.175
SKU_00770,72.16712328767123,21.488995745040373,139,0.015
SKU_00459,67.95342465753424,19.93824312881341,122,0.004
SKU_00209,51.29041095890411,14.950946939611828,146,0.087
SKU_00132,66.63013698630137,19.457552313026167,140,0.045
SKU_00441,8.07945205479452,2.543412029907124,126,0.018
SKU_00753,24.273972602739725,7.428894202045238,158,0.17
SKU_00641,24.947945205479453,7.744549831003832,137,0.189
SKU_00230,10.101369863013698,3.24005211050063,139,0.146
SKU_00083,114.11506849315069,32.84375127161102,127,0.179
SKU_00899,87.95342465753424,25.62441144964309,122,0.197
SKU_00409,81.72876712328767,23.86248077758164,136,0.091
SKU_00669,27.043835616438358,7.87946605092179,129,0.042
SKU_00864,19.58082191780822,5.665799108896767,136,0.088
SKU_00667,46.64657534246575,13.742471287423308,135,0.152
SKU_00924,18.265753424657536,5.334220314873103,136,0.026
SKU_00114,12.180821917808219,3.766562601111214,135,0.037
SKU_00383,8.767123287671232,2.810501050051539,136,0.112
SKU_00875,49.11232876712329,14.139648343443001,127,0.165
SKU_00654,18.29041095890411,5.409905556232212,138,0.166
SKU_00542,32.84931506849315,10.65965902707662,140,0.105
SKU_00908,29.076712328767123,8.972156572258859,132,0.133
SKU_00888,70.36438356164383,21.41457197376375,160,0.142
SKU_00151,31.008219178082193,9.56771347035069,130,0.092
SKU_00152,49.33698630136986,15.245387582512315,160,0.156
SKU_00565,12.476712328767123,3.4756025862212123,162,0.176
SKU_00818,120.12328767123287,35.30664150293074,166,0.191
SKU_00063,20.589041095890412,6.222600637463519,148,0.042
SKU_00828,9.8,3.087728280478373,128,0.014
SKU_00333,60.00821917808219,17.246195259849042,123,0.046
SKU_00053,7.890410958904109,2.4727173058408547,124,0.115
SKU_00722,98.4904109589041,29.14576932139797,123,0.093
SKU_00859,97.03561643835616,28.215932341045427,133,0.034
SKU_00960,80.05479452054794,22.807658735704646,136,0.006
SKU_00288,24.704109589041096,7.095510853608182,125,0.195
SKU_00241,7.3342465753424655,2.214600600143162,145,0.107
SKU_00656,24.638356164383563,7.284309310123073,135,0.075
SKU_00060,17.66849315068493,5.548707321795538,151,0.166
SKU_00030,11.142465753424657,3.422851367759708,132,0.181
SKU_00013,32.38356164383562,9.790147178941611,114,0.116
SKU_00057,34.56164383561644,9.970817723817312,130,0.176
SKU_00311,80.57260273972602,22.987175475447234,131,0.102
SKU_00090,54.10958904109589,15.108546489601533,134,0.034
SKU_00433,63.0958904109589,19.360918763647867,132,0.124
SKU_00387,36.41917808219178,11.218468112675762,127,0.104
SKU_00827,19.367123287671234,5.934349043486,128,0.141
SKU_00077,82.2931506849315,24.644262025067814,127,0.129
SKU_00374,84.7013698630137,23.65749476503967,118,0.066
SKU_00334,121.82465753424657,34.049042606563916,132,0.176
SKU_00281,18.997260273972604,5.505491080159845,130,0.19
SKU_00503,7.884931506849315,2.3691974363797863,131,0.082
SKU_00613,72.41917808219178,22.49864866231498,159,0.151
SKU_00599,129.85205479452054,38.51116617575701,128,0.136
SKU_00199,8.021917808219179,2.4817048473317493,141,0.03
SKU_00331,8.189041095890412,2.5623843658624605,140,0.143
SKU_00335,128.76986301369863,38.55004840624771,146,0.162
SKU_00299,68.40273972602739,20.649069189853257,140,0.011
SKU_00916,21.397260273972602,6.4623587323335805,128,0.105
SKU_00239,33.915068493150685,10.444827196936634,127,0.079
SKU_00318,39.16986301369863,11.405303915230212,116,0.124
SKU_00959,8.219178082191782,2.6707953261610213,119,0.198
SKU_00889,25.106849315068494,7.754975871026208,121,0.124
SKU_00792,12.032876712328767,3.767853281398175,116,0.173
SKU_00291,135.75342465753425,38.68894723257245,136,0.037
SKU_00428,17.246575342465754,5.2182604726459765,134,0.187
SKU_00056,64.31232876712329,19.461034224275636,131,0.11
SKU_00922,6.515068493150685,1.9911667042708652,128,0.024
SKU_00854,28.87945205479452,8.613925585042244,139,0.178
SKU_00603,62.62739726027397,19.64012250886381,141,0.123
SKU_00058,113.52602739726028,33.204287867705354,127,0.135
SKU_00782,22.22739726027397,6.37907939450678,137,0.094
SKU_00285,129.47397260273974,35.629850845365375,127,0.156
SKU_00592,28.87945205479452,8.651160102986328,137,0.1
SKU_00593,15.265753424657534,4.561912890964473,137,0.187
SKU_00292,6.243835616438356,1.9760229164436345,132,0.021
SKU_00031,30.586301369863012,9.267177621194744,130,0.054
SKU_00392,13.663013698630136,3.8407698278718776,141,0.127
SKU_00773,12.657534246575343,4.080976969334182,135,0.136
SKU_00201,56.9013698630137,16.074897613457935,148,0.046
SKU_00995,51.293150684931504,15.981241826611546,140,0.01
SKU_00096,9.145205479452056,2.9702296270376998,134,0.108
SKU_00616,70.83013698630137,21.122449679800102,122,0.041
SKU_00883,42.775342465753425,13.209177013298703,127,0.016
SKU_00021,32.85205479452055,9.794595246407338,135,0.138
SKU_00764,116.08219178082192,32.084689368703536,135,0.103
SKU_00760,30.923287671232877,9.542250185992467,145,0.183
SKU_00812,36.09315068493151,11.430010729027916,135,0.035
SKU_00117,24.44109589041096,7.580698371965067,126,0.173
SKU_00009,6.526027397260274,1.9799841406055574,120,0.195
SKU_00351,5.1068493150684935,1.8223527214887303,131,0.079
SKU_00071,22.898630136986302,7.006913641373114,122,0.135
SKU_00844,29.98904109589041,9.013414326116418,137,0.139
SKU_00168,95.95616438356164,27.14527960857742,123,0.05
SKU_00079,37.94794520547945,11.16165076004876,151,0.156
SKU_00874,135.6027397260274,39.810726550984135,129,0.005
SKU_00121,4.794520547945205,1.6388057172327848,130,0.028
SKU_00449,49.64657534246575,15.330373519601173,135,0.11
SKU_00974,113.46027397260274,33.3570706037774,114,0.059
SKU_00237,134.8904109589041,40.06367241477151,139,0.059
SKU_00379,15.493150684931507,4.729854003250718,141,0.195
SKU_00514,81.16164383561645,24.34072826016993,121,0.158
SKU_00728,21.252054794520546,6.4392364741959645,140,0.172
SKU_00042,101.87397260273973,30.079848075978912,131,0.115
SKU_00928,6.449315068493151,2.161293065827307,143,0.181
SKU_00833,23.553424657534247,6.917927065808942,128,0.138
SKU_00354,53.794520547945204,16.07328589130643,159,0.187
SKU_00440,44.33698630136986,13.25340000799003,136,0.178
SKU_00491,6.161643835616438,1.8966881298224603,114,0.128
SKU_00190,40.59452054794521,11.539467515984493,138,0.17
SKU_00940,13.706849315068494,4.055125936958595,152,0.027
SKU_00988,15.783561643835617,4.8753420195219075,131,0.141
SKU_00220,5.610958904109589,1.679511444843836,135,0.119
SKU_00019,12.865753424657534,3.984317443237188,131,0.109
SKU_00846,41.97534246575343,12.099039340916873,129,0.124
SKU_00926,13.534246575342467,4.097983260966965,149,0.084
SKU_00487,13.021917808219179,3.9751372419234867,144,0.008
SKU_00664,34.02739726027397,10.430266349390275,156,0.105
SKU_00273,3.7041095890410958,1.2202997240549867,126,0.151
SKU_00492,12.684931506849315,3.849064080363737,154,0.167
SKU_00619,4.471232876712329,1.516346774907802,143,0.107
SKU_00101,5.361643835616438,1.6774711259192931,134,0.1
SKU_00001,3.4164383561643836,1.214271103506329,138,0.13
SKU_00706,10.668493150684931,3.344212513963768,161,0.106
SKU_00029,65.98356164383561,19.725722411168622,114,0.067
SKU_00300,59.23287671232877,17.29997185091497,123,0.029
SKU_00606,16.126027397260273,5.119506635024561,137,0.082
SKU_00957,63.013698630136986,17.712829173412967,149,0.115
SKU_00231,6.575342465753424,2.123377261588805,146,0.155
SKU_00377,106.45753424657535,31.43773681582627,150,0.003
SKU_00436,42.09041095890411,12.339075833021953,120,0.133
SKU_00476,41.652054794520545,12.338051006311824,120,0.051
SKU_00598,16.797260273972604,5.102519648075296,138,0.153
SKU_00936,124.0027397260274,34.624714751087204,134,0.194
SKU_00010,108.79178082191781,31.529515883057254,133,0.011
SKU_00628,69.74794520547945,21.854338654348897,152,0.057
SKU_00741,9.96986301369863,3.1038209760733406,130,0.166
SKU_00211,4.046575342465753,1.3770172207759102,125,0.169
SKU_00901,89.52876712328766,25.978591563625734,128,0.143
SKU_00481,4.052054794520548,1.3030089426713918,148,0.042
SKU_00472,56.95890410958904,16.270581519157485,115,0.057
SKU_00032,40.865753424657534,12.288476456434797,131,0.145
SKU_00008,4.561643835616438,1.5244013540347725,134,0.148
SKU_00486,54.93698630136986,16.48938642033238,149,0.172
SKU_00938,23.221917808219178,7.059991100127912,121,0.149
SKU_00312,82.85479452054794,24.844533311493393,134,0.078
SKU_00586,34.97260273972603,10.292124112960632,155,0.066
SKU_00189,11.2,3.3571311666852792,126,0.084
SKU_00518,2.4465753424657533,0.8898206684033633,130,0.165
SKU_00580,5.553424657534246,1.777614325451299,163,0.151
SKU_00724,4.295890410958904,1.4769695693670766,119,0.084
SKU_00977,45.21095890410959,13.241496977677604,126,0.189
SKU_00323,8.863013698630137,2.644271584264805,134,0.142
SKU_00005,15.95890410958904,4.973662380685231,154,0.08
SKU_00370,23.726027397260275,7.270405678881412,115,0.156
SKU_00264,2.5561643835616437,0.9637646966382544,126,0.068
SKU_00439,27.693150684931506,8.164118909801932,146,0.066
SKU_00983,30.013698630136986,8.476686111706579,136,0.155
SKU_00244,99.63287671232877,30.376520243214273,123,0.073
SKU_00458,36.81643835616438,10.470615787629246,133,0.072
SKU_00640,82.35068493150685,23.281313093653985,140,0.047
SKU_00497,27.816438356164383,7.904425900614475,139,0.084
SKU_00668,12.084931506849315,3.5154162538173916,125,0.004
SKU_00871,8.191780821917808,2.574481353116255,135,0.042
SKU_00407,113.1972602739726,34.49158988352178,150,0.075
SKU_00257,2.8876712328767122,1.0276326691012918,135,0.152
SKU_00236,7.353424657534247,2.335469585448539,115,0.01
SKU_00006,33.20821917808219,9.56070473954008,146,0.186
SKU_00100,53.8986301369863,16.56499431270228,130,0.186
SKU_00701,36.85205479452055,10.562218974596155,128,0.11
SKU_00646,3.16986301369863,1.0475881419952855,128,0.122
SKU_00068,25.32054794520548,7.50851090181453,139,0.121
SKU_00448,5.115068493150685,1.5942609325703176,135,0.047
SKU_00470,92.0958904109589,26.28184326227299,131,0.077
SKU_00126,1.9863013698630136,0.7755386409792652,144,0.023
SKU_00164,19.912328767123288,5.86037037997739,136,0.036
SKU_00850,25.36986301369863,7.429350113775175,119,0.07
SKU_00347,34.69041095890411,9.80524871194894,144,0.05
SKU_00368,8.92054794520548,2.8403953690951833,120,0.147
SKU_00369,24.183561643835617,7.315252275299328,117,0.024
SKU_00145,38.863013698630134,11.904975260268873,139,0.193
SKU_00563,73.0027397260274,21.751026075346935,132,0.083
SKU_00898,78.8958904109589,24.10063857594184,154,0.089
SKU_00930,11.632876712328768,3.3914912436327347,131,0.164
SKU_00952,9.0,2.709365117635374,156,0.051
SKU_00356,46.72054794520548,13.489260674517523,146,0.176
SKU_00726,10.972602739726028,3.3015672383147625,128,0.165
SKU_00576,10.126027397260273,3.1762350456446686,138,0.15
SKU_00794,58.728767123287675,17.879645553650967,120,0.185
SKU_00424,24.12054794520548,7.156165383474208,129,0.075
SKU_00704,21.816438356164383,6.760970200280003,120,0.15
SKU_00736,3.5561643835616437,1.249284003881566,131,0.02
SKU_00982,13.189041095890412,3.966188195642195,152,0.002
SKU_00878,40.62739726027397,12.162738768919686,133,0.061
SKU_00500,1.5342465753424657,0.6930223618171526,143,0.12
SKU_00128,80.74794520547945,24.042591040755838,123,0.1
SKU_00840,60.36164383561644,17.616352840479557,138,0.177
SKU_00626,2.4356164383561643,0.9689364656438071,138,0.13
SKU_00371,47.54246575342466,14.576304701072978,149,0.157
SKU_00171,48.66575342465753,13.425948911335949,122,0.001
SKU_00290,31.46027397260274,9.15115346909027,125,0.033
SKU_00856,26.83013698630137,8.444301754676962,138,0.111
SKU_00655,8.775342465753425,2.8116604154370513,112,0.169
SKU_00557,31.438356164383563,9.432213771487593,149,0.173
SKU_00148,19.41917808219178,5.78480050693304,142,0.155
SKU_00382,1.2301369863013698,0.5852314587443836,138,0.196
SKU_00559,1.2246575342465753,0.5826664790440546,130,0.158
SKU_00098,29.76164383561644,8.70238425926339,143,0.138
SKU_00465,2.249315068493151,0.845661729268411,131,0.12
SKU_00665,5.057534246575343,1.642324622933353,128,0.071
SKU_00821,58.010958904109586,17.302889627533077,162,0.167
SKU_00610,16.24109589041096,5.212723118697976,137,0.176
SKU_00332,32.01917808219178,9.528855216665727,132,0.191
SKU_00630,0.5315068493150685,0.4996913091959123,139,0.009
SKU_00515,19.197260273972603,5.929947570389288,139,0.189
SKU_00149,1.7753424657534247,0.7731377523076682,138,0.063
SKU_00868,0.024657534246575342,0.15529201659126035,117,0.024
SKU_00044,1.4465753424657535,0.6337751429394487,123,0.077
SKU_00205,25.63013698630137,7.482776651067078,139,0.086
SKU_00772,2.989041095890411,1.0534560657058372,142,0.147
SKU_00621,1.441095890410959,0.6201372624639255,130,0.164
SKU_00634,2.73972602739726,0.9525471529425487,153,0.17
SKU_00925,10.073972602739726,3.105738547000416,137,0.14
SKU_00955,0.27945205479452057,0.44934595451978165,135,0.068
SKU_00687,0.6273972602739726,0.48416129872108393,131,0.118
SKU_00649,0.00821917808219178,0.09041027465426074,128,0.075
SKU_00882,7.50958904109589,2.3784843950427756,137,0.156
SKU_00718,1.115068493150685,0.5476401002133924,131,0.155
SKU_00442,0.0027397260273972603,0.052342392259021375,107,0.162
SKU_00456,9.087671232876712,2.8241475036521178,132,0.182
SKU_00004,0.6657534246575343,0.483865836596032,135,0.008
SKU_00208,6.347945205479452,2.0944792416475777,135,0.03
SKU_00945,1.6082191780821917,0.7012064612363064,119,0.082
SKU_00072,1.2547945205479452,0.636145910739127,137,0.117
