sku_id,bin_id,on_hand_qty,reorder_point,safety_stock
SKU_00678,BIN_001326,3549,296,386
SKU_00134,BIN_000218,2957,728,51
SKU_00475,BIN_000371,1782,758,97
SKU_00971,BIN_000701,4360,349,149
SKU_00825,BIN_000600,3212,389,490
SKU_00412,BIN_001339,2071,499,435
SKU_00112,BIN_000917,2327,682,77
SKU_00427,BIN_001054,3068,137,374
SKU_00512,BIN_000791,3260,986,159
SKU_00305,BIN_001353,2728,491,290
SKU_00313,BIN_000758,4677,810,50
SKU_00814,BIN_000888,1940,170,430
SKU_00577,BIN_001149,1401,764,165
SKU_00150,BIN_000528,3034,776,51
SKU_00581,BIN_001283,1680,602,189
SKU_00810,BIN_000776,3111,355,74
SKU_00799,BIN_000881,4812,631,278
SKU_00249,BIN_000203,2649,156,401
SKU_00948,BIN_001297,1345,471,337
SKU_00228,BIN_000552,4173,467,494
SKU_00679,BIN_000697,215,453,449
SKU_00203,BIN_001364,2159,748,494
SKU_00183,BIN_001147,4285,944,477
SKU_00517,BIN_001146,314,165,219
SKU_00324,BIN_001093,4324,759,81
SKU_00923,BIN_001021,2376,782,126
SKU_00758,BIN_000902,1577,958,135
SKU_00245,BIN_000542,821,284,202
SKU_00731,BIN_000418,3007,884,282
SKU_00575,BIN_000863,626,221,397
SKU_00943,BIN_000963,951,824,318
SKU_00836,BIN_000807,1548,975,79
SKU_00498,BIN_001344,3367,703,137
SKU_00648,BIN_000018,600,101,104
SKU_00393,BIN_001033,1238,402,51
SKU_00446,BIN_000095,3267,888,416
SKU_00390,BIN_001334,1316,528,186
SKU_00240,BIN_001119,1054,856,95
SKU_00710,BIN_001106,2203,513,443
SKU_00671,BIN_000400,1320,983,139
SKU_00447,BIN_000049,3369,314,196
SKU_00308,BIN_000234,3110,752,351
SKU_00197,BIN_000671,4013,856,469
SKU_00937,BIN_000397,4041,383,120
SKU_00869,BIN_001051,2743,581,216
SKU_00769,BIN_000640,4397,807,79
SKU_00705,BIN_001141,986,502,470
SKU_00627,BIN_000195,3543,297,156
SKU_00178,BIN_000866,3751,169,89
SKU_00127,BIN_001363,3887,585,239
SKU_00384,BIN_000464,592,317,96
SKU_00419,BIN_000408,459,250,385
SKU_00996,BIN_000261,4628,907,247
SKU_00120,BIN_000085,254,696,205
SKU_00991,BIN_000772,3152,250,248
SKU_00070,BIN_000860,81,198,358
SKU_00905,BIN_001227,1870,299,225
SKU_00431,BIN_000567,1796,393,384
SKU_00795,BIN_000110,3965,866,204
SKU_00271,BIN_000364,1263,181,221
SKU_00403,BIN_000501,1772,463,248
SKU_00378,BIN_000539,1878,424,484
SKU_00932,BIN_001350,3396,982,216
SKU_00035,BIN_001420,2593,777,269
SKU_00891,BIN_000827,1949,785,497
SKU_00737,BIN_000012,3346,745,284
SKU_00267,BIN_001226,76,159,299
SKU_00139,BIN_001055,776,240,246
SKU_00509,BIN_001131,2054,543,358
SKU_00367,BIN_000884,1263,102,457
SKU_00207,BIN_000015,4142,900,146
SKU_00002,BIN_000377,68,456,189
SKU_00780,BIN_000333,688,402,381
SKU_00748,BIN_000700,302,873,153
SKU_00471,BIN_000255,1799,937,253
SKU_00352,BIN_000153,2262,617,70
SKU_00614,BIN_001215,98,726,319
SKU_00464,BIN_001244,4201,518,178
SKU_00558,BIN_000007,3500,449,472
SKU_00745,BIN_000635,379,905,412
SKU_00759,BIN_001235,3809,661,470
SKU_00798,BIN_000037,1006,821,287
SKU_00645,BIN_000330,2706,686,456
SKU_00226,BIN_001025,2070,578,89
SKU_00680,BIN_000039,2136,644,173
SKU_00574,BIN_000363,4876,895,240
SKU_00450,BIN_000214,219,231,392
SKU_00238,BIN_000535,4590,711,210
SKU_00094,BIN_000716,1515,713,352
SKU_00707,BIN_000118,3911,954,253
SKU_00524,BIN_000565,1639,546,431
SKU_00435,BIN_000094,3924,591,145
SKU_00170,BIN_000258,3632,803,344
SKU_00073,BIN_000002,4205,246,493
SKU_00137,BIN_001304,3609,606,477
SKU_00573,BIN_000759,4911,599,74
SKU_00950,BIN_001090,4812,561,316
SKU_00719,BIN_001231,1708,254,318
SKU_00727,BIN_000041,3038,474,394
SKU_00485,BIN_001493,605,587,90
SKU_00513,BIN_000420,4044,185,91
SKU_00357,BIN_001485,1760,285,219
SKU_00113,BIN_000652,1750,280,350
SKU_00752,BIN_000553,2330,529,381
SKU_00803,BIN_000799,1541,862,83
SKU_00813,BIN_000166,2261,341,158
SKU_00118,BIN_001118,841,647,404
SKU_00961,BIN_000254,2765,818,90
SKU_00252,BIN_000031,4650,189,278
SKU_00480,BIN_001072,3364,672,407
SKU_00165,BIN_001145,1672,512,80
SKU_00820,BIN_000081,1619,164,66
SKU_00052,BIN_001062,4545,186,231
SKU_00709,BIN_001462,119,670,273
SKU_00398,BIN_000583,2341,375,468
SKU_00541,BIN_001403,2070,573,359
SKU_00414,BIN_000320,1787,198,337
SKU_00697,BIN_000428,704,141,171
SKU_00872,BIN_000715,4221,690,55
SKU_00508,BIN_001468,4281,751,203
SKU_00947,BIN_000102,4704,262,248
SKU_00221,BIN_001399,3966,431,357
SKU_00463,BIN_001030,4498,205,155
SKU_00182,BIN_000356,1795,218,316
SKU_00355,BIN_000259,1965,922,153
SKU_00200,BIN_001274,1159,562,440
SKU_00839,BIN_001320,3589,775,388
SKU_00771,BIN_001179,3729,813,411
SKU_00860,BIN_000452,2592,848,423
SKU_00886,BIN_001385,2361,197,381
SKU_00065,BIN_000442,772,387,483
SKU_00473,BIN_000952,4910,896,164
SKU_00325,BIN_001048,4164,215,232
SKU_00568,BIN_001115,4751,567,165
SKU_00295,BIN_000937,1377,203,233
SKU_00401,BIN_001466,2012,119,385
SKU_00774,BIN_001318,223,227,50
SKU_00807,BIN_001129,2492,562,486
SKU_00914,BIN_000688,184,948,181
SKU_00647,BIN_000722,4595,662,272
SKU_00388,BIN_001217,2199,915,386
SKU_00903,BIN_000987,2944,360,275
SKU_00247,BIN_001361,3657,267,108
SKU_00154,BIN_000703,4118,734,124
SKU_00549,BIN_001121,3050,413,292
SKU_00532,BIN_000165,4664,198,87
SKU_00949,BIN_000444,1857,469,77
SKU_00396,BIN_000524,3238,214,497
SKU_00020,BIN_001061,1460,382,457
SKU_00548,BIN_000916,1957,355,97
SKU_00489,BIN_001073,3346,588,334
SKU_00107,BIN_000879,3222,369,418
SKU_00609,BIN_001451,339,892,66
SKU_00462,BIN_000748,2356,912,208
SKU_00966,BIN_001023,4100,854,405
SKU_00358,BIN_000753,4709,677,370
SKU_00970,BIN_000792,1691,381,287
SKU_00791,BIN_000170,1874,822,369
SKU_00755,BIN_000223,2871,426,479
SKU_00631,BIN_000713,4247,834,395
SKU_00421,BIN_000139,4286,828,346
SKU_00534,BIN_001341,4394,577,482
SKU_00720,BIN_000268,3347,102,476
SKU_00467,BIN_000296,3618,913,489
SKU_00233,BIN_000332,2102,878,450
SKU_00688,BIN_000463,1486,236,225
SKU_00336,BIN_000726,3841,899,218
SKU_00510,BIN_000896,266,884,245
SKU_00781,BIN_000672,3258,441,455
SKU_00824,BIN_001313,1972,667,383
SKU_00420,BIN_001494,3824,687,158
SKU_00847,BIN_001484,4408,244,365
SKU_00551,BIN_001081,3535,793,94
SKU_00662,BIN_000745,4085,287,170
SKU_00119,BIN_000563,2300,842,394
SKU_00953,BIN_000780,1064,748,430
SKU_00789,BIN_001237,2037,110,274
SKU_00438,BIN_001042,2239,271,207
SKU_00204,BIN_000889,88,957,108
SKU_00494,BIN_000649,353,196,157
SKU_00321,BIN_000582,306,719,391
SKU_00453,BIN_000292,1590,398,365
SKU_00337,BIN_001065,1464,813,338
SKU_00700,BIN_000636,2327,902,88
SKU_00104,BIN_000590,2999,360,381
SKU_00716,BIN_000693,851,632,200
SKU_00661,BIN_000981,2196,646,339
SKU_00894,BIN_000450,4253,833,237
SKU_00176,BIN_000862,2393,263,243
SKU_00187,BIN_001108,4433,473,94
SKU_00815,BIN_001490,3680,719,433
SKU_00831,BIN_000034,4281,691,139
SKU_00725,BIN_000662,135,844,307
SKU_00359,BIN_000909,2897,359,372
SKU_00595,BIN_000936,3371,926,280
SKU_00523,BIN_000545,2910,626,101
SKU_00802,BIN_001322,4039,120,56
SKU_00766,BIN_001253,911,194,102
SKU_00086,BIN_001144,1696,771,75
SKU_00884,BIN_000683,2354,342,244
SKU_00723,BIN_000994,1805,441,54
SKU_00972,BIN_000241,3012,106,123
SKU_00076,BIN_000281,760,582,95
SKU_00851,BIN_001495,4065,884,253
SKU_00196,BIN_000783,2514,473,392
SKU_00876,BIN_000023,4957,487,331
SKU_00797,BIN_000925,2261,380,216
SKU_00686,BIN_001201,620,992,462
SKU_00093,BIN_000502,3516,511,427
SKU_00242,BIN_000830,1755,508,267
SKU_00186,BIN_000844,868,119,297
SKU_00633,BIN_000415,135,954,354
SKU_00862,BIN_001208,3628,744,303
SKU_00074,BIN_000689,1492,393,268
SKU_00535,BIN_000660,1105,525,65
SKU_00276,BIN_000092,770,681,478
SKU_00861,BIN_000423,3075,961,498
SKU_00490,BIN_000754,198,218,419
SKU_00554,BIN_001298,1721,588,416
SKU_00444,BIN_001032,2794,225,267
SKU_00981,BIN_001002,2862,338,108
SKU_00364,BIN_000189,4542,530,318
SKU_00501,BIN_000077,352,347,480
SKU_00838,BIN_000367,4575,982,390
SKU_00399,BIN_000723,2667,224,159
SKU_00915,BIN_000777,3990,412,303
SKU_00258,BIN_001429,3852,542,405
SKU_00136,BIN_001408,2543,258,258
SKU_00778,BIN_000143,4839,884,411
SKU_00804,BIN_000962,2543,464,241
SKU_00017,BIN_000111,4625,588,269
SKU_00543,BIN_000887,4483,318,468
SKU_00890,BIN_001125,3183,578,210
SKU_00749,BIN_000857,248,433,269
SKU_00474,BIN_000299,4152,176,52
SKU_00695,BIN_000656,1911,564,321
SKU_00823,BIN_001183,1475,933,472
SKU_00191,BIN_000750,3218,299,89
SKU_00048,BIN_000924,1803,598,338
SKU_00159,BIN_000399,4479,255,470
SKU_00976,BIN_000199,1267,910,183
SKU_00027,BIN_000743,1085,851,234
SKU_00437,BIN_001259,2500,578,60
SKU_00116,BIN_000303,2244,172,313
SKU_00683,BIN_000821,2531,198,470
SKU_00296,BIN_000673,2781,404,78
SKU_00302,BIN_001252,2118,799,204
SKU_00081,BIN_001486,4833,596,423
SKU_00055,BIN_000051,2643,796,95
SKU_00054,BIN_000730,1453,299,78
SKU_00692,BIN_000058,1958,455,138
SKU_00913,BIN_001212,1987,643,371
SKU_00739,BIN_001440,2138,673,262
SKU_00717,BIN_000520,2210,470,407
SKU_00939,BIN_000642,1643,963,418
SKU_00363,BIN_000702,4501,641,158
SKU_00968,BIN_000311,2113,208,58
SKU_00921,BIN_000740,328,503,433
SKU_00408,BIN_000530,178,770,133
SKU_00525,BIN_001173,2123,275,77
SKU_00989,BIN_000383,1509,460,219
SKU_00738,BIN_001005,3113,700,71
SKU_00956,BIN_000756,2772,466,288
SKU_00521,BIN_000395,1242,969,464
SKU_00691,BIN_000451,3742,689,354
SKU_00162,BIN_000446,3002,542,119
SKU_00788,BIN_000775,2937,246,251
SKU_00993,BIN_000922,687,538,420
SKU_00677,BIN_001170,4777,452,197
SKU_00315,BIN_001356,176,325,496
SKU_00817,BIN_000019,1354,754,88
SKU_00248,BIN_000280,2800,285,482
SKU_00188,BIN_000903,2289,174,360
SKU_00865,BIN_001489,923,568,442
SKU_00415,BIN_000515,2886,159,107
SKU_00516,BIN_001410,4137,944,140
SKU_00578,BIN_000176,1841,195,271
SKU_00129,BIN_000576,1862,594,90
SKU_00533,BIN_001254,3448,830,168
SKU_00275,BIN_000707,4847,921,295
SKU_00742,BIN_000430,554,668,241
SKU_00423,BIN_000865,2209,472,338
SKU_00078,BIN_000006,4725,290,385
SKU_00160,BIN_000497,168,582,472
SKU_00504,BIN_000927,3518,441,169
SKU_00270,BIN_000096,1671,579,299
SKU_00994,BIN_000351,2877,134,145
SKU_00488,BIN_000584,236,549,176
SKU_00277,BIN_001335,4328,325,92
SKU_00103,BIN_000805,3180,218,403
SKU_00461,BIN_000215,2217,908,379
SKU_00303,BIN_001327,3405,128,370
SKU_00034,BIN_000938,4277,260,152
SKU_00848,BIN_001082,3214,525,216
SKU_00998,BIN_000804,3525,192,213
SKU_00274,BIN_000712,2556,779,434
SKU_00348,BIN_000181,551,747,184
SKU_00793,BIN_001475,2918,606,209
SKU_00732,BIN_000335,4669,414,357
SKU_00570,BIN_000326,386,394,121
SKU_00623,BIN_000682,4302,478,95
SKU_00255,BIN_001143,1998,821,392
SKU_00612,BIN_000930,1290,165,397
SKU_00751,BIN_001425,374,827,433
SKU_00674,BIN_001338,4752,618,340
SKU_00219,BIN_000177,4339,188,131
SKU_00263,BIN_000309,4340,503,294
SKU_00978,BIN_001449,4324,331,219
SKU_00545,BIN_000193,1130,843,122
SKU_00043,BIN_001407,1788,787,79
SKU_00417,BIN_000601,966,216,457
SKU_00999,BIN_000484,4135,290,452
SKU_00863,BIN_001026,4876,311,336
SKU_00268,BIN_001071,189,816,303
SKU_00125,BIN_001207,3338,978,92
SKU_00714,BIN_000838,2330,841,197
SKU_00560,BIN_001111,1934,526,497
SKU_00338,BIN_001211,188,429,61
SKU_00194,BIN_000097,2422,438,196
SKU_00039,BIN_000284,2323,348,391
SKU_00564,BIN_001163,916,761,348
SKU_00246,BIN_001036,1519,927,490
SKU_00499,BIN_000534,2389,300,366
SKU_00786,BIN_001194,4166,379,122
SKU_00395,BIN_000466,3451,305,159
SKU_00089,BIN_000376,2361,500,432
SKU_00484,BIN_001435,3447,214,204
SKU_00304,BIN_000618,2734,848,170
SKU_00607,BIN_000637,4195,214,483
SKU_00161,BIN_000283,713,209,263
SKU_00217,BIN_001400,2687,634,345
SKU_00174,BIN_000710,3167,788,457
SKU_00365,BIN_000192,4034,442,57
SKU_00910,BIN_000064,4568,767,346
SKU_00502,BIN_000984,4532,171,444
SKU_00639,BIN_000507,1456,142,329
SKU_00343,BIN_000286,2263,581,105
SKU_00553,BIN_001251,3850,720,330
SKU_00990,BIN_000343,1311,466,305
SKU_00069,BIN_000003,2054,302,371
SKU_00153,BIN_001316,347,982,216
SKU_00857,BIN_000004,3536,699,140
SKU_00003,BIN_000519,1131,731,341
SKU_00085,BIN_000928,4801,896,71
SKU_00657,BIN_001472,2618,420,128
SKU_00195,BIN_000277,1292,369,109
SKU_00853,BIN_000151,906,390,492
SKU_00785,BIN_000071,1815,397,429
SKU_00376,BIN_001401,3089,831,375
SKU_00451,BIN_000872,3006,329,395
SKU_00122,BIN_000498,1765,148,408
SKU_00045,BIN_001009,1676,578,50
SKU_00106,BIN_000042,4988,246,479
SKU_00906,BIN_001296,3269,591,249
SKU_00684,BIN_001013,3620,351,178
SKU_00157,BIN_000295,3260,389,148
SKU_00618,BIN_000433,3786,565,92
SKU_00452,BIN_000456,1996,289,315
SKU_00547,BIN_001333,1009,846,462
SKU_00102,BIN_000022,53,698,380
SKU_00526,BIN_000128,149,819,70
SKU_00660,BIN_001305,414,155,221
SKU_00572,BIN_000211,1837,761,193
SKU_00743,BIN_000557,4507,881,433
SKU_00896,BIN_000623,1622,204,218
SKU_00756,BIN_001095,2210,281,168
SKU_00566,BIN_001116,3260,865,62
SKU_00849,BIN_000489,2657,416,298
SKU_00734,BIN_001138,2422,994,237
SKU_00373,BIN_000634,333,758,257
SKU_00341,BIN_000473,207,651,57
SKU_00917,BIN_001375,3482,190,268
SKU_00685,BIN_001052,1700,385,194
SKU_00567,BIN_000836,611,796,453
SKU_00675,BIN_001314,1018,685,160
SKU_00082,BIN_000980,4912,593,490
SKU_00138,BIN_000944,4965,897,160
SKU_00584,BIN_001070,3678,202,477
SKU_00024,BIN_001422,3685,448,171
SKU_00279,BIN_000900,4302,756,301
SKU_00596,BIN_001436,2818,498,467
SKU_00012,BIN_000393,4606,159,447
SKU_00986,BIN_000079,1621,984,232
SKU_00529,BIN_001434,656,618,474
SKU_00115,BIN_000644,4942,569,180
SKU_00025,BIN_000717,3529,167,419
SKU_00843,BIN_000871,1006,769,279
SKU_00229,BIN_000017,4076,938,111
SKU_00232,BIN_000843,691,767,195
SKU_00455,BIN_001382,2767,776,249
SKU_00050,BIN_000200,2590,236,469
SKU_00091,BIN_000957,565,549,301
SKU_00344,BIN_000030,1934,277,64
SKU_00018,BIN_000971,1459,941,445
SKU_00765,BIN_000842,2522,747,75
SKU_00651,BIN_001098,512,779,413
SKU_00261,BIN_001239,3593,482,55
SKU_00051,BIN_000073,3546,667,281
SKU_00506,BIN_000224,2138,183,407
SKU_00062,BIN_000378,531,862,237
SKU_00375,BIN_000709,2933,892,227
SKU_00144,BIN_000054,2535,112,174
SKU_00624,BIN_000779,1494,537,368
SKU_00918,BIN_001343,3183,759,105
SKU_00349,BIN_000204,3299,194,220
SKU_00904,BIN_000570,4713,969,127
SKU_00611,BIN_001130,4178,732,53
SKU_00289,BIN_000185,2273,685,114
SKU_00522,BIN_001268,3678,615,86
SKU_00768,BIN_000663,4482,210,115
SKU_00061,BIN_000625,336,815,335
SKU_00808,BIN_000048,1047,758,102
SKU_00954,BIN_001007,4016,171,485
SKU_00538,BIN_001351,2108,838,454
SKU_00673,BIN_000675,946,357,431
SKU_00740,BIN_001158,799,988,413
SKU_00095,BIN_001423,1821,746,454
SKU_00394,BIN_000841,2578,275,111
SKU_00569,BIN_000614,3956,279,433
SKU_00457,BIN_001238,2625,660,415
SKU_00931,BIN_000327,4634,495,414
SKU_00280,BIN_000331,3322,939,332
SKU_00361,BIN_000491,2481,780,110
SKU_00310,BIN_001469,3223,686,94
SKU_00909,BIN_000854,3351,194,272
SKU_00329,BIN_001456,1568,408,298
SKU_00496,BIN_000803,1151,641,424
SKU_00907,BIN_000152,4471,994,415
SKU_00964,BIN_000513,1093,276,317
SKU_00088,BIN_001177,4915,642,149
SKU_00272,BIN_000103,2941,806,431
SKU_00822,BIN_000413,786,995,429
SKU_00416,BIN_001307,189,971,191
SKU_00301,BIN_000437,3012,828,468
SKU_00432,BIN_000402,2326,120,219
SKU_00216,BIN_000967,1523,360,394
SKU_00877,BIN_000608,1613,374,264
SKU_00184,BIN_001293,3692,792,234
SKU_00879,BIN_000121,1421,953,213
SKU_00140,BIN_000856,4672,783,323
SKU_00483,BIN_001063,908,733,202
SKU_00552,BIN_000342,4289,810,467
SKU_00108,BIN_000950,4920,258,335
SKU_00537,BIN_001010,1953,228,363
SKU_00067,BIN_000471,2945,551,456
SKU_00131,BIN_000788,2268,310,208
SKU_00544,BIN_000171,1618,582,100
SKU_00666,BIN_001282,1954,883,363
SKU_00527,BIN_000274,3299,782,362
SKU_00322,BIN_000580,3661,979,291
SKU_00911,BIN_000840,3743,198,157
SKU_00873,BIN_001424,328,324,180
SKU_00561,BIN_001430,3523,330,274
SKU_00962,BIN_001291,2544,906,285
SKU_00224,BIN_000083,3738,485,259
SKU_00327,BIN_000613,2216,818,447
SKU_00173,BIN_000158,1005,920,63
SKU_00591,BIN_000850,3091,241,432
SKU_00829,BIN_001418,3907,316,127
SKU_00410,BIN_001057,1388,549,79
SKU_00941,BIN_000250,3007,423,187
SKU_00540,BIN_000877,2218,336,205
SKU_00381,BIN_001488,3262,274,344
SKU_00155,BIN_001099,3020,942,404
SKU_00210,BIN_000919,1114,317,238
SKU_00169,BIN_000790,1828,851,216
SKU_00227,BIN_000252,1305,101,228
SKU_00826,BIN_000974,746,760,186
SKU_00638,BIN_001292,2860,886,129
SKU_00835,BIN_000533,2592,586,363
SKU_00307,BIN_000173,1159,668,464
SKU_00141,BIN_001301,3615,800,111
SKU_00185,BIN_000125,1811,232,91
SKU_00536,BIN_000629,3994,304,375
SKU_00251,BIN_001437,3811,616,318
SKU_00550,BIN_001178,1863,171,99
SKU_00234,BIN_000409,1159,650,287
SKU_00426,BIN_000100,2755,979,413
SKU_00594,BIN_000622,2703,357,378
SKU_00608,BIN_000168,4031,467,100
SKU_00328,BIN_000389,2523,406,299
SKU_00992,BIN_000493,962,695,292
SKU_00880,BIN_000729,2668,576,223
SKU_00007,BIN_000825,1699,569,453
SKU_00314,BIN_000869,2219,827,267
SKU_00935,BIN_001336,4320,198,356
SKU_00146,BIN_000062,2259,710,303
SKU_00041,BIN_001197,2255,174,83
SKU_00690,BIN_000727,2868,647,297
SKU_00929,BIN_001442,395,487,52
SKU_00845,BIN_001165,4087,728,377
SKU_00699,BIN_001492,319,110,409
SKU_00059,BIN_000556,3990,175,372
SKU_00733,BIN_000986,3521,210,372
SKU_00635,BIN_000068,3796,170,461
SKU_00385,BIN_000973,1425,866,170
SKU_00172,BIN_000734,3631,661,206
SKU_00800,BIN_001134,3777,103,415
SKU_00256,BIN_000547,1013,508,117
SKU_00026,BIN_001189,298,833,72
SKU_00362,BIN_000719,4886,437,489
SKU_00702,BIN_000488,3790,664,238
SKU_00721,BIN_001028,854,569,360
SKU_00036,BIN_000427,548,825,260
SKU_00762,BIN_001020,1920,137,485
SKU_00615,BIN_000661,4771,948,257
SKU_00652,BIN_000809,1303,208,199
SKU_00402,BIN_001243,1187,738,351
SKU_00360,BIN_001461,1359,371,129
SKU_00763,BIN_001332,2201,671,125
SKU_00713,BIN_000056,2737,987,252
SKU_00180,BIN_001392,1122,911,266
SKU_00744,BIN_000063,802,943,383
SKU_00783,BIN_000382,3035,840,410
SKU_00015,BIN_000514,3037,739,371
SKU_00658,BIN_000070,4526,746,281
SKU_00342,BIN_000417,2712,868,163
SKU_00198,BIN_000385,2189,210,375
SKU_00920,BIN_000426,1432,194,326
SKU_00269,BIN_000061,2639,601,459
SKU_00397,BIN_001368,3938,109,185
SKU_00495,BIN_000742,1823,904,133
SKU_00689,BIN_001447,759,721,426
SKU_00293,BIN_000577,4824,445,300
SKU_00142,BIN_000354,3753,958,239
SKU_00016,BIN_000543,892,351,249
SKU_00893,BIN_000483,2307,628,423
SKU_00406,BIN_000191,795,100,178
SKU_00477,BIN_000060,4195,508,159
SKU_00643,BIN_000691,246,196,482
SKU_00404,BIN_001053,2307,854,121
SKU_00143,BIN_001483,4631,824,276
SKU_00777,BIN_000732,2187,690,364
SKU_00796,BIN_001022,819,102,443
SKU_00469,BIN_001287,949,849,260
SKU_00225,BIN_000182,1455,206,89
SKU_00505,BIN_000025,4983,358,357
SKU_00105,BIN_001089,2561,199,358
SKU_00386,BIN_000990,4754,179,428
SKU_00092,BIN_000404,3789,344,435
SKU_00761,BIN_000436,344,308,499
SKU_00852,BIN_001198,120,818,283
SKU_00340,BIN_001027,891,463,467
SKU_00979,BIN_000846,2260,207,418
SKU_00585,BIN_001001,3351,433,434
SKU_00250,BIN_000246,3810,901,325
SKU_00663,BIN_000899,2235,854,116
SKU_00963,BIN_001310,4785,447,257
SKU_00175,BIN_000365,2903,806,480
SKU_00632,BIN_001394,1236,960,285
SKU_00842,BIN_000197,1714,236,50
SKU_00881,BIN_000968,3608,624,273
SKU_00819,BIN_000566,2127,121,273
SKU_00801,BIN_001255,3240,721,168
SKU_00605,BIN_000920,377,819,131
SKU_00064,BIN_000164,3977,828,251
SKU_00984,BIN_000822,1206,553,228
SKU_00000,BIN_000876,2756,194,389
SKU_00757,BIN_000626,284,811,251
SKU_00912,BIN_000603,4798,267,362
SKU_00670,BIN_001388,4970,721,406
SKU_00046,BIN_000138,4780,212,142
SKU_00033,BIN_000511,1662,312,283
SKU_00309,BIN_000494,3289,166,385
SKU_00693,BIN_000468,1102,207,280
SKU_00855,BIN_000969,4127,399,129
SKU_00597,BIN_000099,3306,425,198
SKU_00698,BIN_001242,2238,662,122
SKU_00124,BIN_000307,1288,935,300
SKU_00266,BIN_000455,283,680,112
SKU_00298,BIN_000948,4466,380,80
SKU_00110,BIN_001067,366,571,161
SKU_00779,BIN_000050,332,844,157
SKU_00642,BIN_000021,1232,919,475
SKU_00212,BIN_001362,1927,714,252
SKU_00507,BIN_000708,4242,342,355
SKU_00583,BIN_001191,3609,776,235
SKU_00075,BIN_000510,2659,126,127
SKU_00816,BIN_001128,3812,910,407
SKU_00934,BIN_000267,3403,527,62
SKU_00023,BIN_000429,2277,922,397
SKU_00167,BIN_001041,1037,593,363
SKU_00589,BIN_001397,3890,456,329
SKU_00987,BIN_001454,1652,395,497
SKU_00637,BIN_000814,2242,778,151
SKU_00389,BIN_001127,3627,381,248
SKU_00213,BIN_000550,2457,492,200
SKU_00430,BIN_001390,243,523,236
SKU_00951,BIN_000835,1501,681,195
SKU_00579,BIN_000414,3294,434,360
SKU_00478,BIN_000632,511,984,181
SKU_00286,BIN_000639,2404,863,85
SKU_00659,BIN_000387,549,755,238
SKU_00282,BIN_001241,296,593,410
SKU_00980,BIN_000105,3034,634,102
SKU_00511,BIN_000013,2231,812,296
SKU_00177,BIN_001220,3597,409,213
SKU_00582,BIN_000325,2413,277,437
SKU_00944,BIN_000941,4767,935,490
SKU_00600,BIN_000109,2680,509,386
SKU_00223,BIN_001471,1401,416,241
SKU_00806,BIN_000833,3736,853,189
SKU_00747,BIN_000065,3302,372,408
SKU_00022,BIN_001378,2460,431,128
SKU_00622,BIN_000127,4013,156,179
SKU_00629,BIN_000217,3710,560,254
SKU_00556,BIN_000474,3572,979,479
SKU_00531,BIN_000275,4739,267,348
SKU_00235,BIN_001441,1633,671,137
SKU_00317,BIN_001445,3520,721,428
SKU_00946,BIN_001324,4005,968,174
SKU_00715,BIN_000270,572,415,298
SKU_00215,BIN_000610,1067,899,334
SKU_00942,BIN_000755,1138,484,260
SKU_00703,BIN_000929,1674,632,199
SKU_00885,BIN_000178,1252,437,307
SKU_00482,BIN_000369,3710,874,216
SKU_00158,BIN_000645,2914,991,322
SKU_00892,BIN_000947,4841,539,393
SKU_00997,BIN_000239,3820,244,161
SKU_00130,BIN_000266,2213,650,407
SKU_00902,BIN_000479,3180,225,118
SKU_00870,BIN_000115,667,917,274
SKU_00319,BIN_000911,319,446,202
SKU_00625,BIN_000647,1274,931,244
SKU_00418,BIN_000221,4976,547,306
SKU_00049,BIN_000208,1079,598,227
SKU_00927,BIN_000229,3229,455,378
SKU_00866,BIN_000560,3501,434,180
SKU_00811,BIN_000198,3641,551,269
SKU_00445,BIN_000337,4855,306,298
SKU_00326,BIN_001290,1672,467,434
SKU_00350,BIN_000206,545,145,428
SKU_00887,BIN_001387,1900,733,407
SKU_00958,BIN_000220,1925,757,153
SKU_00730,BIN_000263,1558,428,350
SKU_00973,BIN_001474,1118,815,418
SKU_00636,BIN_000302,545,815,489
SKU_00767,BIN_001047,758,266,234
SKU_00380,BIN_000541,3199,778,129
SKU_00413,BIN_000310,1641,774,61
SKU_00366,BIN_000140,2010,811,183
SKU_00604,BIN_000954,4315,368,397
SKU_00405,BIN_000492,1429,427,353
SKU_00262,BIN_000443,2408,676,93
SKU_00519,BIN_000609,3380,736,492
SKU_00097,BIN_000989,808,742,108
SKU_00479,BIN_001438,1508,724,187
SKU_00087,BIN_000692,992,262,362
SKU_00316,BIN_001011,3330,181,423
SKU_00787,BIN_000086,876,195,172
SKU_00790,BIN_000180,3902,230,255
SKU_00588,BIN_000681,3735,112,425
SKU_00729,BIN_001016,1029,340,456
SKU_00028,BIN_000966,2618,517,433
SKU_00644,BIN_000521,4337,433,303
SKU_00493,BIN_000676,3414,435,75
SKU_00135,BIN_000668,4577,999,288
SKU_00555,BIN_000306,4946,160,453
SKU_00011,BIN_001120,440,765,425
SKU_00156,BIN_000119,4077,910,270
SKU_00206,BIN_001066,1081,114,196
SKU_00084,BIN_001431,543,977,242
SKU_00520,BIN_000396,4997,485,121
SKU_00546,BIN_000810,589,905,333
SKU_00133,BIN_000262,3281,470,199
SKU_00784,BIN_001245,864,964,490
SKU_00294,BIN_001186,3933,614,413
SKU_00425,BIN_001074,4977,375,297
SKU_00975,BIN_000875,472,492,82
SKU_00653,BIN_000190,4682,831,172
SKU_00900,BIN_000961,1894,997,259
SKU_00123,BIN_001008,3314,890,345
SKU_00587,BIN_001080,1224,624,82
SKU_00047,BIN_001069,1891,918,314
SKU_00590,BIN_000213,4162,983,131
SKU_00985,BIN_001497,225,670,161
SKU_00422,BIN_000687,3726,624,439
SKU_00967,BIN_000162,3616,516,155
SKU_00372,BIN_001092,3227,782,299
SKU_00218,BIN_000066,3107,914,353
SKU_00330,BIN_000847,922,584,494
SKU_00750,BIN_000059,4515,451,136
SKU_00562,BIN_000240,781,428,195
SKU_00346,BIN_000532,875,576,284
SKU_00014,BIN_000674,1672,479,483
SKU_00297,BIN_001250,417,521,191
SKU_00283,BIN_000998,2187,283,444
SKU_00038,BIN_000251,4942,325,335
SKU_00919,BIN_000112,4342,811,137
SKU_00353,BIN_001181,1596,782,439
SKU_00676,BIN_000529,1002,961,197
SKU_00805,BIN_000236,1269,239,158
SKU_00837,BIN_000893,1087,135,110
SKU_00708,BIN_000231,1738,271,136
SKU_00214,BIN_001040,3737,800,328
SKU_00287,BIN_000419,2898,340,134
SKU_00867,BIN_000000,2305,316,108
SKU_00460,BIN_000411,913,621,331
SKU_00809,BIN_000864,853,956,89
SKU_00694,BIN_000706,2400,601,197
SKU_00243,BIN_000859,4511,860,169
SKU_00933,BIN_000053,1285,135,51
SKU_00284,BIN_001058,3067,223,444
SKU_00454,BIN_001417,1085,972,199
SKU_00434,BIN_000976,840,339,424
SKU_00260,BIN_001180,4104,615,164
SKU_00830,BIN_001157,3027,886,374
SKU_00602,BIN_001248,3741,862,333
SKU_00650,BIN_001467,2547,867,384
SKU_00163,BIN_000826,4148,680,456
SKU_00066,BIN_001384,1892,854,334
SKU_00147,BIN_001132,4805,405,240
SKU_00339,BIN_000225,1719,795,418
SKU_00111,BIN_000991,3065,964,411
SKU_00754,BIN_000512,4955,918,63
SKU_00681,BIN_000379,2605,113,111
SKU_00306,BIN_001160,567,605,161
SKU_00265,BIN_001349,3321,141,412
SKU_00696,BIN_001195,2176,522,464
SKU_00682,BIN_001260,4030,614,397
SKU_00617,BIN_000005,815,222,393
SKU_00601,BIN_000885,3218,687,214
SKU_00897,BIN_000035,2426,219,418
SKU_00965,BIN_001086,2132,663,142
SKU_00530,BIN_000301,2686,678,172
SKU_00776,BIN_000572,3027,479,267
SKU_00391,BIN_000248,1866,411,450
SKU_00254,BIN_001223,1982,895,219
SKU_00099,BIN_001285,718,907,440
SKU_00672,BIN_000855,4793,406,265
SKU_00468,BIN_000014,2771,566,307
SKU_00895,BIN_000090,3792,761,92
SKU_00712,BIN_000265,659,614,459
SKU_00841,BIN_000589,3243,936,386
SKU_00571,BIN_000802,3853,288,300
SKU_00320,BIN_000432,549,219,464
SKU_00832,BIN_001202,3878,560,229
SKU_00411,BIN_001370,2325,180,345
SKU_00192,BIN_000650,3662,912,488
SKU_00037,BIN_000278,3256,918,316
SKU_00202,BIN_001097,4836,962,395
SKU_00278,BIN_000485,2924,876,70
SKU_00858,BIN_000285,2591,667,451
SKU_00969,BIN_001300,399,468,278
SKU_00539,BIN_001193,4279,440,404
SKU_00746,BIN_001078,742,349,443
SKU_00345,BIN_000972,1796,193,443
SKU_00620,BIN_000611,3940,130,208
SKU_00181,BIN_000233,2595,961,194
SKU_00109,BIN_001288,4826,727,141
SKU_00711,BIN_001113,4477,831,170
SKU_00429,BIN_000666,176,956,285
SKU_00443,BIN_000504,1343,168,87
SKU_00775,BIN_000657,2515,748,139
SKU_00466,BIN_001328,3671,727,166
SKU_00193,BIN_000787,1639,100,138
SKU_00179,BIN_000766,1804,231,339
SKU_00259,BIN_001104,4989,197,60
SKU_00166,BIN_001294,2193,387,372
SKU_00080,BIN_001312,801,638,64
SKU_00400,BIN_001376,2990,729,188
SKU_00040,BIN_001196,3048,230,150
SKU_00735,BIN_001096,942,477,375
SKU_00253,BIN_000781,1829,449,475
SKU_00834,BIN_001034,3114,861,350
SKU_00222,BIN_000238,241,757,186
SKU_00528,BIN_001415,1653,920,85
SKU_00770,BIN_000052,345,698,187
SKU_00459,BIN_001172,3677,477,468
SKU_00209,BIN_001229,1378,289,143
SKU_00132,BIN_000028,3959,107,296
SKU_00441,BIN_000469,1671,876,241
SKU_00753,BIN_000874,2306,927,399
SKU_00641,BIN_001263,3709,336,397
SKU_00230,BIN_001091,1166,481,378
SKU_00083,BIN_000336,3092,975,197
SKU_00899,BIN_001373,4115,500,69
SKU_00409,BIN_000624,2074,574,134
SKU_00669,BIN_000696,2068,155,100
SKU_00864,BIN_000467,60,605,338
SKU_00667,BIN_000617,4033,204,84
SKU_00924,BIN_001295,468,656,436
SKU_00114,BIN_000891,3429,480,487
SKU_00383,BIN_000222,4203,704,71
SKU_00875,BIN_001187,4936,414,256
SKU_00654,BIN_000126,4947,261,335
SKU_00542,BIN_001199,811,286,69
SKU_00908,BIN_001045,2879,268,161
SKU_00888,BIN_001477,4140,855,209
SKU_00151,BIN_001319,3532,428,321
SKU_00152,BIN_000993,4188,252,51
SKU_00565,BIN_000757,3027,996,96
SKU_00818,BIN_001453,2389,128,182
SKU_00063,BIN_000774,4413,808,146
SKU_00828,BIN_001224,3530,309,467
SKU_00333,BIN_001372,917,148,478
SKU_00053,BIN_000156,1914,263,163
SKU_00722,BIN_000439,2745,823,178
SKU_00859,BIN_000024,3903,549,459
SKU_00960,BIN_000011,4184,856,460
SKU_00288,BIN_001044,3498,464,467
SKU_00241,BIN_001122,4463,669,109
SKU_00656,BIN_000044,1415,656,466
SKU_00060,BIN_000978,728,924,143
SKU_00030,BIN_001275,598,912,104
SKU_00013,BIN_001352,607,160,458
SKU_00057,BIN_000540,4826,871,421
SKU_00311,BIN_000091,4668,970,395
SKU_00090,BIN_001102,1182,945,406
SKU_00433,BIN_000145,4116,414,365
SKU_00387,BIN_000895,615,262,142
SKU_00827,BIN_000735,835,563,317
SKU_00077,BIN_001155,944,991,429
SKU_00374,BIN_001389,3287,303,113
SKU_00334,BIN_000434,3836,641,190
SKU_00281,BIN_000568,994,950,169
SKU_00503,BIN_001029,3743,889,255
SKU_00613,BIN_000882,471,815,72
SKU_00599,BIN_000269,4800,296,274
SKU_00199,BIN_001161,3766,480,423
SKU_00331,BIN_001094,2152,560,325
SKU_00335,BIN_000114,581,548,170
SKU_00299,BIN_001221,1697,940,150
SKU_00916,BIN_001236,3757,100,185
SKU_00239,BIN_000047,4052,800,370
SKU_00318,BIN_000349,2598,852,259
SKU_00959,BIN_000870,76,970,306
SKU_00889,BIN_000548,3475,551,441
SKU_00792,BIN_000475,3471,823,84
SKU_00291,BIN_001103,1830,376,270
SKU_00428,BIN_000357,3344,718,159
SKU_00056,BIN_000431,3773,312,231
SKU_00922,BIN_000391,1247,664,246
SKU_00854,BIN_000786,2078,470,311
SKU_00603,BIN_000340,1187,954,348
SKU_00058,BIN_000316,3327,579,406
SKU_00782,BIN_001159,4845,933,228
SKU_00285,BIN_000082,442,648,374
SKU_00592,BIN_000373,2417,198,95
SKU_00593,BIN_000308,1666,708,452
SKU_00292,BIN_000960,1878,730,381
SKU_00031,BIN_001257,2666,324,213
SKU_00392,BIN_001232,1548,934,417
SKU_00773,BIN_000720,694,216,199
SKU_00201,BIN_000159,460,835,279
SKU_00995,BIN_000820,2293,251,439
SKU_00096,BIN_000670,506,419,312
SKU_00616,BIN_000831,999,242,126
SKU_00883,BIN_000997,2903,728,121
SKU_00021,BIN_001258,453,336,449
SKU_00764,BIN_001112,1170,856,168
SKU_00760,BIN_001306,4498,835,112
SKU_00812,BIN_001428,3142,390,115
SKU_00117,BIN_000630,1156,114,460
SKU_00009,BIN_000653,1711,319,303
SKU_00351,BIN_000554,2581,146,183
SKU_00071,BIN_000934,4229,319,76
SKU_00844,BIN_000527,262,838,491
SKU_00168,BIN_001478,3705,438,340
SKU_00079,BIN_000988,3226,373,115
SKU_00874,BIN_000407,318,286,279
SKU_00121,BIN_001203,1648,703,347
SKU_00449,BIN_000979,4013,731,401
SKU_00974,BIN_001171,2046,864,362
SKU_00237,BIN_000599,255,150,246
SKU_00379,BIN_000490,117,806,394
SKU_00514,BIN_000796,63,403,184
SKU_00728,BIN_000894,873,642,94
SKU_00042,BIN_000499,1348,249,144
SKU_00928,BIN_001037,566,985,212
SKU_00833,BIN_001019,2528,203,62
SKU_00354,BIN_000741,3727,889,375
SKU_00440,BIN_000958,2308,291,399
SKU_00491,BIN_001077,987,509,299
SKU_00190,BIN_000477,1340,604,291
SKU_00940,BIN_000374,2797,173,112
SKU_00988,BIN_000294,4846,530,233
SKU_00220,BIN_001156,1381,397,322
SKU_00019,BIN_001049,1559,128,296
SKU_00846,BIN_000698,1382,606,109
SKU_00926,BIN_000347,598,771,246
SKU_00487,BIN_000122,1400,280,341
SKU_00664,BIN_000970,4917,702,287
SKU_00273,BIN_001114,3353,751,60
SKU_00492,BIN_000943,1395,100,153
SKU_00619,BIN_001329,1008,515,62
SKU_00101,BIN_000762,1898,925,439
SKU_00001,BIN_000908,3750,975,82
SKU_00706,BIN_000551,888,721,228
SKU_00029,BIN_000445,730,305,280
SKU_00300,BIN_000559,3240,298,118
SKU_00606,BIN_001079,3292,707,208
SKU_00957,BIN_000260,4281,964,420
SKU_00231,BIN_001289,4703,142,146
SKU_00377,BIN_000518,1171,582,219
SKU_00436,BIN_001476,2923,779,204
SKU_00476,BIN_000669,2735,143,445
SKU_00598,BIN_001345,1951,603,183
SKU_00936,BIN_000921,4215,758,79
SKU_00010,BIN_000478,4231,277,332
SKU_00628,BIN_000410,1487,728,76
SKU_00741,BIN_000358,139,538,177
SKU_00211,BIN_001154,233,445,144
SKU_00901,BIN_001126,295,601,219
SKU_00481,BIN_000104,4151,614,268
SKU_00472,BIN_000665,1450,594,488
SKU_00032,BIN_001262,3523,857,258
SKU_00008,BIN_000133,2285,663,114
SKU_00486,BIN_000571,3001,455,278
SKU_00938,BIN_000069,2524,673,281
SKU_00312,BIN_000858,2268,830,395
SKU_00586,BIN_001175,1611,285,341
SKU_00189,BIN_001123,289,312,272
SKU_00518,BIN_001414,2335,555,141
SKU_00580,BIN_001266,1848,254,193
SKU_00724,BIN_000078,2898,996,445
SKU_00977,BIN_000886,919,885,384
SKU_00323,BIN_001279,86,267,125
SKU_00005,BIN_001367,3405,596,191
SKU_00370,BIN_000460,4980,184,414
SKU_00264,BIN_001366,3965,861,275
SKU_00439,BIN_001330,2088,501,105
SKU_00983,BIN_000386,3896,489,244
SKU_00244,BIN_000763,909,912,217
SKU_00458,BIN_000646,160,752,52
SKU_00640,BIN_000823,2968,810,227
SKU_00497,BIN_000067,3159,704,72
SKU_00668,BIN_000461,1337,724,176
SKU_00871,BIN_000813,2747,782,87
SKU_00407,BIN_001264,3245,991,107
SKU_00257,BIN_001083,3698,371,312
SKU_00236,BIN_000867,3883,336,234
SKU_00006,BIN_000619,3880,709,385
SKU_00100,BIN_001355,607,508,290
SKU_00701,BIN_001360,3313,637,143
SKU_00646,BIN_000784,4161,962,277
SKU_00068,BIN_001148,55,564,422
SKU_00448,BIN_001479,4293,763,480
SKU_00470,BIN_001039,764,192,490
SKU_00126,BIN_001214,4233,188,163
SKU_00164,BIN_000319,3205,201,106
SKU_00850,BIN_000711,2954,371,115
SKU_00347,BIN_000798,709,384,457
SKU_00368,BIN_001169,2167,626,440
SKU_00369,BIN_000116,2191,353,392
SKU_00145,BIN_000362,3715,617,55
SKU_00563,BIN_001487,2065,418,381
SKU_00898,BIN_000482,4713,522,387
SKU_00930,BIN_000586,4367,427,492
SKU_00952,BIN_000615,4847,778,432
SKU_00356,BIN_000297,2459,239,385
SKU_00726,BIN_000457,2895,929,420
SKU_00576,BIN_000435,602,815,182
SKU_00794,BIN_001337,922,925,255
SKU_00424,BIN_000853,1545,898,98
SKU_00704,BIN_000141,3931,656,157
SKU_00736,BIN_000253,3611,658,329
SKU_00982,BIN_000148,1966,559,466
SKU_00878,BIN_001443,2968,974,401
SKU_00500,BIN_000227,1232,446,494
SKU_00128,BIN_001499,2408,269,389
SKU_00840,BIN_000595,1644,458,338
SKU_00626,BIN_000346,4623,447,277
SKU_00371,BIN_000797,2785,693,356
SKU_00171,BIN_000132,887,484,194
SKU_00290,BIN_000370,953,740,334
SKU_00856,BIN_000186,4285,185,184
SKU_00655,BIN_001381,2048,201,173
SKU_00557,BIN_001150,3218,361,327
SKU_00148,BIN_000506,559,736,74
SKU_00382,BIN_000230,3827,343,145
SKU_00559,BIN_001246,2788,399,138
SKU_00098,BIN_000057,4888,330,150
SKU_00465,BIN_000209,1342,613,250
SKU_00665,BIN_000628,852,258,126
SKU_00821,BIN_001210,977,195,289
SKU_00610,BIN_000904,257,114,71
SKU_00332,BIN_001303,3036,928,198
SKU_00630,BIN_001059,2620,551,269
SKU_00515,BIN_001012,4127,782,373
SKU_00149,BIN_000525,3922,467,262
SKU_00868,BIN_000738,1090,495,84
SKU_00044,BIN_000438,3066,886,94
SKU_00205,BIN_000276,2368,649,202
SKU_00772,BIN_001405,1473,293,422
SKU_00621,BIN_000341,1515,975,257
SKU_00634,BIN_000819,3540,779,401
SKU_00925,BIN_000352,2269,747,233
SKU_00955,BIN_000837,4710,254,204
SKU_00687,BIN_001276,2011,305,103
SKU_00649,BIN_001325,4203,766,342
SKU_00882,BIN_000767,4401,820,400
SKU_00718,BIN_000318,4031,117,165
SKU_00442,BIN_001185,4647,711,282
SKU_00456,BIN_000592,1656,910,175
SKU_00004,BIN_000366,2883,811,314
SKU_00208,BIN_000861,4824,803,265
SKU_00945,BIN_001060,3290,167,95
SKU_00072,BIN_000633,4676,622,161
