sku_id,gmm_cluster,cluster_probability,second_best_cluster,second_best_probability,confidence_gap
SKU_00678,0,0.9869610049366023,1,0.01303899506339755,0.9739220098732048
SKU_00134,0,0.9388436327334538,1,0.061156367266546,0.8776872654669079
SKU_00475,1,0.5392940768969047,0,0.46070592310309544,0.07858815379380923
SKU_00971,0,0.5721958160161528,1,0.427804183983847,0.14439163203230576
SKU_00825,0,0.6293502018631291,1,0.37064979813687104,0.258700403726258
SKU_00412,0,0.9286848080152129,1,0.07131519198478722,0.8573696160304257
SKU_00112,1,0.9100971120287256,0,0.08990288797127473,0.8201942240574508
SKU_00427,0,0.797711903288823,1,0.20228809671117712,0.5954238065776459
SKU_00512,0,0.9574649306035444,1,0.04253506939645588,0.9149298612070885
SKU_00305,1,0.8429719598808764,0,0.15702804011912339,0.685943919761753
SKU_00313,0,0.9851537162082107,1,0.014846283791789643,0.970307432416421
SKU_00814,0,0.588146615616507,1,0.41185338438349295,0.1762932312330141
SKU_00577,0,0.9648628754778384,1,0.035137124522161514,0.9297257509556769
SKU_00150,0,0.9832381727502303,1,0.01676182724976936,0.9664763455004609
SKU_00581,0,0.5395015180013957,1,0.46049848199860444,0.07900303600279124
SKU_00810,0,0.8477373758924484,1,0.15226262410755154,0.6954747517848968
SKU_00799,1,0.6520546308296178,0,0.34794536917038227,0.3041092616592355
SKU_00249,0,0.5183927420831229,1,0.48160725791687725,0.03678548416624566
SKU_00948,0,0.917109789325589,1,0.08289021067441091,0.834219578651178
SKU_00228,1,0.9845843785952678,0,0.01541562140473245,0.9691687571905354
SKU_00679,0,0.9846990148541187,1,0.015300985145881664,0.9693980297082371
SKU_00203,1,0.5664546823101292,0,0.43354531768987087,0.13290936462025832
SKU_00183,0,0.9913589998457952,1,0.00864100015420434,0.9827179996915909
SKU_00517,1,0.7685877105234343,0,0.2314122894765658,0.5371754210468686
SKU_00324,0,0.9396307817702437,1,0.06036921822975609,0.8792615635404877
SKU_00923,0,0.9957624637256466,1,0.004237536274353256,0.9915249274512933
SKU_00758,0,0.9812371719608657,1,0.018762828039133955,0.9624743439217317
SKU_00245,1,0.8431964207015242,0,0.15680357929847555,0.6863928414030487
SKU_00731,0,0.9094865042296749,1,0.09051349577032482,0.8189730084593501
SKU_00575,1,0.8101512384808236,0,0.18984876151917635,0.6203024769616472
SKU_00943,1,0.9734473302605978,0,0.026552669739402613,0.9468946605211952
SKU_00836,0,0.9138421800817574,1,0.08615781991824269,0.8276843601635148
SKU_00498,0,0.9912273370233962,1,0.008772662976603687,0.9824546740467924
SKU_00648,0,0.9910852453307377,1,0.008914754669262295,0.9821704906614754
SKU_00393,0,0.6860428423967238,1,0.3139571576032762,0.37208568479344756
SKU_00446,0,0.6734180007803475,1,0.3265819992196524,0.3468360015606951
SKU_00390,0,0.6972846462835711,1,0.3027153537164289,0.39456929256714224
SKU_00240,0,0.5837219015859435,1,0.4162780984140562,0.16744380317188728
SKU_00710,0,0.5300741002727816,1,0.4699258997272182,0.06014820054556336
SKU_00671,1,0.8804833028435621,0,0.11951669715643795,0.7609666056871242
SKU_00447,0,0.603634628310077,1,0.39636537168992303,0.20726925662015394
SKU_00308,1,0.7296008617614604,0,0.27039913823853945,0.459201723522921
SKU_00197,0,0.762209356642018,1,0.23779064335798183,0.5244187132840362
SKU_00937,1,0.6416885888767002,0,0.3583114111233001,0.2833771777534001
SKU_00869,1,0.7709925065783042,0,0.2290074934216962,0.541985013156608
SKU_00769,1,0.7737477088350889,0,0.22625229116491086,0.5474954176701781
SKU_00705,0,0.8740659468428839,1,0.12593405315711637,0.7481318936857675
SKU_00627,0,0.5739663956981295,1,0.42603360430187015,0.1479327913962593
SKU_00178,0,0.5461885388642403,1,0.4538114611357594,0.09237707772848097
SKU_00127,1,0.6909022488193372,0,0.3090977511806629,0.38180449763867425
SKU_00384,0,0.8052497267897344,1,0.1947502732102658,0.6104994535794686
SKU_00419,0,0.9447433729203204,1,0.05525662707967938,0.889486745840641
SKU_00996,0,0.967706770480633,1,0.03229322951936703,0.935413540961266
SKU_00120,0,0.7649990361650977,1,0.23500096383490235,0.5299980723301954
SKU_00991,0,0.9860449386086879,1,0.013955061391312243,0.9720898772173757
SKU_00070,1,0.6050213218715667,0,0.3949786781284338,0.21004264374313286
SKU_00905,1,0.8924617922724561,0,0.1075382077275438,0.7849235845449123
SKU_00431,1,0.7801435916611384,0,0.21985640833886133,0.5602871833222771
SKU_00795,0,0.9302421437614221,1,0.0697578562385778,0.8604842875228443
SKU_00271,1,0.7203033425068036,0,0.2796966574931962,0.4406066850136074
SKU_00403,0,0.9843293822485432,1,0.015670617751456666,0.9686587644970865
SKU_00378,0,0.9754074409513516,1,0.02459255904864861,0.9508148819027029
SKU_00932,0,0.7771871400478512,1,0.22281285995214906,0.5543742800957021
SKU_00035,0,0.6859797345395978,1,0.3140202654604023,0.3719594690791955
SKU_00891,0,0.8562981101914949,1,0.14370188980850507,0.7125962203829899
SKU_00737,0,0.977646566762236,1,0.022353433237763856,0.9552931335244722
SKU_00267,0,0.6117044750775974,1,0.3882955249224027,0.22340895015519469
SKU_00139,0,0.8792263755657791,1,0.12077362443422095,0.7584527511315582
SKU_00509,0,0.8615584835561977,1,0.13844151644380193,0.7231169671123958
SKU_00367,0,0.7571979773657009,1,0.2428020226342992,0.5143959547314018
SKU_00207,0,0.9179784591095289,1,0.08202154089047112,0.8359569182190578
SKU_00002,1,0.7861426070898169,0,0.21385739291018308,0.5722852141796337
SKU_00780,0,0.7130889391893132,1,0.28691106081068674,0.4261778783786264
SKU_00748,0,0.62996964354634,1,0.3700303564536599,0.2599392870926801
SKU_00471,1,0.7316804661275315,0,0.26831953387246865,0.4633609322550628
SKU_00352,0,0.9621569395458768,1,0.03784306045412288,0.9243138790917539
SKU_00614,0,0.9737690191766276,1,0.026230980823372205,0.9475380383532555
SKU_00464,1,0.5259310874045412,0,0.4740689125954587,0.051862174809082506
SKU_00558,0,0.6272129233193477,1,0.3727870766806522,0.25442584663869555
SKU_00745,1,0.5299188057285867,0,0.47008119427141354,0.0598376114571732
SKU_00759,1,0.7560597469482379,0,0.24394025305176226,0.5121194938964756
SKU_00798,0,0.8992538321804298,1,0.10074616781957049,0.7985076643608593
SKU_00645,0,0.8920622651412426,1,0.10793773485875731,0.7841245302824853
SKU_00226,0,0.8833593931527467,1,0.11664060684725319,0.7667187863054935
SKU_00680,0,0.5232960907723644,1,0.4767039092276352,0.04659218154472916
SKU_00574,0,0.9970254690944553,1,0.002974530905544961,0.9940509381889103
SKU_00450,0,0.5271550806941174,1,0.4728449193058824,0.05431016138823502
SKU_00238,0,0.71144004227253,1,0.28855995772746984,0.42288008454506015
SKU_00094,0,0.7489511277712897,1,0.2510488722287104,0.4979022555425793
SKU_00707,0,0.9785553426731183,1,0.021444657326881743,0.9571106853462366
SKU_00524,0,0.8006324703204869,1,0.1993675296795131,0.6012649406409738
SKU_00435,0,0.97516985202711,1,0.02483014797289006,0.95033970405422
SKU_00170,0,0.5055868655086496,1,0.4944131344913499,0.011173731017299737
SKU_00073,0,0.6842475938198057,1,0.3157524061801942,0.36849518763961153
SKU_00137,0,0.9718087135275323,1,0.028191286472467325,0.943617427055065
SKU_00573,1,0.7019175110017952,0,0.298082488998205,0.4038350220035902
SKU_00950,0,0.6874996701087215,1,0.3125003298912788,0.3749993402174427
SKU_00719,1,0.7312748557824617,0,0.26872514421753835,0.4625497115649233
SKU_00727,1,0.5729634481021821,0,0.4270365518978179,0.14592689620436422
SKU_00485,1,0.7707233048082887,0,0.22927669519171154,0.5414466096165771
SKU_00513,0,0.7638919262509145,1,0.23610807374908546,0.527783852501829
SKU_00357,0,0.8993694078107918,1,0.10063059218920799,0.7987388156215838
SKU_00113,1,0.7738684322194457,0,0.22613156778055446,0.5477368644388912
SKU_00752,1,0.6285334273706777,0,0.37146657262932226,0.2570668547413555
SKU_00803,1,0.7918656241995279,0,0.20813437580047187,0.583731248399056
SKU_00813,1,0.8180343788381561,0,0.18196562116184387,0.6360687576763122
SKU_00118,0,0.7785511691055704,1,0.2214488308944296,0.5571023382111409
SKU_00961,0,0.874870912044445,1,0.12512908795555475,0.7497418240888902
SKU_00252,0,0.907142067761209,1,0.09285793223879103,0.814284135522418
SKU_00480,0,0.9824217529986661,1,0.017578247001333543,0.9648435059973325
SKU_00165,0,0.9750832927647767,1,0.024916707235223247,0.9501665855295535
SKU_00820,0,0.7488694576528544,1,0.25113054234714544,0.49773891530570896
SKU_00052,1,0.8385703310841269,0,0.16142966891587313,0.6771406621682539
SKU_00709,0,0.8912060417681825,1,0.10879395823181745,0.782412083536365
SKU_00398,0,0.8805495449550693,1,0.11945045504493058,0.7610990899101387
SKU_00541,0,0.9868741803949183,1,0.013125819605081742,0.9737483607898365
SKU_00414,1,0.7350983495682492,0,0.2649016504317506,0.47019669913649853
SKU_00697,0,0.9200508595828382,1,0.07994914041716168,0.8401017191656764
SKU_00872,0,0.574269925214899,1,0.4257300747851014,0.14853985042979756
SKU_00508,0,0.5218103098921029,1,0.47818969010789747,0.043620619784205394
SKU_00947,1,0.5196679523359117,0,0.48033204766408827,0.03933590467182341
SKU_00221,0,0.628551176928412,1,0.3714488230715883,0.25710235385682373
SKU_00463,0,0.797144091496354,1,0.2028559085036461,0.5942881829927079
SKU_00182,0,0.9928143343178374,1,0.007185665682162793,0.9856286686356746
SKU_00355,1,0.8764190384145305,0,0.12358096158546937,0.7528380768290611
SKU_00200,0,0.8238108482749852,1,0.17618915172501498,0.6476216965499701
SKU_00839,0,0.5494605768617324,1,0.45053942313826745,0.098921153723465
SKU_00771,0,0.6205196138494565,1,0.37948038615054364,0.2410392276989129
SKU_00860,1,0.559803067574063,0,0.4401969324259371,0.11960613514812585
SKU_00886,0,0.9949258050813534,1,0.005074194918646493,0.989851610162707
SKU_00065,0,0.9507323095051695,1,0.04926769049483014,0.9014646190103394
SKU_00473,0,0.9511097421476504,1,0.048890257852349565,0.9022194842953009
SKU_00325,1,0.5615736302959973,0,0.43842636970400284,0.12314726059199443
SKU_00568,1,0.944203129212677,0,0.05579687078732309,0.8884062584253539
SKU_00295,0,0.9926066516288476,1,0.007393348371152422,0.9852133032576952
SKU_00401,0,0.9216106025886166,1,0.07838939741138333,0.8432212051772333
SKU_00774,0,0.7163437760544092,1,0.28365622394559065,0.4326875521088186
SKU_00807,0,0.5612525538974988,1,0.4387474461025013,0.12250510779499751
SKU_00914,1,0.934685045158496,0,0.06531495484150433,0.8693700903169918
SKU_00647,0,0.8732541873348024,1,0.12674581266519752,0.7465083746696048
SKU_00388,0,0.923519728215876,1,0.07648027178412414,0.8470394564317518
SKU_00903,0,0.9876756348725135,1,0.012324365127486423,0.9753512697450271
SKU_00247,0,0.8662145422641331,1,0.13378545773586695,0.7324290845282662
SKU_00154,1,0.8579008258319047,0,0.14209917416809512,0.7158016516638096
SKU_00549,0,0.9746775302259866,1,0.025322469774013194,0.9493550604519734
SKU_00532,0,0.8973348507212834,1,0.10266514927871674,0.7946697014425667
SKU_00949,1,0.5111541497587666,0,0.48884585024123356,0.022308299517533048
SKU_00396,1,0.6471776238666039,0,0.352822376133396,0.2943552477332079
SKU_00020,1,0.690057169092649,0,0.3099428309073508,0.3801143381852982
SKU_00548,0,0.9013079909336873,1,0.09869200906631265,0.8026159818673746
SKU_00489,1,0.8958709414099336,0,0.10412905859006652,0.7917418828198671
SKU_00107,1,0.7149452853302787,0,0.28505471466972115,0.4298905706605575
SKU_00609,0,0.7859889546718632,1,0.2140110453281369,0.5719779093437264
SKU_00462,0,0.8466375266311523,1,0.15336247336884745,0.6932750532623049
SKU_00966,0,0.7915285559458838,1,0.2084714440541163,0.5830571118917675
SKU_00358,0,0.9622413160799824,1,0.03775868392001765,0.9244826321599647
SKU_00970,0,0.8725214905078177,1,0.1274785094921824,0.7450429810156353
SKU_00791,0,0.9855108121875664,1,0.014489187812433791,0.9710216243751326
SKU_00755,0,0.9885513180237303,1,0.011448681976269843,0.9771026360474605
SKU_00631,0,0.9240581188574688,1,0.07594188114253118,0.8481162377149376
SKU_00421,0,0.9476886202041934,1,0.05231137979580646,0.895377240408387
SKU_00534,0,0.9797352876818135,1,0.020264712318186696,0.9594705753636268
SKU_00720,0,0.9927338432649072,1,0.007266156735092726,0.9854676865298145
SKU_00467,0,0.8897884188403182,1,0.11021158115968176,0.7795768376806365
SKU_00233,1,0.7795361399798855,0,0.22046386002011434,0.5590722799597712
SKU_00688,0,0.8868826508619178,1,0.11311734913808243,0.7737653017238353
SKU_00336,0,0.9188222989822094,1,0.08117770101779062,0.8376445979644187
SKU_00510,0,0.9937043495885589,1,0.006295650411441453,0.9874086991771175
SKU_00781,0,0.9390077606981031,1,0.06099223930189703,0.8780155213962061
SKU_00824,0,0.9951204749684829,1,0.004879525031517194,0.9902409499369657
SKU_00420,1,0.9642103256580025,0,0.03578967434199761,0.9284206513160048
SKU_00847,1,0.9757602715993975,0,0.024239728400602286,0.9515205431987952
SKU_00551,0,0.7774689998613106,1,0.22253100013868937,0.5549379997226211
SKU_00662,0,0.8055784971294385,1,0.19442150287056154,0.611156994258877
SKU_00119,1,0.5296787094215214,0,0.4703212905784787,0.059357418843042686
SKU_00953,0,0.7582917575155737,1,0.2417082424844262,0.5165835150311474
SKU_00789,0,0.6804624822464829,1,0.3195375177535172,0.3609249644929657
SKU_00438,0,0.7051315809601103,1,0.29486841903988953,0.4102631619202208
SKU_00204,1,0.8545258676893315,0,0.14547413231066866,0.7090517353786628
SKU_00494,1,0.9621633943677904,0,0.037836605632209724,0.9243267887355807
SKU_00321,0,0.9547558478519329,1,0.045244152148067034,0.9095116957038659
SKU_00453,1,0.6629245190687839,0,0.33707548093121614,0.32584903813756777
SKU_00337,0,0.6009937605109734,1,0.39900623948902664,0.20198752102194678
SKU_00700,0,0.9728852981344731,1,0.027114701865526794,0.9457705962689463
SKU_00104,0,0.9896554336106316,1,0.010344566389368353,0.9793108672212633
SKU_00716,1,0.5516306700418926,0,0.4483693299581076,0.10326134008378501
SKU_00661,1,0.5515364611781541,0,0.44846353882184575,0.10307292235630838
SKU_00894,0,0.8799692401354461,1,0.12003075986455382,0.7599384802708923
SKU_00176,1,0.5589006534967689,0,0.441099346503231,0.11780130699353786
SKU_00187,0,0.9403337134240525,1,0.05966628657594762,0.8806674268481048
SKU_00815,0,0.9852406943169156,1,0.014759305683084417,0.9704813886338313
SKU_00831,0,0.9882636830712853,1,0.011736316928714496,0.9765273661425709
SKU_00725,0,0.9249654330798381,1,0.07503456692016232,0.8499308661596758
SKU_00359,0,0.9870500213739137,1,0.012949978626086378,0.9741000427478274
SKU_00595,0,0.9697438942940082,1,0.030256105705991944,0.9394877885880163
SKU_00523,1,0.8910425652293207,0,0.10895743477067936,0.7820851304586414
SKU_00802,0,0.9702344318354331,1,0.029765568164566946,0.9404688636708661
SKU_00766,0,0.9819227375481201,1,0.01807726245188006,0.9638454750962401
SKU_00086,0,0.9627122527806016,1,0.0372877472193985,0.925424505561203
SKU_00884,0,0.9321993703210694,1,0.0678006296789308,0.8643987406421385
SKU_00723,1,0.9283012258020844,0,0.07169877419791519,0.8566024516041693
SKU_00972,0,0.9922901650539834,1,0.007709834946016589,0.9845803301079668
SKU_00076,1,0.7848392467513465,0,0.21516075324865344,0.5696784935026931
SKU_00851,0,0.9614289834935177,1,0.03857101650648236,0.9228579669870354
SKU_00196,1,0.8688980148434251,0,0.1311019851565748,0.7377960296868503
SKU_00876,0,0.9594700210184383,1,0.040529978981561875,0.9189400420368764
SKU_00797,0,0.9272808254790842,1,0.07271917452091581,0.8545616509581684
SKU_00686,1,0.638053533591173,0,0.3619464664088268,0.27610706718234623
SKU_00093,0,0.5918694758222582,1,0.40813052417774165,0.1837389516445166
SKU_00242,0,0.8958114473751482,1,0.10418855262485198,0.7916228947502962
SKU_00186,1,0.9565086331377578,0,0.04349136686224215,0.9130172662755156
SKU_00633,1,0.9140549631083523,0,0.08594503689164755,0.8281099262167048
SKU_00862,0,0.9275360936621629,1,0.07246390633783725,0.8550721873243257
SKU_00074,0,0.9856589017387852,1,0.014341098261214826,0.9713178034775704
SKU_00535,0,0.7932621934037764,1,0.20673780659622346,0.5865243868075529
SKU_00276,0,0.8707252864882036,1,0.12927471351179637,0.7414505729764072
SKU_00861,0,0.9703214739026219,1,0.029678526097378224,0.9406429478052437
SKU_00490,0,0.8284495521347893,1,0.1715504478652106,0.6568991042695788
SKU_00554,1,0.9953780685650847,0,0.004621931434915217,0.9907561371301695
SKU_00444,0,0.977576334413666,1,0.022423665586334185,0.9551526688273317
SKU_00981,0,0.9448545502170345,1,0.05514544978296568,0.8897091004340688
SKU_00364,1,0.9722983580828577,0,0.027701641917142625,0.9445967161657151
SKU_00501,0,0.9541532788321903,1,0.04584672116780965,0.9083065576643806
SKU_00838,0,0.7252279526952666,1,0.2747720473047334,0.4504559053905332
SKU_00399,1,0.7335052393781233,0,0.26649476062187694,0.46701047875624635
SKU_00915,0,0.6901966047735731,1,0.30980339522642725,0.3803932095471459
SKU_00258,0,0.8229406797366711,1,0.17705932026332868,0.6458813594733424
SKU_00136,0,0.9627291271128916,1,0.03727087288710832,0.9254582542257833
SKU_00778,0,0.8682155744912908,1,0.13178442550870906,0.7364311489825818
SKU_00804,0,0.7386689374998865,1,0.26133106250011334,0.47733787499977315
SKU_00017,0,0.7686531460598722,1,0.2313468539401281,0.5373062921197441
SKU_00543,0,0.6836732383122928,1,0.31632676168770707,0.3673464766245857
SKU_00890,1,0.5349472821469504,0,0.4650527178530496,0.06989456429390084
SKU_00749,0,0.9436212474119657,1,0.056378752588034195,0.8872424948239316
SKU_00474,0,0.9448976097926487,1,0.05510239020735124,0.8897952195852975
SKU_00695,0,0.8267093619515689,1,0.17329063804843126,0.6534187239031376
SKU_00823,0,0.6008294557955491,1,0.39917054420445053,0.2016589115910986
SKU_00191,0,0.9529293186877175,1,0.04707068131228257,0.9058586373754349
SKU_00048,0,0.6976581366115944,1,0.3023418633884056,0.3953162732231888
SKU_00159,0,0.6037025572676301,1,0.3962974427323698,0.20740511453526034
SKU_00976,0,0.9427721645800509,1,0.057227835419949004,0.8855443291601018
SKU_00027,0,0.970796284658887,1,0.02920371534111272,0.9415925693177742
SKU_00437,0,0.5127683430899567,1,0.48723165691004333,0.025536686179913337
SKU_00116,1,0.9910408571973702,0,0.008959142802629551,0.9820817143947407
SKU_00683,0,0.7803454829001832,1,0.21965451709981695,0.5606909658003663
SKU_00296,1,0.5894931242089593,0,0.4105068757910408,0.1789862484179185
SKU_00302,0,0.8731680632339001,1,0.12683193676610016,0.7463361264677999
SKU_00081,1,0.5504149963294591,0,0.44958500367054083,0.10082999265891829
SKU_00055,0,0.5768961076864623,1,0.42310389231353795,0.1537922153729243
SKU_00054,1,0.9581512998743895,0,0.04184870012561059,0.9163025997487789
SKU_00692,1,0.7830189910629596,0,0.2169810089370405,0.566037982125919
SKU_00913,1,0.7812960775205088,0,0.21870392247949139,0.5625921550410173
SKU_00739,0,0.7029733722331065,1,0.2970266277668938,0.4059467444662127
SKU_00717,0,0.9589955661207548,1,0.041004433879245364,0.9179911322415094
SKU_00939,0,0.8900613939316065,1,0.10993860606839355,0.780122787863213
SKU_00363,0,0.8535436408005856,1,0.14645635919941422,0.7070872816011714
SKU_00968,1,0.9917566938740963,0,0.008243306125903386,0.9835133877481929
SKU_00921,0,0.9642513449614992,1,0.03574865503850076,0.9285026899229984
SKU_00408,1,0.6236712784341556,0,0.3763287215658445,0.24734255686831108
SKU_00525,1,0.7427479840772457,0,0.25725201592275476,0.485495968154491
SKU_00989,1,0.7757851301033707,0,0.22421486989662961,0.551570260206741
SKU_00738,0,0.9120038946575909,1,0.08799610534240926,0.8240077893151816
SKU_00956,1,0.9251093253884644,0,0.07489067461153583,0.8502186507769285
SKU_00521,0,0.7183586969920981,1,0.281641303007902,0.43671739398419607
SKU_00691,0,0.9811478529131227,1,0.018852147086877054,0.9622957058262456
SKU_00162,0,0.9403681418574699,1,0.05963185814253028,0.8807362837149396
SKU_00788,0,0.8937439221247144,1,0.1062560778752858,0.7874878442494286
SKU_00993,0,0.5889582656319344,1,0.4110417343680656,0.1779165312638688
SKU_00677,0,0.8234350702498406,1,0.17656492975015922,0.6468701404996814
SKU_00315,0,0.6939673670899859,1,0.3060326329100143,0.38793473417997154
SKU_00817,1,0.5221274782818109,0,0.4778725217181889,0.04425495656362205
SKU_00248,1,0.6622038611923117,0,0.3377961388076881,0.32440772238462356
SKU_00188,1,0.8440465424964876,0,0.15595345750351255,0.6880930849929751
SKU_00865,0,0.9287240182552203,1,0.07127598174477966,0.8574480365104407
SKU_00415,0,0.9651833263862282,1,0.0348166736137718,0.9303666527724563
SKU_00516,0,0.6629684880016852,1,0.3370315119983148,0.32593697600337035
SKU_00578,1,0.7064617402197714,0,0.2935382597802287,0.4129234804395427
SKU_00129,0,0.5704351439385948,1,0.429564856061405,0.14087028787718986
SKU_00533,0,0.759457660285613,1,0.24054233971438693,0.518915320571226
SKU_00275,0,0.6584441024561263,1,0.34155589754387394,0.31688820491225234
SKU_00742,1,0.5602574568229938,0,0.4397425431770063,0.12051491364598749
SKU_00423,1,0.7285767781221071,0,0.2714232218778929,0.45715355624421417
SKU_00078,1,0.8131507597963901,0,0.18684924020360988,0.6263015195927801
SKU_00160,1,0.9760636339748943,0,0.023936366025105987,0.9521272679497883
SKU_00504,0,0.8056060012876157,1,0.19439399871238416,0.6112120025752316
SKU_00270,0,0.8916640309870518,1,0.10833596901294809,0.7833280619741038
SKU_00994,0,0.6266577202416049,1,0.3733422797583953,0.25331544048320964
SKU_00488,0,0.9929143183306284,1,0.0070856816693717455,0.9858286366612566
SKU_00277,0,0.8728694739993427,1,0.12713052600065763,0.745738947998685
SKU_00103,0,0.9904882474548388,1,0.009511752545161041,0.9809764949096778
SKU_00461,0,0.9535179673821768,1,0.04648203261782326,0.9070359347643535
SKU_00303,1,0.7486061241004017,0,0.2513938758995981,0.4972122482008036
SKU_00034,0,0.9350454992345556,1,0.06495450076544448,0.8700909984691111
SKU_00848,1,0.5127325476107055,0,0.4872674523892945,0.02546509522141105
SKU_00998,0,0.9956681909198277,1,0.004331809080172087,0.9913363818396557
SKU_00274,0,0.7153986004813586,1,0.2846013995186411,0.4307972009627175
SKU_00348,0,0.9100876097694157,1,0.08991239023058417,0.8201752195388315
SKU_00793,0,0.8479467052977214,1,0.15205329470227835,0.6958934105954431
SKU_00732,1,0.8642813191800112,0,0.1357186808199889,0.7285626383600223
SKU_00570,0,0.8863497713714245,1,0.11365022862857553,0.7726995427428489
SKU_00623,0,0.9036277300487119,1,0.0963722699512882,0.8072554600974237
SKU_00255,0,0.824389416510464,1,0.17561058348953573,0.6487788330209283
SKU_00612,0,0.7606629381931311,1,0.23933706180686903,0.521325876386262
SKU_00751,1,0.9887038027520423,0,0.011296197247957818,0.9774076055040845
SKU_00674,0,0.9895464737642496,1,0.01045352623575035,0.9790929475284993
SKU_00219,0,0.6555681750053898,1,0.34443182499461045,0.31113635001077933
SKU_00263,1,0.8410000705430033,0,0.158999929456997,0.6820001410860063
SKU_00978,1,0.8112684002099307,0,0.18873159979006943,0.6225368004198613
SKU_00545,0,0.8718575902750095,1,0.1281424097249907,0.7437151805500188
SKU_00043,0,0.964202794618237,1,0.03579720538176261,0.9284055892364744
SKU_00417,0,0.79979761042851,1,0.20020238957148975,0.5995952208570203
SKU_00999,1,0.8965478955829418,0,0.10345210441705809,0.7930957911658837
SKU_00863,0,0.7631487538788044,1,0.2368512461211954,0.5262975077576091
SKU_00268,0,0.8438809098850376,1,0.1561190901149625,0.6877618197700751
SKU_00125,0,0.6135881546506499,1,0.3864118453493501,0.22717630930129978
SKU_00714,0,0.7378680786026902,1,0.2621319213973099,0.4757361572053803
SKU_00560,0,0.992812333730731,1,0.007187666269268598,0.9856246674614624
SKU_00338,1,0.5913127526565638,0,0.40868724734343614,0.18262550531312766
SKU_00194,1,0.9377718849009967,0,0.06222811509900295,0.8755437698019938
SKU_00039,0,0.7886115149191412,1,0.21138848508085883,0.5772230298382823
SKU_00564,0,0.9332886269903897,1,0.06671137300961036,0.8665772539807793
SKU_00246,0,0.9794212715524223,1,0.020578728447577632,0.9588425431048446
SKU_00499,0,0.7297377450310866,1,0.2702622549689133,0.45947549006217325
SKU_00786,0,0.9661938469757496,1,0.03380615302425043,0.9323876939514992
SKU_00395,0,0.6121231450100385,1,0.38787685498996133,0.22424629002007718
SKU_00089,0,0.8599881472587417,1,0.14001185274125827,0.7199762945174835
SKU_00484,0,0.9680430684968899,1,0.03195693150311,0.93608613699378
SKU_00304,1,0.8399926036906582,0,0.1600073963093415,0.6799852073813167
SKU_00607,0,0.9958162042587552,1,0.004183795741244759,0.9916324085175104
SKU_00161,1,0.6692863564263872,0,0.33071364357361305,0.3385727128527742
SKU_00217,1,0.7227098409365605,0,0.2772901590634397,0.44541968187312087
SKU_00174,0,0.963095030053376,1,0.03690496994662382,0.9261900601067522
SKU_00365,0,0.9972085883814962,1,0.0027914116185039496,0.9944171767629922
SKU_00910,1,0.8841942780607688,0,0.11580572193923167,0.7683885561215371
SKU_00502,1,0.8350983994014257,0,0.16490160059857437,0.6701967988028513
SKU_00639,0,0.9786668999104617,1,0.021333100089538284,0.9573337998209235
SKU_00343,1,0.9135858432878097,0,0.08641415671219027,0.8271716865756193
SKU_00553,0,0.9721169485842396,1,0.027883051415760578,0.944233897168479
SKU_00990,0,0.6870415648381022,1,0.31295843516189775,0.37408312967620444
SKU_00069,0,0.9908708703589778,1,0.009129129641022131,0.9817417407179557
SKU_00153,1,0.9461344575528535,0,0.05386554244714623,0.8922689151057073
SKU_00857,0,0.8703499835695943,1,0.12965001643040566,0.7406999671391886
SKU_00003,0,0.6060839359889979,1,0.3939160640110024,0.21216787197799553
SKU_00085,0,0.8555961404977155,1,0.14440385950228454,0.711192280995431
SKU_00657,0,0.9914158352889327,1,0.00858416471106742,0.9828316705778654
SKU_00195,0,0.8826967551636385,1,0.11730324483636155,0.765393510327277
SKU_00853,0,0.631843997948612,1,0.3681560020513881,0.2636879958972239
SKU_00785,0,0.9769719446276914,1,0.023028055372308485,0.953943889255383
SKU_00376,1,0.6192255214916251,0,0.38077447850837515,0.23845104298324998
SKU_00451,0,0.7000245251045346,1,0.29997547489546555,0.40004905020906906
SKU_00122,1,0.5971254162516796,0,0.4028745837483206,0.194250832503359
SKU_00045,1,0.91408822803755,0,0.08591177196245008,0.8281764560750999
SKU_00106,0,0.9539843566945123,1,0.04601564330548756,0.9079687133890247
SKU_00906,0,0.9497209702256699,1,0.05027902977433012,0.8994419404513398
SKU_00684,0,0.9212842674464696,1,0.07871573255353052,0.8425685348929391
SKU_00157,0,0.6559803222203449,1,0.34401967777965503,0.3119606444406898
SKU_00618,0,0.5846191527157223,1,0.4153808472842776,0.1692383054314447
SKU_00452,0,0.9589991036097237,1,0.041000896390276396,0.9179982072194474
SKU_00547,1,0.9830596793473049,0,0.01694032065269537,0.9661193586946095
SKU_00102,0,0.7871089536959669,1,0.21289104630403308,0.5742179073919338
SKU_00526,0,0.990330845597,1,0.00966915440300035,0.9806616911939997
SKU_00660,0,0.8734245001405553,1,0.1265754998594448,0.7468490002811105
SKU_00572,0,0.9649893033563199,1,0.035010696643679916,0.92997860671264
SKU_00743,1,0.6521830062117446,0,0.3478169937882556,0.30436601242348904
SKU_00896,0,0.9864765455294493,1,0.013523454470550976,0.9729530910588984
SKU_00756,1,0.7119686574475765,0,0.28803134255242313,0.4239373148951534
SKU_00566,0,0.9491630350878739,1,0.05083696491212585,0.8983260701757481
SKU_00849,0,0.5856622390674493,1,0.4143377609325508,0.17132447813489848
SKU_00734,0,0.9929000713052031,1,0.007099928694796879,0.9858001426104062
SKU_00373,0,0.986551759016769,1,0.013448240983230692,0.9731035180335382
SKU_00341,1,0.9833088095630091,0,0.016691190436991098,0.9666176191260181
SKU_00917,0,0.9499928215499295,1,0.05000717845007047,0.899985643099859
SKU_00685,0,0.7039214612394465,1,0.29607853876055334,0.4078429224788932
SKU_00567,0,0.9961655707801694,1,0.003834429219830508,0.992331141560339
SKU_00675,1,0.715669101379579,0,0.28433089862042066,0.4313382027591583
SKU_00082,0,0.9844166477447269,1,0.015583352255273011,0.968833295489454
SKU_00138,0,0.9378108817294982,1,0.06218911827050174,0.8756217634589964
SKU_00584,0,0.899631672555788,1,0.10036832744421204,0.799263345111576
SKU_00024,0,0.7614733533630749,1,0.23852664663692527,0.5229467067261496
SKU_00279,0,0.6819603355655433,1,0.3180396644344568,0.36392067113108645
SKU_00596,0,0.680031193426168,1,0.31996880657383225,0.36006238685233577
SKU_00012,0,0.9650499873220525,1,0.03495001267794755,0.930099974644105
SKU_00986,0,0.9702738804455612,1,0.029726119554438817,0.9405477608911224
SKU_00529,1,0.6802640571273934,0,0.31973594287260637,0.360528114254787
SKU_00115,1,0.9001922749155591,0,0.09980772508444076,0.8003845498311183
SKU_00025,1,0.9644152927318422,0,0.03558470726815799,0.9288305854636842
SKU_00843,1,0.6523767716746421,0,0.3476232283253578,0.30475354334928434
SKU_00229,0,0.9495499029514916,1,0.0504500970485086,0.899099805902983
SKU_00232,0,0.999084612098917,1,0.0009153879010834161,0.9981692241978336
SKU_00455,0,0.8986548479668095,1,0.10134515203319057,0.7973096959336189
SKU_00050,0,0.7554092070121449,1,0.24459079298785535,0.5108184140242895
SKU_00091,1,0.5556239394663487,0,0.4443760605336513,0.11124787893269739
SKU_00344,0,0.7549187781853794,1,0.24508122181462072,0.5098375563707587
SKU_00018,0,0.9735879399449365,1,0.026412060055063365,0.9471758798898732
SKU_00765,0,0.8253653896412886,1,0.17463461035871175,0.6507307792825768
SKU_00651,1,0.8607131444597076,0,0.1392868555402925,0.7214262889194151
SKU_00261,0,0.9130547383960409,1,0.08694526160395893,0.826109476792082
SKU_00051,1,0.6435444328553924,0,0.35645556714460747,0.28708886571078496
SKU_00506,0,0.6886471671007361,1,0.3113528328992641,0.37729433420147207
SKU_00062,0,0.7451285684631944,1,0.2548714315368054,0.490257136926389
SKU_00375,0,0.9160336588959548,1,0.08396634110404523,0.8320673177919096
SKU_00144,0,0.8096355256361858,1,0.19036447436381418,0.6192710512723716
SKU_00624,0,0.5408736447004782,1,0.4591263552995224,0.08174728940095577
SKU_00918,1,0.64679189948716,0,0.3532081005128402,0.2935837989743198
SKU_00349,1,0.9811915551843844,0,0.01880844481561527,0.9623831103687691
SKU_00904,0,0.7831027634348002,1,0.21689723656519955,0.5662055268696007
SKU_00611,0,0.5167702192274501,1,0.48322978077254974,0.0335404384549004
SKU_00289,1,0.5418586827408847,0,0.45814131725911533,0.08371736548176933
SKU_00522,0,0.9643476155906021,1,0.03565238440939773,0.9286952311812043
SKU_00768,0,0.9711738882521137,1,0.02882611174788628,0.9423477765042274
SKU_00061,0,0.6429181771049557,1,0.35708182289504437,0.2858363542099113
SKU_00808,1,0.8845107890942319,0,0.1154892109057681,0.7690215781884637
SKU_00954,0,0.984909733079786,1,0.01509026692021397,0.969819466159572
SKU_00538,1,0.6465903755821569,0,0.3534096244178428,0.29318075116431414
SKU_00673,1,0.7144757507535455,0,0.28552424924645453,0.428951501507091
SKU_00740,1,0.6307457399739331,0,0.36925426002606676,0.26149147994786637
SKU_00095,1,0.6334731173744879,0,0.36652688262551225,0.2669462347489756
SKU_00394,0,0.8941576755624334,1,0.1058423244375665,0.788315351124867
SKU_00569,0,0.9754131838460063,1,0.024586816153993815,0.9508263676920125
SKU_00457,0,0.5971583806243941,1,0.40284161937560575,0.19431676124878833
SKU_00931,0,0.8790980326721497,1,0.12090196732785034,0.7581960653442994
SKU_00280,0,0.9657491558381314,1,0.034250844161868556,0.9314983116762628
SKU_00361,0,0.7431409631276299,1,0.25685903687237016,0.48628192625525973
SKU_00310,0,0.970836468587237,1,0.029163531412763136,0.9416729371744739
SKU_00909,0,0.9918461768702749,1,0.008153823129725268,0.9836923537405496
SKU_00329,0,0.6185377989855203,1,0.38146220101447975,0.23707559797104055
SKU_00496,0,0.8142597966025736,1,0.18574020339742628,0.6285195932051474
SKU_00907,0,0.8642268352296782,1,0.1357731647703217,0.7284536704593565
SKU_00964,0,0.834514317308315,1,0.16548568269168512,0.6690286346166299
SKU_00088,0,0.8702191681252323,1,0.12978083187476777,0.7404383362504645
SKU_00272,1,0.5153783455477198,0,0.4846216544522801,0.03075669109543966
SKU_00822,0,0.8308499150239295,1,0.1691500849760707,0.6616998300478587
SKU_00416,1,0.9750389069820422,0,0.024961093017957927,0.9500778139640843
SKU_00301,1,0.7445982508058125,0,0.255401749194187,0.48919650161162553
SKU_00432,0,0.9050922929893269,1,0.09490770701067297,0.810184585978654
SKU_00216,0,0.6886444598097716,1,0.31135554019022826,0.37728891961954336
SKU_00877,1,0.5115809100388348,0,0.48841908996116534,0.023161820077669426
SKU_00184,1,0.777823714891803,0,0.22217628510819704,0.555647429783606
SKU_00879,0,0.9158705150660471,1,0.08412948493395281,0.8317410301320943
SKU_00140,0,0.9863480175731938,1,0.013651982426806328,0.9726960351463875
SKU_00483,0,0.9623173256853946,1,0.03768267431460532,0.9246346513707893
SKU_00552,1,0.8894322924657362,0,0.1105677075342635,0.7788645849314727
SKU_00108,0,0.9710661385256657,1,0.028933861474334084,0.9421322770513316
SKU_00537,0,0.5446874457665075,1,0.4553125542334923,0.0893748915330152
SKU_00067,1,0.5565909966540142,0,0.4434090033459859,0.11318199330802836
SKU_00131,0,0.8862369398763622,1,0.11376306012363802,0.7724738797527242
SKU_00544,1,0.9840171073574787,0,0.015982892642521476,0.9680342147149572
SKU_00666,1,0.9644033306238501,0,0.035596669376149755,0.9288066612477003
SKU_00527,1,0.9700867694618053,0,0.029913230538195053,0.9401735389236102
SKU_00322,0,0.8990262881021628,1,0.10097371189783719,0.7980525762043256
SKU_00911,0,0.9977872812684055,1,0.002212718731594386,0.9955745625368112
SKU_00873,1,0.9676357369157325,0,0.03236426308426764,0.9352714738314648
SKU_00561,0,0.8951048217542172,1,0.10489517824578298,0.7902096435084343
SKU_00962,0,0.579100842837148,1,0.42089915716285226,0.15820168567429577
SKU_00224,0,0.9064927417068055,1,0.09350725829319448,0.812985483413611
SKU_00327,1,0.6280652636814082,0,0.37193473631859164,0.2561305273628166
SKU_00173,0,0.9620521285865901,1,0.037947871413409884,0.9241042571731801
SKU_00591,1,0.8562124519006776,0,0.1437875480993225,0.7124249038013551
SKU_00829,0,0.802255420849276,1,0.19774457915072388,0.6045108416985522
SKU_00410,1,0.9072152342082378,0,0.09278476579176236,0.8144304684164755
SKU_00941,0,0.5636456707338856,1,0.4363543292661142,0.12729134146777138
SKU_00540,0,0.9867903742038024,1,0.01320962579619725,0.9735807484076052
SKU_00381,0,0.9542199071947175,1,0.04578009280528266,0.9084398143894349
SKU_00155,1,0.818986024922922,0,0.18101397507707798,0.6379720498458441
SKU_00210,1,0.8551750662730534,0,0.1448249337269462,0.7103501325461072
SKU_00169,0,0.9635716863194977,1,0.03642831368050206,0.9271433726389957
SKU_00227,0,0.9095019229536284,1,0.09049807704637171,0.8190038459072567
SKU_00826,0,0.976012581608057,1,0.023987418391942933,0.9520251632161141
SKU_00638,1,0.5827333563874512,0,0.4172666436125491,0.16546671277490205
SKU_00835,0,0.8116259489591735,1,0.18837405104082652,0.623251897918347
SKU_00307,1,0.7894638948082949,0,0.21053610519170493,0.57892778961659
SKU_00141,0,0.7612912558126745,1,0.2387087441873254,0.5225825116253491
SKU_00185,1,0.6570392949655102,0,0.34296070503448983,0.31407858993102034
SKU_00536,1,0.7919510137814579,0,0.20804898621854234,0.5839020275629156
SKU_00251,1,0.8235567980564938,0,0.17644320194350602,0.6471135961129878
SKU_00550,1,0.8363341858648199,0,0.16366581413518014,0.6726683717296398
SKU_00234,0,0.6931562371963771,1,0.3068437628036229,0.3863124743927542
SKU_00426,0,0.9157078979599445,1,0.08429210204005542,0.831415795919889
SKU_00594,0,0.9414724768826003,1,0.058527523117399734,0.8829449537652005
SKU_00608,0,0.8094458062369484,1,0.19055419376305144,0.618891612473897
SKU_00328,0,0.8567804535377931,1,0.14321954646220703,0.7135609070755861
SKU_00992,0,0.9755402224048111,1,0.02445977759518927,0.9510804448096218
SKU_00880,0,0.9956165428425732,1,0.004383457157426909,0.9912330856851462
SKU_00007,0,0.9758049087414792,1,0.02419509125852092,0.9516098174829583
SKU_00314,0,0.9918888930063081,1,0.008111106993692222,0.9837777860126159
SKU_00935,0,0.8837491043578898,1,0.11625089564211002,0.7674982087157798
SKU_00146,0,0.8025516827198547,1,0.1974483172801453,0.6051033654397093
SKU_00041,0,0.8519803346112245,1,0.1480196653887756,0.7039606692224489
SKU_00690,0,0.8812683734827249,1,0.11873162651727515,0.7625367469654498
SKU_00929,0,0.8636548799890418,1,0.13634512001095844,0.7273097599780833
SKU_00845,0,0.9624497745304533,1,0.037550225469546825,0.9248995490609065
SKU_00699,0,0.6835742783340657,1,0.3164257216659343,0.3671485566681314
SKU_00059,1,0.5028248304942927,0,0.49717516950570745,0.00564966098858527
SKU_00733,1,0.9431329708658734,0,0.05686702913412668,0.8862659417317468
SKU_00635,0,0.935451023472103,1,0.06454897652789716,0.8709020469442058
SKU_00385,0,0.8622263044653085,1,0.1377736955346913,0.7244526089306171
SKU_00172,0,0.9843241323499199,1,0.015675867650080152,0.9686482646998398
SKU_00800,0,0.9828435761198319,1,0.017156423880168144,0.9656871522396637
SKU_00256,0,0.9500896706931017,1,0.049910329306898434,0.9001793413862033
SKU_00026,1,0.8071754167339625,0,0.19282458326603727,0.6143508334679253
SKU_00362,1,0.9978656007038429,0,0.0021343992961568472,0.995731201407686
SKU_00702,0,0.8431242315104931,1,0.156875768489507,0.6862484630209861
SKU_00721,0,0.8657625338219008,1,0.13423746617809942,0.7315250676438014
SKU_00036,0,0.966511483066724,1,0.03348851693327604,0.9330229661334479
SKU_00762,0,0.887136661980248,1,0.11286333801975183,0.7742733239604962
SKU_00615,0,0.9819704893459024,1,0.018029510654097802,0.9639409786918045
SKU_00652,0,0.9751254299287602,1,0.024874570071239843,0.9502508598575203
SKU_00402,1,0.5337496139325193,0,0.46625038606748065,0.06749922786503865
SKU_00360,0,0.9075733915104216,1,0.0924266084895784,0.8151467830208432
SKU_00763,0,0.6878591439572073,1,0.3121408560427926,0.37571828791441464
SKU_00713,0,0.9946165806585074,1,0.005383419341492844,0.9892331613170146
SKU_00180,0,0.9971612354216378,1,0.0028387645783623126,0.9943224708432755
SKU_00744,0,0.9227111866344136,1,0.07728881336558616,0.8454223732688275
SKU_00783,0,0.9429461801073923,1,0.05705381989260771,0.8858923602147846
SKU_00015,1,0.9196439530236389,0,0.08035604697636146,0.8392879060472774
SKU_00658,0,0.9451145421183086,1,0.054885457881691545,0.8902290842366171
SKU_00342,0,0.9856372675890251,1,0.014362732410975002,0.9712745351780502
SKU_00198,0,0.988106896619331,1,0.011893103380668658,0.9762137932386624
SKU_00920,0,0.7026229709870194,1,0.29737702901298074,0.4052459419740387
SKU_00269,0,0.964655971280659,1,0.0353440287193411,0.929311942561318
SKU_00397,0,0.6463395998994955,1,0.3536604001005047,0.2926791997989908
SKU_00495,1,0.5470015275763184,0,0.45299847242368163,0.09400305515263674
SKU_00689,0,0.8694213582555186,1,0.13057864174448142,0.7388427165110372
SKU_00293,1,0.876058970582729,0,0.12394102941727095,0.752117941165458
SKU_00142,0,0.7291642111286828,1,0.27083578887131693,0.45832842225736586
SKU_00016,0,0.829274239799226,1,0.1707257602007739,0.6585484795984521
SKU_00893,0,0.9607545595704622,1,0.03924544042953804,0.9215091191409241
SKU_00406,0,0.7608544079309952,1,0.23914559206900493,0.5217088158619902
SKU_00477,1,0.8624342523845068,0,0.1375657476154931,0.7248685047690137
SKU_00643,1,0.6974976414843074,0,0.30250235851569274,0.39499528296861464
SKU_00404,1,0.9547529323229769,0,0.04524706767702316,0.9095058646459537
SKU_00143,0,0.7834649959091401,1,0.21653500409085988,0.5669299918182802
SKU_00777,1,0.8060361575509764,0,0.1939638424490234,0.6120723151019529
SKU_00796,0,0.6608748873963605,1,0.3391251126036396,0.3217497747927209
SKU_00469,0,0.8193883695994503,1,0.1806116304005499,0.6387767391989003
SKU_00225,0,0.797757501581449,1,0.20224249841855083,0.5955150031628982
SKU_00505,1,0.7669115981414857,0,0.23308840185851432,0.5338231962829714
SKU_00105,0,0.9748161700048208,1,0.02518382999517902,0.9496323400096418
SKU_00386,0,0.7136330404958611,1,0.28636695950413904,0.42726608099172203
SKU_00092,1,0.5937028876222852,0,0.4062971123777148,0.18740577524457036
SKU_00761,0,0.5414142807788591,1,0.45858571922114083,0.08282856155771828
SKU_00852,0,0.9589763651686601,1,0.041023634831339764,0.9179527303373204
SKU_00340,0,0.7687362892240454,1,0.23126371077595465,0.5374725784480907
SKU_00979,0,0.8976297182121002,1,0.1023702817879001,0.7952594364242002
SKU_00585,0,0.9346413049007508,1,0.06535869509924913,0.8692826098015016
SKU_00250,0,0.7556615341541799,1,0.24433846584582022,0.5113230683083597
SKU_00663,1,0.941534859475518,0,0.05846514052448216,0.8830697189510358
SKU_00963,0,0.9187599046980065,1,0.08124009530199343,0.8375198093960131
SKU_00175,0,0.9406770006699362,1,0.059322999330063825,0.8813540013398724
SKU_00632,0,0.9006585718375909,1,0.09934142816240915,0.8013171436751818
SKU_00842,0,0.9106563799989459,1,0.08934362000105404,0.8213127599978919
SKU_00881,1,0.6480957889827421,0,0.3519042110172575,0.2961915779654846
SKU_00819,0,0.6436360607526197,1,0.35636393924738025,0.28727212150523945
SKU_00801,0,0.9124539244141291,1,0.08754607558587099,0.8249078488282581
SKU_00605,0,0.8980870422019569,1,0.10191295779804328,0.7961740844039136
SKU_00064,1,0.8184845042909188,0,0.18151549570908135,0.6369690085818375
SKU_00984,1,0.9525487007332248,0,0.047451299266775285,0.9050974014664496
SKU_00000,0,0.9355011244883387,1,0.06449887551166131,0.8710022489766773
SKU_00757,0,0.8615620770432566,1,0.13843792295674345,0.7231241540865132
SKU_00912,1,0.9976790118904623,0,0.0023209881095381944,0.9953580237809241
SKU_00670,0,0.9905505745525237,1,0.009449425447476652,0.9811011491050471
SKU_00046,0,0.9950078353435684,1,0.004992164656431345,0.990015670687137
SKU_00033,0,0.6284845386991796,1,0.37151546130082025,0.2569690773983594
SKU_00309,0,0.9192881327847513,1,0.08071186721524846,0.8385762655695028
SKU_00693,0,0.9626955075791035,1,0.03730449242089647,0.925391015158207
SKU_00855,0,0.9879083359827265,1,0.012091664017273344,0.9758166719654532
SKU_00597,0,0.7139315698754481,1,0.2860684301245518,0.42786313975089635
SKU_00698,1,0.938923873903561,0,0.06107612609643908,0.8778477478071219
SKU_00124,1,0.7432565646638272,0,0.2567434353361727,0.48651312932765445
SKU_00266,0,0.6464648016892459,1,0.3535351983107539,0.292929603378492
SKU_00298,0,0.5050861589770512,1,0.4949138410229487,0.010172317954102505
SKU_00110,1,0.7629977089377217,0,0.2370022910622785,0.5259954178754431
SKU_00779,0,0.8899802495993735,1,0.11001975040062659,0.7799604991987469
SKU_00642,0,0.7403580495592336,1,0.2596419504407663,0.48071609911846724
SKU_00212,1,0.9889756141359515,0,0.011024385864048459,0.9779512282719031
SKU_00507,0,0.8797588229265246,1,0.12024117707347547,0.7595176458530492
SKU_00583,1,0.9428444448313512,0,0.0571555551686486,0.8856888896627026
SKU_00075,1,0.9937909647520219,0,0.006209035247977964,0.9875819295040439
SKU_00816,0,0.8936927227788702,1,0.10630727722112993,0.7873854455577403
SKU_00934,0,0.7830898199354699,1,0.21691018006453028,0.5661796398709396
SKU_00023,1,0.7802511747943273,0,0.21974882520567257,0.5605023495886547
SKU_00167,0,0.9494290213519813,1,0.050570978648018766,0.8988580427039625
SKU_00589,0,0.7254919856140731,1,0.27450801438592687,0.45098397122814626
SKU_00987,0,0.7274242850301287,1,0.2725757149698715,0.4548485700602572
SKU_00637,1,0.5877926944403113,0,0.4122073055596883,0.17558538888062303
SKU_00389,0,0.9789248315391816,1,0.021075168460818586,0.9578496630783631
SKU_00213,0,0.824883904728013,1,0.1751160952719869,0.6497678094560261
SKU_00430,0,0.6730559574439953,1,0.32694404255600523,0.34611191488799004
SKU_00951,0,0.7455371895706939,1,0.25446281042930585,0.4910743791413881
SKU_00579,0,0.9188028043563261,1,0.08119719564367407,0.837605608712652
SKU_00478,0,0.9040043052511537,1,0.0959956947488461,0.8080086105023077
SKU_00286,0,0.9377613208258953,1,0.0622386791741046,0.8755226416517906
SKU_00659,0,0.9881634323498975,1,0.011836567650102539,0.9763268646997949
SKU_00282,0,0.9970154314215923,1,0.0029845685784075627,0.9940308628431848
SKU_00980,1,0.623257333206572,0,0.3767426667934282,0.24651466641314373
SKU_00511,1,0.741758420160121,0,0.258241579839879,0.48351684032024195
SKU_00177,1,0.8117251533160277,0,0.18827484668397212,0.6234503066320556
SKU_00582,1,0.890069048787711,0,0.10993095121228907,0.780138097575422
SKU_00944,0,0.9811177486148283,1,0.018882251385171796,0.9622354972296565
SKU_00600,0,0.5222395985197303,1,0.4777604014802698,0.044479197039460516
SKU_00223,0,0.9471853368312962,1,0.052814663168703625,0.8943706736625926
SKU_00806,1,0.8727101009947063,0,0.12728989900529364,0.7454202019894126
SKU_00747,0,0.9228745437569079,1,0.0771254562430922,0.8457490875138157
SKU_00022,0,0.969773406136642,1,0.030226593863358006,0.939546812273284
SKU_00622,0,0.6370982800971852,1,0.36290171990281506,0.2741965601943701
SKU_00629,1,0.9006130580541616,0,0.09938694194583855,0.8012261161083231
SKU_00556,1,0.9284355676333383,0,0.07156443236666184,0.8568711352666765
SKU_00531,0,0.8987992065966613,1,0.10120079340333892,0.7975984131933225
SKU_00235,0,0.8748830273000421,1,0.1251169726999581,0.7497660546000839
SKU_00317,0,0.9691697708701517,1,0.0308302291298486,0.9383395417403031
SKU_00946,0,0.9518372911384096,1,0.04816270886159061,0.9036745822768191
SKU_00715,0,0.8122498328210306,1,0.1877501671789693,0.6244996656420613
SKU_00215,1,0.9614210442770486,0,0.038578955722951586,0.922842088554097
SKU_00942,1,0.5141631598433539,0,0.4858368401566461,0.028326319686707846
SKU_00703,1,0.7440098586034677,0,0.2559901413965324,0.48801971720693527
SKU_00885,0,0.9215353950410309,1,0.07846460495896909,0.8430707900820618
SKU_00482,1,0.8997788204862381,0,0.1002211795137618,0.7995576409724763
SKU_00158,1,0.7475147420331757,0,0.2524852579668239,0.4950294840663518
SKU_00892,1,0.8870949418085358,0,0.11290505819146433,0.7741898836170714
SKU_00997,0,0.9467930962671747,1,0.05320690373282543,0.8935861925343492
SKU_00130,1,0.6184180847564101,0,0.38158191524359,0.23683616951282016
SKU_00902,1,0.9724109569912828,0,0.02758904300871739,0.9448219139825654
SKU_00870,0,0.8721536997731606,1,0.12784630022683954,0.7443073995463211
SKU_00319,1,0.9221022118042448,0,0.07789778819575523,0.8442044236084896
SKU_00625,0,0.9358373057904127,1,0.06416269420958731,0.8716746115808254
SKU_00418,0,0.7460491944054312,1,0.2539508055945687,0.4920983888108625
SKU_00049,0,0.8228858248263916,1,0.17711417517360833,0.6457716496527832
SKU_00927,1,0.6749106906951042,0,0.32508930930489566,0.3498213813902086
SKU_00866,0,0.9694782142645073,1,0.030521785735492624,0.9389564285290147
SKU_00811,0,0.7356129692547133,1,0.2643870307452864,0.4712259385094269
SKU_00445,0,0.661649983177686,1,0.3383500168223142,0.3232999663553718
SKU_00326,0,0.9807919248920045,1,0.01920807510799544,0.961583849784009
SKU_00350,0,0.8362536318595755,1,0.16374636814042415,0.6725072637191514
SKU_00887,1,0.6403720899043536,0,0.3596279100956463,0.28074417980870725
SKU_00958,0,0.9953966499125468,1,0.0046033500874528566,0.990793299825094
SKU_00730,0,0.9392536116090895,1,0.06074638839091042,0.8785072232181791
SKU_00973,0,0.9920839480759984,1,0.007916051924001601,0.9841678961519968
SKU_00636,0,0.9792259445784293,1,0.02077405542157089,0.9584518891568584
SKU_00767,1,0.5903235778410634,0,0.4096764221589367,0.1806471556821267
SKU_00380,0,0.8220936878593537,1,0.17790631214064598,0.6441873757187077
SKU_00413,0,0.5983375572967825,1,0.40166244270321755,0.19667511459356496
SKU_00366,0,0.9149602769359471,1,0.08503972306405296,0.8299205538718941
SKU_00604,0,0.9968295566154389,1,0.003170443384560682,0.9936591132308783
SKU_00405,0,0.9274850258209708,1,0.07251497417902905,0.8549700516419417
SKU_00262,0,0.575335476610934,1,0.4246645233890659,0.15067095322186808
SKU_00519,0,0.83829887750296,1,0.16170112249704016,0.6765977550059198
SKU_00097,0,0.5434763182996412,1,0.45652368170035884,0.08695263659928232
SKU_00479,1,0.7556073008943864,0,0.24439269910561381,0.5112146017887726
SKU_00087,0,0.9181932958403715,1,0.08180670415962826,0.8363865916807431
SKU_00316,1,0.7116317368879452,0,0.2883682631120547,0.4232634737758905
SKU_00787,0,0.6330226788182645,1,0.36697732118173537,0.2660453576365291
SKU_00790,0,0.7082440889967894,1,0.29175591100321063,0.41648817799357873
SKU_00588,1,0.7482869684082991,0,0.2517130315917009,0.4965739368165982
SKU_00729,1,0.8801880066063402,0,0.11981199339365955,0.7603760132126807
SKU_00028,0,0.9848803307673549,1,0.01511966923264537,0.9697606615347095
SKU_00644,1,0.9744551234822119,0,0.025544876517788043,0.9489102469644238
SKU_00493,1,0.8631867742729138,0,0.13681322572708637,0.7263735485458274
SKU_00135,0,0.7442796076409016,1,0.2557203923590986,0.488559215281803
SKU_00555,0,0.5852380157014893,1,0.4147619842985108,0.17047603140297846
SKU_00011,0,0.8754115593141032,1,0.12458844068589658,0.7508231186282066
SKU_00156,0,0.9059461313546274,1,0.09405386864537267,0.8118922627092547
SKU_00206,0,0.6187958210119245,1,0.38120417898807535,0.2375916420238492
SKU_00084,0,0.5478339713268919,1,0.4521660286731083,0.09566794265378364
SKU_00520,0,0.9535324521564089,1,0.046467547843590924,0.9070649043128179
SKU_00546,0,0.9996379637421312,1,0.000362036257869603,0.9992759274842616
SKU_00133,0,0.9085117519013067,1,0.0914882480986934,0.8170235038026133
SKU_00784,0,0.7452521261149435,1,0.2547478738850566,0.4905042522298869
SKU_00294,1,0.6592003757950357,0,0.3407996242049641,0.31840075159007153
SKU_00425,0,0.991749419159837,1,0.008250580840163382,0.9834988383196737
SKU_00975,0,0.5682906289261599,1,0.4317093710738404,0.1365812578523195
SKU_00653,1,0.96514464669168,0,0.034855353308319924,0.9302892933833601
SKU_00900,1,0.9995761250532582,0,0.0004238749467409984,0.9991522501065172
SKU_00123,1,0.780037212038833,0,0.21996278796116706,0.5600744240776659
SKU_00587,0,0.8333545483539773,1,0.16664545164602265,0.6667090967079546
SKU_00047,1,0.8715751993931066,0,0.12842480060689349,0.7431503987862131
SKU_00590,0,0.534512125436382,1,0.46548787456361784,0.0690242508727642
SKU_00985,0,0.5038810225360403,1,0.4961189774639596,0.00776204507208067
SKU_00422,0,0.9711188808531405,1,0.02888111914685922,0.9422377617062813
SKU_00967,0,0.6607020719360653,1,0.3392979280639345,0.32140414387213084
SKU_00372,0,0.5108554801648025,1,0.48914451983519763,0.0217109603296049
SKU_00218,1,0.5033471022459545,0,0.4966528977540458,0.006694204491908662
SKU_00330,0,0.7813510272807374,1,0.21864897271926223,0.5627020545614752
SKU_00750,1,0.5269174114695752,0,0.4730825885304249,0.05383482293915026
SKU_00562,0,0.5771862231230571,1,0.4228137768769429,0.15437244624611424
SKU_00346,1,0.6701233667952075,0,0.32987663320479255,0.3402467335904149
SKU_00014,1,0.8402325151348229,0,0.15976748486517736,0.6804650302696456
SKU_00297,0,0.9412164795624798,1,0.05878352043752021,0.8824329591249596
SKU_00283,0,0.9710947236097589,1,0.028905276390240993,0.9421894472195179
SKU_00038,0,0.9800050222974539,1,0.019994977702546105,0.9600100445949078
SKU_00919,1,0.9750493890584074,0,0.024950610941592895,0.9500987781168145
SKU_00353,0,0.9461403963826217,1,0.05385960361737811,0.8922807927652436
SKU_00676,0,0.9785670957502889,1,0.021432904249711237,0.9571341915005777
SKU_00805,1,0.6777451863615115,0,0.3222548136384885,0.355490372723023
SKU_00837,0,0.945941180155819,1,0.054058819844181226,0.8918823603116377
SKU_00708,0,0.7096250707003205,1,0.2903749292996796,0.41925014140064093
SKU_00214,0,0.6142176226854474,1,0.38578237731455256,0.22843524537089488
SKU_00287,0,0.6939333612596664,1,0.3060666387403335,0.3878667225193329
SKU_00867,1,0.7485519469875309,0,0.251448053012469,0.49710389397506194
SKU_00460,0,0.5382425039451703,1,0.46175749605482996,0.0764850078903403
SKU_00809,0,0.8303767703463484,1,0.16962322965365165,0.6607535406926968
SKU_00694,0,0.9576565830943651,1,0.042343416905635096,0.9153131661887299
SKU_00243,0,0.907609583325734,1,0.09239041667426581,0.8152191666514682
SKU_00933,0,0.7846570573465798,1,0.2153429426534202,0.5693141146931595
SKU_00284,0,0.9968721150850666,1,0.00312788491493328,0.9937442301701332
SKU_00454,0,0.9344570894363791,1,0.06554291056362109,0.868914178872758
SKU_00434,0,0.766910752699668,1,0.2330892473003321,0.5338215053993359
SKU_00260,0,0.9711203652533354,1,0.028879634746664464,0.942240730506671
SKU_00830,1,0.9576443385665762,0,0.042355661433423675,0.9152886771331525
SKU_00602,1,0.7918563617199275,0,0.2081436382800727,0.5837127234398547
SKU_00650,1,0.9088462326696172,0,0.09115376733038269,0.8176924653392345
SKU_00163,0,0.8220082209219665,1,0.17799177907803318,0.6440164418439333
SKU_00066,0,0.5202915586175514,1,0.4797084413824488,0.040583117235102606
SKU_00147,0,0.8606113869246738,1,0.13938861307532613,0.7212227738493476
SKU_00339,1,0.5924605055819615,0,0.4075394944180385,0.184921011163923
SKU_00111,1,0.9420797417975649,0,0.0579202582024353,0.8841594835951296
SKU_00754,1,0.9753239571700576,0,0.024676042829942357,0.9506479143401152
SKU_00681,0,0.9845545669299923,1,0.015445433070007876,0.9691091338599844
SKU_00306,0,0.9286142679474655,1,0.07138573205253465,0.8572285358949309
SKU_00265,0,0.5410017328034341,1,0.45899826719656556,0.08200346560686855
SKU_00696,0,0.9842635835180406,1,0.01573641648195956,0.968527167036081
SKU_00682,0,0.8716342504429226,1,0.1283657495570773,0.7432685008858453
SKU_00617,0,0.982859489911252,1,0.017140510088748267,0.9657189798225038
SKU_00601,1,0.8574613718609407,0,0.14253862813905946,0.7149227437218812
SKU_00897,0,0.9985075434711391,1,0.0014924565288605355,0.9970150869422786
SKU_00965,0,0.7313694669559019,1,0.268630533044098,0.4627389339118039
SKU_00530,0,0.7265657552054938,1,0.2734342447945059,0.4531315104109879
SKU_00776,1,0.9628458661847971,0,0.03715413381520281,0.9256917323695942
SKU_00391,0,0.7159645249840264,1,0.28403547501597376,0.43192904996805265
SKU_00254,0,0.6567125487655364,1,0.3432874512344637,0.3134250975310727
SKU_00099,1,0.9383338377236016,0,0.06166616227639821,0.8766676754472034
SKU_00672,1,0.5038170220395382,0,0.4961829779604618,0.007634044079076363
SKU_00468,0,0.8411088426437752,1,0.15889115735622486,0.6822176852875503
SKU_00895,0,0.7488608247016278,1,0.2511391752983724,0.4977216494032555
SKU_00712,0,0.9931977331138723,1,0.00680226688612764,0.9863954662277447
SKU_00841,0,0.5971017327214747,1,0.4028982672785254,0.1942034654429493
SKU_00571,1,0.9229602011152392,0,0.07703979888476103,0.8459204022304783
SKU_00320,1,0.9342231584044316,0,0.06577684159556811,0.8684463168088635
SKU_00832,0,0.7283344104914732,1,0.2716655895085267,0.4566688209829465
SKU_00411,1,0.5481127904212819,0,0.4518872095787183,0.09622558084256361
SKU_00192,1,0.7760774716092231,0,0.22392252839077686,0.5521549432184463
SKU_00037,0,0.9439293088802707,1,0.05607069111972914,0.8878586177605415
SKU_00202,1,0.6287713650338345,0,0.37122863496616554,0.2575427300676689
SKU_00278,1,0.7261126952123997,0,0.27388730478760026,0.4522253904247995
SKU_00858,1,0.5269969911849467,0,0.4730030088150536,0.05399398236989311
SKU_00969,0,0.8800545026298984,1,0.11994549737010166,0.7601090052597967
SKU_00539,0,0.8349140863561813,1,0.1650859136438186,0.6698281727123626
SKU_00746,0,0.5273638712357077,1,0.47263612876429206,0.05472774247141565
SKU_00345,0,0.9956495047741512,1,0.00435049522584883,0.9912990095483023
SKU_00620,0,0.9785294786859987,1,0.02147052131400146,0.9570589573719972
SKU_00181,1,0.9956040193343572,0,0.004395980665642858,0.9912080386687143
SKU_00109,0,0.916943575594106,1,0.08305642440589427,0.8338871511882118
SKU_00711,1,0.9284048558137481,0,0.07159514418625146,0.8568097116274966
SKU_00429,1,0.6562093602625974,0,0.3437906397374025,0.31241872052519487
SKU_00443,0,0.6701473254008762,1,0.3298526745991238,0.34029465080175236
SKU_00775,1,0.938679951404495,0,0.06132004859550486,0.8773599028089901
SKU_00466,0,0.7238612883714458,1,0.27613871162855447,0.44772257674289134
SKU_00193,1,0.7057422608167766,0,0.29425773918322373,0.41148452163355287
SKU_00179,1,0.7498769286131557,0,0.25012307138684414,0.49975385722631155
SKU_00259,0,0.587730220444548,1,0.4122697795554523,0.17546044088909574
SKU_00166,1,0.5906800102724704,0,0.4093199897275295,0.18136002054494094
SKU_00080,0,0.9910369293219722,1,0.00896307067802768,0.9820738586439445
SKU_00400,0,0.9182659096887682,1,0.08173409031123202,0.8365318193775362
SKU_00040,0,0.784849257188227,1,0.21515074281177302,0.5696985143764539
SKU_00735,0,0.9876906187116493,1,0.012309381288350926,0.9753812374232984
SKU_00253,1,0.972173087413261,0,0.027826912586739243,0.9443461748265218
SKU_00834,0,0.9632710060927748,1,0.036728993907225095,0.9265420121855498
SKU_00222,1,0.6034729361580625,0,0.39652706384193753,0.206945872316125
SKU_00528,1,0.8807935713652657,0,0.11920642863473432,0.7615871427305314
SKU_00770,0,0.6435526662609987,1,0.35644733373900167,0.28710533252199705
SKU_00459,0,0.9750470823041631,1,0.024952917695836862,0.9500941646083263
SKU_00209,1,0.7743850712334809,0,0.22561492876651895,0.548770142466962
SKU_00132,0,0.5493821146630151,1,0.4506178853369849,0.09876422932603024
SKU_00441,0,0.9493141921328885,1,0.050685807867111944,0.8986283842657765
SKU_00753,1,0.9740301461732156,0,0.025969853826784045,0.9480602923464315
SKU_00641,0,0.5849324967907431,1,0.415067503209257,0.1698649935814861
SKU_00230,0,0.5044121794826878,1,0.4955878205173124,0.008824358965375367
SKU_00083,0,0.9200468123612001,1,0.07995318763880002,0.8400936247224001
SKU_00899,0,0.9717533257334853,1,0.028246674266514827,0.9435066514669704
SKU_00409,0,0.7355418031466169,1,0.26445819685338323,0.47108360629323365
SKU_00669,0,0.9171867020537876,1,0.08281329794621259,0.834373404107575
SKU_00864,0,0.6924152315258769,1,0.30758476847412325,0.38483046305175367
SKU_00667,0,0.7452505081393643,1,0.25474949186063545,0.4905010162787289
SKU_00924,0,0.7423574167523773,1,0.2576425832476226,0.4847148335047547
SKU_00114,0,0.7661906591045646,1,0.23380934089543554,0.532381318209129
SKU_00383,0,0.668418394076506,1,0.3315816059234941,0.33683678815301193
SKU_00875,0,0.9280877091973513,1,0.07191229080264863,0.8561754183947027
SKU_00654,0,0.5695507459297514,1,0.43044925407024837,0.13910149185950305
SKU_00542,1,0.5315054445335315,0,0.46849455546646873,0.06301088906706281
SKU_00908,0,0.818956013966089,1,0.18104398603391128,0.6379120279321777
SKU_00888,1,0.9854164268497828,0,0.014583573150216923,0.9708328536995658
SKU_00151,0,0.8696946128546559,1,0.13030538714534431,0.7393892257093115
SKU_00152,1,0.9838595347340564,0,0.01614046526594359,0.9677190694681128
SKU_00565,1,0.9908834414704388,0,0.0091165585295611,0.9817668829408778
SKU_00818,1,0.9960803842721347,0,0.003919615727865905,0.9921607685442688
SKU_00063,1,0.8282356836005689,0,0.1717643163994314,0.6564713672011375
SKU_00828,0,0.9221405793349864,1,0.07785942066501321,0.8442811586699732
SKU_00333,0,0.9711787832174889,1,0.028821216782511285,0.9423575664349776
SKU_00053,0,0.9543784389148815,1,0.04562156108511871,0.9087568778297628
SKU_00722,0,0.9728507925138625,1,0.027149207486137545,0.945701585027725
SKU_00859,0,0.8518092140043617,1,0.1481907859956382,0.7036184280087235
SKU_00960,0,0.7663662324211555,1,0.23363376757884446,0.5327324648423111
SKU_00288,0,0.9456455109357242,1,0.054354489064275875,0.8912910218714484
SKU_00241,1,0.7095311491505311,0,0.29046885084946866,0.4190622983010624
SKU_00656,0,0.7262491317595446,1,0.2737508682404553,0.45249826351908934
SKU_00060,1,0.9229660345382683,0,0.07703396546173213,0.8459320690765362
SKU_00030,0,0.7967292397569088,1,0.20327076024309151,0.5934584795138172
SKU_00013,0,0.9931686779037813,1,0.006831322096219111,0.9863373558075622
SKU_00057,0,0.8590415408092181,1,0.1409584591907817,0.7180830816184365
SKU_00311,0,0.8742954818543883,1,0.12570451814561182,0.7485909637087765
SKU_00090,0,0.8094865969911447,1,0.1905134030088554,0.6189731939822893
SKU_00433,0,0.8169518941932865,1,0.18304810580671363,0.6339037883865729
SKU_00387,0,0.9342192728672837,1,0.06578072713271638,0.8684385457345674
SKU_00827,0,0.9112706396646324,1,0.08872936033536775,0.8225412793292647
SKU_00077,0,0.9301488523205522,1,0.06985114767944788,0.8602977046411043
SKU_00374,0,0.9903408182588009,1,0.009659181741198685,0.9806816365176022
SKU_00334,0,0.8424083116932656,1,0.15759168830673403,0.6848166233865316
SKU_00281,0,0.8682755774089803,1,0.13172442259102007,0.7365511548179602
SKU_00503,0,0.8733971460788573,1,0.1266028539211428,0.7467942921577145
SKU_00613,1,0.980632324808949,0,0.01936767519105098,0.961264649617898
SKU_00599,0,0.9195592124017763,1,0.08044078759822387,0.8391184248035524
SKU_00199,1,0.5086607915224772,0,0.49133920847752305,0.01732158304495418
SKU_00331,1,0.5413563019361404,0,0.4586436980638596,0.0827126038722808
SKU_00335,1,0.7681371899190539,0,0.23186281008094603,0.5362743798381079
SKU_00299,0,0.5364529825660633,1,0.46354701743393656,0.07290596513212677
SKU_00916,0,0.9030361238918017,1,0.09696387610819839,0.8060722477836033
SKU_00239,0,0.936685789484528,1,0.06331421051547198,0.8733715789690559
SKU_00318,0,0.9908413800971944,1,0.009158619902805802,0.9816827601943886
SKU_00959,0,0.9807481199287198,1,0.01925188007128063,0.9614962398574392
SKU_00889,0,0.975219960468176,1,0.024780039531824147,0.9504399209363519
SKU_00792,0,0.9897908349331654,1,0.010209165066834863,0.9795816698663306
SKU_00291,0,0.7086793603056346,1,0.2913206396943649,0.4173587206112697
SKU_00428,0,0.7303964900826087,1,0.2696035099173912,0.46079298016521747
SKU_00056,0,0.8717879269440084,1,0.1282120730559917,0.7435758538880167
SKU_00922,0,0.932310186655106,1,0.06768981334489357,0.8646203733102125
SKU_00854,1,0.5042567863855776,0,0.49574321361442253,0.008513572771155054
SKU_00603,1,0.563374618947354,0,0.436625381052646,0.126749237894708
SKU_00058,0,0.9321301303142372,1,0.0678698696857629,0.8642602606284743
SKU_00782,0,0.6394553143871172,1,0.36054468561288266,0.27891062877423456
SKU_00285,0,0.9310061580614725,1,0.06899384193852749,0.8620123161229449
SKU_00592,0,0.6826055050327942,1,0.3173944949672057,0.3652110100655885
SKU_00593,0,0.5657522734964138,1,0.43424772650358645,0.13150454699282732
SKU_00292,0,0.8613152849944307,1,0.1386847150055696,0.7226305699888611
SKU_00031,0,0.9046974437224955,1,0.09530255627750443,0.8093948874449911
SKU_00392,1,0.5873100697612367,0,0.4126899302387632,0.17462013952247346
SKU_00773,0,0.7284979643376599,1,0.27150203566234027,0.45699592867531963
SKU_00201,1,0.8287707705325551,0,0.17122922946744468,0.6575415410651104
SKU_00995,0,0.5654385695078503,1,0.4345614304921499,0.13087713901570042
SKU_00096,0,0.7361913377366723,1,0.26380866226332716,0.47238267547334517
SKU_00616,0,0.9799564090913967,1,0.020043590908603,0.9599128181827937
SKU_00883,0,0.9334763222765066,1,0.06652367772349359,0.866952644553013
SKU_00021,0,0.7328103758214474,1,0.2671896241785527,0.4656207516428947
SKU_00764,0,0.7311819318480374,1,0.26881806815196246,0.4623638636960749
SKU_00760,1,0.7616678377965962,0,0.23833216220340395,0.5233356755931923
SKU_00812,0,0.7712849225745404,1,0.22871507742545955,0.5425698451490808
SKU_00117,0,0.9233026847871324,1,0.07669731521286728,0.8466053695742651
SKU_00009,0,0.9772408539998595,1,0.0227591460001409,0.9544817079997185
SKU_00351,0,0.8677700841571125,1,0.1322299158428876,0.735540168314225
SKU_00071,0,0.9725276833445319,1,0.027472316655468062,0.9450553666890639
SKU_00844,0,0.6702340059833207,1,0.3297659940166794,0.34046801196664134
SKU_00168,0,0.9687868589913072,1,0.0312131410086927,0.9375737179826146
SKU_00079,1,0.9058776349803653,0,0.0941223650196347,0.8117552699607307
SKU_00874,0,0.9187234012052901,1,0.08127659879470982,0.8374468024105802
SKU_00121,0,0.9004224131279285,1,0.09957758687207122,0.8008448262558573
SKU_00449,0,0.7455778580319045,1,0.25442214196809554,0.4911557160638089
SKU_00974,0,0.9955219688402602,1,0.004478031159739673,0.9910439376805206
SKU_00237,0,0.6189920589089589,1,0.381007941091041,0.2379841178179179
SKU_00379,1,0.6325577655011746,0,0.3674422344988258,0.2651155310023488
SKU_00514,0,0.9793868940361956,1,0.020613105963804102,0.9587737880723916
SKU_00728,1,0.5370495276363234,0,0.4629504723636768,0.0740990552726466
SKU_00042,0,0.8823582488190519,1,0.11764175118094794,0.764716497638104
SKU_00928,1,0.685113969644627,0,0.3148860303553732,0.3702279392892538
SKU_00833,0,0.9152520741875699,1,0.08474792581243001,0.8305041483751399
SKU_00354,1,0.9823414984764366,0,0.01765850152356301,0.9646829969528736
SKU_00440,0,0.692774729585815,1,0.3072252704141852,0.3855494591716298
SKU_00491,0,0.9929428198739482,1,0.007057180126051914,0.9858856397478962
SKU_00190,0,0.5929473799835759,1,0.4070526200164239,0.18589475996715205
SKU_00940,1,0.8994673968178633,0,0.10053260318213668,0.7989347936357266
SKU_00988,0,0.8492913783775801,1,0.15070862162242007,0.69858275675516
SKU_00220,0,0.6944460618092587,1,0.30555393819074106,0.38889212361851766
SKU_00019,0,0.8456546453667098,1,0.15434535463329002,0.6913092907334197
SKU_00846,0,0.8824263741138202,1,0.1175736258861797,0.7648527482276405
SKU_00926,1,0.8452128490504534,0,0.15478715094954693,0.6904256981009065
SKU_00487,1,0.6691689675124414,0,0.330831032487559,0.33833793502488235
SKU_00664,1,0.9571185966808419,0,0.04288140331915765,0.9142371933616842
SKU_00273,0,0.934771427622866,1,0.06522857237713399,0.869542855245732
SKU_00492,1,0.9564770276298629,0,0.04352297237013683,0.9129540552597261
SKU_00619,1,0.6195659283079953,0,0.3804340716920048,0.23913185661599046
SKU_00101,0,0.7557579641333009,1,0.24424203586669893,0.511515928266602
SKU_00001,0,0.5563672998406747,1,0.44363270015932527,0.11273459968134941
SKU_00706,1,0.9845830954792203,0,0.015416904520779885,0.9691661909584404
SKU_00029,0,0.9952620171252444,1,0.0047379828747557565,0.9905240342504886
SKU_00300,0,0.9742054640002661,1,0.025794535999733963,0.9484109280005322
SKU_00606,0,0.6810179889875991,1,0.31898201101240087,0.36203597797519826
SKU_00957,1,0.8459970875497106,0,0.15400291245028916,0.6919941750994214
SKU_00231,1,0.7680942154569399,0,0.23190578454306,0.5361884309138799
SKU_00377,1,0.8381202118692602,0,0.16187978813074005,0.6762404237385202
SKU_00436,0,0.9794054708855625,1,0.02059452911443732,0.9588109417711252
SKU_00476,0,0.9830039365710808,1,0.01699606342891915,0.9660078731421616
SKU_00598,0,0.6073844825221142,1,0.3926155174778856,0.2147689650442286
SKU_00936,0,0.7478009038423548,1,0.25219909615764485,0.4956018076847099
SKU_00010,0,0.8501483616051096,1,0.14985163839489046,0.7002967232102192
SKU_00628,1,0.8984011134980142,0,0.10159888650198572,0.7968022269960285
SKU_00741,0,0.8747377282482761,1,0.1252622717517243,0.7494754564965518
SKU_00211,0,0.9433825462074725,1,0.0566174537925275,0.886765092414945
SKU_00901,0,0.917611007666951,1,0.08238899233304915,0.8352220153339018
SKU_00481,1,0.8368512025769278,0,0.16314879742307198,0.6737024051538558
SKU_00472,0,0.9927104514054665,1,0.007289548594533435,0.9854209028109331
SKU_00032,0,0.8655274445018679,1,0.13447255549813192,0.731054889003736
SKU_00008,0,0.7538426943208765,1,0.2461573056791233,0.5076853886417532
SKU_00486,1,0.8737551327157101,0,0.1262448672842899,0.7475102654314203
SKU_00938,0,0.9777765324871724,1,0.022223467512827468,0.955553064974345
SKU_00312,0,0.8065683946952138,1,0.19343160530478604,0.6131367893904278
SKU_00586,1,0.9516806066106746,0,0.048319393389325865,0.9033612132213487
SKU_00189,0,0.9503745770892171,1,0.04962542291078315,0.9007491541784339
SKU_00518,0,0.8751872528451704,1,0.12481274715482991,0.7503745056903405
SKU_00580,1,0.9922003212539094,0,0.00779967874609074,0.9844006425078187
SKU_00724,0,0.9862507725135634,1,0.013749227486436212,0.9725015450271272
SKU_00977,0,0.9242935447025362,1,0.0757064552974641,0.8485870894050721
SKU_00323,0,0.7669125469042023,1,0.23308745309579784,0.5338250938084045
SKU_00005,1,0.9416968983549489,0,0.05830310164505137,0.8833937967098975
SKU_00370,0,0.9910081431580069,1,0.0089918568419931,0.9820162863160138
SKU_00264,0,0.9425779808879082,1,0.057422019112091965,0.8851559617758162
SKU_00439,1,0.7662796468155594,0,0.2337203531844406,0.5325592936311188
SKU_00983,0,0.7047237597157285,1,0.29527624028427163,0.4094475194314569
SKU_00244,0,0.9660299831702891,1,0.033970016829711076,0.932059966340578
SKU_00458,0,0.8348274092196828,1,0.16517259078031712,0.6696548184393657
SKU_00640,0,0.5519180508570197,1,0.44808194914298044,0.10383610171403929
SKU_00497,0,0.5905164186497133,1,0.40948358135028695,0.18103283729942632
SKU_00668,0,0.9500608232005099,1,0.04993917679948972,0.9001216464010202
SKU_00871,0,0.7242099692698082,1,0.2757900307301918,0.44841993853961637
SKU_00407,1,0.8469579703666015,0,0.1530420296333984,0.6939159407332031
SKU_00257,0,0.6810310829819534,1,0.318968917018047,0.36206216596390633
SKU_00236,0,0.9938827385183918,1,0.006117261481608173,0.9877654770367836
SKU_00006,1,0.7910978306090107,0,0.20890216939098943,0.5821956612180212
SKU_00100,0,0.8676649811953675,1,0.1323350188046324,0.7353299623907351
SKU_00701,0,0.9199187845502151,1,0.08008121544978505,0.8398375691004301
SKU_00646,0,0.9059656410113118,1,0.09403435898868802,0.8119312820226238
SKU_00068,0,0.5298616705616164,1,0.4701383294383838,0.059723341123232576
SKU_00448,0,0.7282003860950116,1,0.2717996139049886,0.456400772190023
SKU_00470,0,0.8615371192976984,1,0.1384628807023014,0.723074238595397
SKU_00126,1,0.6807561342663615,0,0.31924386573363817,0.36151226853272334
SKU_00164,0,0.7459538486689653,1,0.25404615133103464,0.49190769733793066
SKU_00850,0,0.98474266701605,1,0.015257332983949816,0.9694853340321001
SKU_00347,1,0.672152360302002,0,0.3278476396979979,0.3443047206040041
SKU_00368,0,0.9762558032865933,1,0.02374419671340637,0.952511606573187
SKU_00369,0,0.9914473027854874,1,0.008552697214512198,0.9828946055709752
SKU_00145,0,0.544186031931402,1,0.4558139680685979,0.0883720638628041
SKU_00563,0,0.827478400948947,1,0.17252159905105321,0.6549568018978937
SKU_00898,1,0.9437828149402887,0,0.05621718505971142,0.8875656298805773
SKU_00930,0,0.8324120816816517,1,0.16758791831834827,0.6648241633633034
SKU_00952,1,0.9526847978520369,0,0.04731520214796289,0.9053695957040739
SKU_00356,1,0.8090296227832696,0,0.19097037721673038,0.6180592455665392
SKU_00726,0,0.9013043269248706,1,0.09869567307512946,0.8026086538497411
SKU_00576,0,0.6096793632698951,1,0.39032063673010475,0.21935872653979038
SKU_00794,0,0.9793769020549311,1,0.020623097945068853,0.9587538041098622
SKU_00424,0,0.9041091138037843,1,0.09589088619621558,0.8082182276075688
SKU_00704,0,0.9788322251845615,1,0.021167774815438675,0.9576644503691228
SKU_00736,0,0.867281798900855,1,0.13271820109914467,0.7345635978017103
SKU_00982,1,0.8988881611502647,0,0.10111183884973518,0.7977763223005295
SKU_00878,0,0.8405138619469439,1,0.1594861380530562,0.6810277238938877
SKU_00500,1,0.6568239350317809,0,0.3431760649682192,0.31364787006356176
SKU_00128,0,0.9695651055078331,1,0.030434894492166718,0.9391302110156664
SKU_00840,0,0.5901398024506459,1,0.4098601975493541,0.1802796049012918
SKU_00626,0,0.5828498986807141,1,0.41715010131928576,0.16569979736142837
SKU_00371,1,0.869574018904554,0,0.13042598109544595,0.739148037809108
SKU_00171,0,0.9778257125484305,1,0.022174287451569234,0.9556514250968613
SKU_00290,0,0.9567877734043362,1,0.043212226595663636,0.9135755468086726
SKU_00856,0,0.6262001352934924,1,0.37379986470650745,0.25240027058698494
SKU_00655,0,0.9956823556446457,1,0.004317644355354393,0.9913647112892913
SKU_00557,1,0.8658509836363849,0,0.1341490163636149,0.73170196727277
SKU_00148,1,0.6228652858915037,0,0.3771347141084961,0.2457305717830076
SKU_00382,0,0.5756564683631857,1,0.42434353163681465,0.15131293672637108
SKU_00559,0,0.8530753195439751,1,0.14692468045602453,0.7061506390879506
SKU_00098,1,0.6675918356304356,0,0.33240816436956416,0.3351836712608714
SKU_00465,0,0.8609098625308524,1,0.13909013746914758,0.7218197250617049
SKU_00665,0,0.9286022814877675,1,0.07139771851223223,0.8572045629755353
SKU_00821,1,0.9909626643256559,0,0.009037335674343956,0.981925328651312
SKU_00610,0,0.59106873904524,1,0.40893126095476023,0.1821374780904798
SKU_00332,0,0.7861348853173592,1,0.21386511468264088,0.5722697706347183
SKU_00630,0,0.5841624705126689,1,0.4158375294873312,0.16832494102533768
SKU_00515,1,0.5318542889243473,0,0.46814571107565317,0.0637085778486941
SKU_00149,0,0.6217561272722824,1,0.3782438727277175,0.24351225454456488
SKU_00868,0,0.9915422711700821,1,0.008457728829917889,0.9830845423401642
SKU_00044,0,0.9651675974084885,1,0.03483240259151194,0.9303351948169765
SKU_00205,0,0.5747091536878696,1,0.42529084631213054,0.14941830737573902
SKU_00772,1,0.6556896452602273,0,0.34431035473977245,0.3113792905204549
SKU_00621,0,0.8411896941601306,1,0.15881030583986966,0.6823793883202609
SKU_00634,1,0.9351613413439896,0,0.06483865865601048,0.8703226826879792
SKU_00925,0,0.6364924790202798,1,0.3635075209797204,0.27298495804055944
SKU_00955,0,0.7606122247656854,1,0.2393877752343151,0.5212244495313703
SKU_00687,0,0.8656000259046328,1,0.13439997409536752,0.7312000518092653
SKU_00649,0,0.9263560393852356,1,0.07364396061476482,0.8527120787704707
SKU_00882,0,0.6361281363380769,1,0.363871863661923,0.2722562726761539
SKU_00718,0,0.8282159760628157,1,0.17178402393718412,0.6564319521256317
SKU_00442,0,0.9980823230016845,1,0.001917676998315492,0.9961646460033691
SKU_00456,0,0.8188052711864652,1,0.1811947288135347,0.6376105423729305
SKU_00004,0,0.7639040041795432,1,0.2360959958204566,0.5278080083590866
SKU_00208,0,0.7671614746191697,1,0.23283852538083022,0.5343229492383395
SKU_00945,0,0.9858837836210662,1,0.014116216378933674,0.9717675672421325
SKU_00072,0,0.661975112905497,1,0.338024887094503,0.32395022581099403
