sku_id,assigned_bin,embedding_distance,physical_distance
SKU_00678,BIN_000000,1.0828288,0.0
SKU_00134,BIN_000158,1.0761873,17.0
SKU_00475,BIN_000000,1.1873146,0.0
SKU_00971,BIN_000121,1.1890291,12.041594578792296
SKU_00825,BIN_000121,0.4207935,12.041594578792296
SKU_00412,BIN_000510,1.6650892,1.0
SKU_00112,BIN_000000,2.3563516,0.0
SKU_00427,BIN_001106,0.21784076,11.6619037896906
SKU_00512,BIN_001170,0.6954029,17.0
SKU_00305,BIN_000000,1.1233176,0.0
SKU_00313,BIN_000001,1.088984,1.0
SKU_00814,BIN_000510,1.377237,1.0
SKU_00577,BIN_001149,0.22609426,16.64331697709324
SKU_00150,BIN_001106,0.2126671,11.6619037896906
SKU_00581,BIN_001163,0.9212805,16.278820596099706
SKU_00810,BIN_001143,1.0075471,14.317821063276352
SKU_00799,BIN_000521,1.3713768,2.23606797749979
SKU_00249,BIN_000121,1.0167482,12.041594578792296
SKU_00948,BIN_000697,1.1563214,20.248456731316587
SKU_00228,BIN_000552,0.06970247,5.385164807134504
SKU_00679,BIN_001119,0.487043,14.212670403551895
SKU_00203,BIN_001001,1.1758063,1.0
SKU_00183,BIN_001147,0.048270743,15.652475842498529
SKU_00517,BIN_000000,1.4743286,0.0
SKU_00324,BIN_000082,0.099337935,8.246211251235321
SKU_00923,BIN_000000,1.2501194,0.0
SKU_00758,BIN_000000,1.7916496,0.0
SKU_00245,BIN_000542,0.008060339,4.47213595499958
SKU_00731,BIN_000000,1.7208904,0.0
SKU_00575,BIN_000000,1.0567762,0.0
SKU_00943,BIN_000000,1.3333244,0.0
SKU_00836,BIN_001001,0.9856472,1.0
SKU_00498,BIN_000000,1.1407522,0.0
SKU_00648,BIN_001106,0.20376633,11.6619037896906
SKU_00393,BIN_000082,0.20192024,8.246211251235321
SKU_00446,BIN_000009,0.00048828125,9.0
SKU_00390,BIN_001002,1.0919906,2.0
SKU_00240,BIN_000636,0.23938534,14.317821063276352
SKU_00710,BIN_001106,0.3765432,11.6619037896906
SKU_00671,BIN_000000,1.0170199,0.0
SKU_00447,BIN_001106,0.2277535,11.6619037896906
SKU_00308,BIN_000153,1.0850589,15.297058540778355
SKU_00197,BIN_000671,0.3779035,17.029386365926403
SKU_00937,BIN_000145,1.5678312,14.866068747318506
SKU_00869,BIN_001001,0.60429704,1.0
SKU_00769,BIN_000121,0.4985391,12.041594578792296
SKU_00705,BIN_001141,0.40491426,14.0356688476182
SKU_00627,BIN_001106,0.35352582,11.6619037896906
SKU_00178,BIN_000011,1.1257787,1.4142135623730951
SKU_00127,BIN_000012,1.1255207,2.23606797749979
SKU_00384,BIN_000000,1.3610533,0.0
SKU_00419,BIN_000000,1.5258983,0.0
SKU_00996,BIN_001170,0.67835456,17.0
SKU_00120,BIN_000009,0.00048828125,9.0
SKU_00991,BIN_000000,1.0835774,0.0
SKU_00070,BIN_000000,0.7891176,0.0
SKU_00905,BIN_001149,1.2968787,16.64331697709324
SKU_00431,BIN_000009,0.00048828125,9.0
SKU_00795,BIN_001131,0.5679581,13.038404810405298
SKU_00271,BIN_000502,0.81150997,2.0
SKU_00403,BIN_000502,1.0807129,2.0
SKU_00378,BIN_000009,0.00048828125,9.0
SKU_00932,BIN_000640,1.2043772,14.0
SKU_00035,BIN_001002,0.80130756,2.0
SKU_00891,BIN_001001,1.0002035,1.0
SKU_00737,BIN_000012,0.07605833,2.23606797749979
SKU_00267,BIN_001001,1.270597,1.0
SKU_00139,BIN_001010,0.5222327,1.0
SKU_00509,BIN_001131,0.36118624,13.038404810405298
SKU_00367,BIN_000682,1.3532556,18.110770276274835
SKU_00207,BIN_000000,1.2185735,0.0
SKU_00002,BIN_000510,1.077998,1.0
SKU_00780,BIN_000001,1.0857669,1.0
SKU_00748,BIN_000623,0.96315515,12.36931687685298
SKU_00471,BIN_000164,1.0628145,16.492422502470642
SKU_00352,BIN_000153,0.09697393,15.297058540778355
SKU_00614,BIN_000012,0.19895948,2.23606797749979
SKU_00464,BIN_000144,1.1341239,14.560219778561036
SKU_00558,BIN_001002,0.768039,2.0
SKU_00745,BIN_000635,0.11491531,13.92838827718412
SKU_00759,BIN_001163,0.9815883,16.278820596099706
SKU_00798,BIN_000009,0.00048828125,9.0
SKU_00645,BIN_000600,1.0875816,10.0
SKU_00226,BIN_001025,0.15123542,5.385164807134504
SKU_00680,BIN_000009,0.00048828125,9.0
SKU_00574,BIN_000000,1.2556512,0.0
SKU_00450,BIN_000513,0.7450091,3.1622776601683795
SKU_00238,BIN_000082,0.1885036,8.246211251235321
SKU_00094,BIN_001001,0.41057673,1.0
SKU_00707,BIN_000118,0.0014648438,13.601470508735444
SKU_00524,BIN_000565,0.01819462,7.810249675906654
SKU_00435,BIN_000082,0.099435695,8.246211251235321
SKU_00170,BIN_000129,1.3232565,15.0
SKU_00073,BIN_000512,0.049525656,2.23606797749979
SKU_00137,BIN_001001,0.9903785,1.0
SKU_00573,BIN_000649,0.96711314,16.64331697709324
SKU_00950,BIN_000000,1.283451,0.0
SKU_00719,BIN_000121,0.89263874,12.041594578792296
SKU_00727,BIN_000041,0.00048828125,4.123105625617661
SKU_00485,BIN_000692,1.9492649,19.1049731745428
SKU_00513,BIN_000712,1.6698362,21.095023109728988
SKU_00357,BIN_000000,0.9620707,0.0
SKU_00113,BIN_000652,0.07749379,15.132745950421556
SKU_00752,BIN_000553,0.09918091,5.830951894845301
SKU_00803,BIN_000643,1.1580601,14.317821063276352
SKU_00813,BIN_000166,0.12692025,17.08800749063506
SKU_00118,BIN_001118,0.0,13.601470508735444
SKU_00961,BIN_001002,1.2375078,2.0
SKU_00252,BIN_000031,0.00059802,3.1622776601683795
SKU_00480,BIN_000082,0.20430894,8.246211251235321
SKU_00165,BIN_000635,0.25021163,13.92838827718412
SKU_00820,BIN_000009,0.00048828125,9.0
SKU_00052,BIN_000009,0.00048828125,9.0
SKU_00709,BIN_001010,1.5204083,1.0
SKU_00398,BIN_000009,0.00048828125,9.0
SKU_00541,BIN_000000,1.2824897,0.0
SKU_00414,BIN_000000,1.3396777,0.0
SKU_00697,BIN_000000,1.7167956,0.0
SKU_00872,BIN_000649,0.9269704,16.64331697709324
SKU_00508,BIN_001139,2.5153248,15.811388300841896
SKU_00947,BIN_000635,0.35591987,13.92838827718412
SKU_00221,BIN_000135,1.5801011,13.92838827718412
SKU_00463,BIN_000030,0.010675396,3.0
SKU_00182,BIN_000001,1.4202756,1.0
SKU_00355,BIN_000129,1.1066551,15.0
SKU_00200,BIN_001143,0.8636939,14.317821063276352
SKU_00839,BIN_001001,1.2601298,1.0
SKU_00771,BIN_000168,0.3807855,17.88854381999832
SKU_00860,BIN_000213,1.7178108,21.213203435596427
SKU_00886,BIN_000000,1.3519624,0.0
SKU_00065,BIN_000000,1.3960917,0.0
SKU_00473,BIN_001148,2.1101377,16.1245154965971
SKU_00325,BIN_000009,0.00048828125,9.0
SKU_00568,BIN_001115,0.00048828125,12.083045973594572
SKU_00295,BIN_000000,1.6362052,0.0
SKU_00401,BIN_001148,2.2081852,16.1245154965971
SKU_00774,BIN_000031,0.2962775,3.1622776601683795
SKU_00807,BIN_000143,0.5779952,14.317821063276352
SKU_00914,BIN_000119,0.35115638,14.212670403551895
SKU_00647,BIN_000004,0.7052986,4.0
SKU_00388,BIN_000158,0.93473023,17.0
SKU_00903,BIN_000000,1.6685325,0.0
SKU_00247,BIN_000252,1.2893215,25.079872407968907
SKU_00154,BIN_000610,0.8105667,11.0
SKU_00549,BIN_001141,0.1795126,14.0356688476182
SKU_00532,BIN_000165,0.0,16.76305461424021
SKU_00949,BIN_000000,1.5068421,0.0
SKU_00396,BIN_001042,0.028905673,4.47213595499958
SKU_00020,BIN_000009,0.00048828125,9.0
SKU_00548,BIN_000000,2.050883,0.0
SKU_00489,BIN_000009,0.00048828125,9.0
SKU_00107,BIN_000179,1.7727002,19.235384061671343
SKU_00609,BIN_001148,1.9115402,16.1245154965971
SKU_00462,BIN_000149,1.3738818,16.64331697709324
SKU_00966,BIN_001023,0.0,3.605551275463989
SKU_00358,BIN_000154,1.1574373,15.524174696260024
SKU_00970,BIN_000682,0.8240595,18.110770276274835
SKU_00791,BIN_000170,0.3667951,17.0
SKU_00755,BIN_000138,0.55381566,15.264337522473747
SKU_00631,BIN_001125,0.7954773,13.0
SKU_00421,BIN_000139,0.003966816,15.811388300841896
SKU_00534,BIN_000502,1.0377553,2.0
SKU_00720,BIN_000155,0.852764,15.811388300841896
SKU_00467,BIN_000196,1.0788777,19.92485884517128
SKU_00233,BIN_000000,1.4331105,0.0
SKU_00688,BIN_000129,1.7881229,15.0
SKU_00336,BIN_000165,0.97045577,16.76305461424021
SKU_00510,BIN_000510,1.842572,1.0
SKU_00781,BIN_000000,0.61252326,0.0
SKU_00824,BIN_000000,1.0325824,0.0
SKU_00420,BIN_000692,2.2146778,19.1049731745428
SKU_00847,BIN_000692,2.1353855,19.1049731745428
SKU_00551,BIN_001081,0.0013372133,8.06225774829855
SKU_00662,BIN_001163,0.8638828,16.278820596099706
SKU_00119,BIN_000502,1.1308097,2.0
SKU_00953,BIN_000180,0.99391073,18.0
SKU_00789,BIN_001237,1.0763154,24.04163056034261
SKU_00438,BIN_001042,0.0054809432,4.47213595499958
SKU_00204,BIN_000779,2.0892982,28.46049894151541
SKU_00494,BIN_000649,0.302618,16.64331697709324
SKU_00321,BIN_000009,0.00048828125,9.0
SKU_00453,BIN_000183,0.9263779,18.24828759089466
SKU_00337,BIN_000009,0.00048828125,9.0
SKU_00700,BIN_000636,0.28656286,14.317821063276352
SKU_00104,BIN_000143,0.616616,14.317821063276352
SKU_00716,BIN_000693,0.40912956,19.235384061671343
SKU_00661,BIN_000190,2.022547,19.0
SKU_00894,BIN_001148,2.2313921,16.1245154965971
SKU_00176,BIN_000001,1.3110089,1.0
SKU_00187,BIN_000636,0.19926123,14.317821063276352
SKU_00815,BIN_000000,2.0883703,0.0
SKU_00831,BIN_000082,0.16759983,8.246211251235321
SKU_00725,BIN_000662,0.104160815,16.1245154965971
SKU_00359,BIN_000706,2.36326,20.8806130178211
SKU_00595,BIN_000000,1.9739219,0.0
SKU_00523,BIN_000543,0.0,5.0
SKU_00802,BIN_001001,0.8428097,1.0
SKU_00766,BIN_001155,1.0038093,15.811388300841896
SKU_00086,BIN_000143,0.6048252,14.317821063276352
SKU_00884,BIN_001155,0.4128781,15.811388300841896
SKU_00723,BIN_001139,2.419639,15.811388300841896
SKU_00972,BIN_000652,0.8505939,15.132745950421556
SKU_00076,BIN_001182,0.8731568,18.110770276274835
SKU_00851,BIN_001175,2.0683708,17.72004514666935
SKU_00196,BIN_000163,0.7594902,16.278820596099706
SKU_00876,BIN_000023,0.0,3.605551275463989
SKU_00797,BIN_001010,1.4868674,1.0
SKU_00686,BIN_000640,0.7977213,14.0
SKU_00093,BIN_001033,0.6151531,4.242640687119285
SKU_00242,BIN_000143,0.43460447,14.317821063276352
SKU_00186,BIN_000610,0.6491595,11.0
SKU_00633,BIN_000000,2.0713162,0.0
SKU_00862,BIN_001149,0.65237415,16.64331697709324
SKU_00074,BIN_000143,0.65272564,14.317821063276352
SKU_00535,BIN_000660,0.13585542,16.0
SKU_00276,BIN_000138,0.726284,15.264337522473747
SKU_00861,BIN_000000,1.2177377,0.0
SKU_00490,BIN_000153,0.63271594,15.297058540778355
SKU_00554,BIN_000610,0.937227,11.0
SKU_00444,BIN_001032,0.02922966,3.605551275463989
SKU_00981,BIN_001002,0.009480707,2.0
SKU_00364,BIN_000610,0.5674449,11.0
SKU_00501,BIN_000009,0.00048828125,9.0
SKU_00838,BIN_000145,1.2372048,14.866068747318506
SKU_00399,BIN_001163,0.8567493,16.278820596099706
SKU_00915,BIN_000158,0.88383424,17.0
SKU_00258,BIN_000707,1.8228976,21.18962010041709
SKU_00136,BIN_001010,1.5202509,1.0
SKU_00778,BIN_000143,0.041758753,14.317821063276352
SKU_00804,BIN_000000,1.462451,0.0
SKU_00017,BIN_001112,0.10032368,11.180339887498947
SKU_00543,BIN_000246,1.4574046,24.73863375370596
SKU_00890,BIN_001125,0.0,13.0
SKU_00749,BIN_000639,1.5549107,15.811388300841896
SKU_00474,BIN_000189,1.0675336,20.12461179749811
SKU_00695,BIN_000143,0.50119066,14.317821063276352
SKU_00823,BIN_000121,0.5168671,12.041594578792296
SKU_00191,BIN_000634,0.5615937,13.601470508735444
SKU_00048,BIN_001020,1.502307,2.0
SKU_00159,BIN_001387,2.0882862,38.63935817272331
SKU_00976,BIN_000157,0.40900746,16.55294535724685
SKU_00027,BIN_001170,1.0074852,17.0
SKU_00437,BIN_000169,1.030788,18.35755975068582
SKU_00116,BIN_000204,1.5122979,20.396078054371134
SKU_00683,BIN_000143,0.52725095,14.317821063276352
SKU_00296,BIN_000673,0.24222884,17.26267650163207
SKU_00302,BIN_000671,0.83793056,17.029386365926403
SKU_00081,BIN_000635,0.39728603,13.92838827718412
SKU_00055,BIN_000506,0.005097806,6.0
SKU_00054,BIN_000600,0.9921549,10.0
SKU_00692,BIN_000009,0.00048828125,9.0
SKU_00913,BIN_000121,1.002234,12.041594578792296
SKU_00739,BIN_000000,1.7862644,0.0
SKU_00717,BIN_000531,0.050064903,3.1622776601683795
SKU_00939,BIN_000143,0.57420546,14.317821063276352
SKU_00363,BIN_000623,0.7074721,12.36931687685298
SKU_00968,BIN_001001,0.98656493,1.0
SKU_00921,BIN_000170,0.7071987,17.0
SKU_00408,BIN_000531,0.0531083,3.1622776601683795
SKU_00525,BIN_000004,0.8936237,4.0
SKU_00989,BIN_000530,0.7098272,3.0
SKU_00738,BIN_000012,0.46522814,2.23606797749979
SKU_00956,BIN_000144,1.2964576,14.560219778561036
SKU_00521,BIN_000000,1.0581937,0.0
SKU_00691,BIN_000000,1.5549326,0.0
SKU_00162,BIN_000138,0.26590893,15.264337522473747
SKU_00788,BIN_000135,0.89613855,13.92838827718412
SKU_00993,BIN_000702,1.8794923,20.09975124224178
SKU_00677,BIN_001170,0.29635435,17.0
SKU_00315,BIN_000639,1.4129717,15.811388300841896
SKU_00817,BIN_000082,0.14659278,8.246211251235321
SKU_00248,BIN_000680,0.70967793,18.0
SKU_00188,BIN_000160,2.417719,16.0
SKU_00865,BIN_001179,2.8268733,19.235384061671343
SKU_00415,BIN_000515,0.018972414,5.0990195135927845
SKU_00516,BIN_000000,1.0746065,0.0
SKU_00578,BIN_000137,0.31514913,14.7648230602334
SKU_00129,BIN_000143,0.81590945,14.317821063276352
SKU_00533,BIN_000154,1.0199803,15.524174696260024
SKU_00275,BIN_000636,0.78366387,14.317821063276352
SKU_00742,BIN_000164,0.39929914,16.492422502470642
SKU_00423,BIN_000031,0.3554119,3.1622776601683795
SKU_00078,BIN_000082,0.16200143,8.246211251235321
SKU_00160,BIN_000000,2.9222627,0.0
SKU_00504,BIN_001337,2.4751537,33.734255586866
SKU_00270,BIN_000009,0.00048828125,9.0
SKU_00994,BIN_000000,1.0310974,0.0
SKU_00488,BIN_000009,0.00048828125,9.0
SKU_00277,BIN_000215,1.2719076,21.587033144922906
SKU_00103,BIN_000002,0.43460736,2.0
SKU_00461,BIN_001125,0.7614428,13.0
SKU_00303,BIN_000217,1.6389995,22.13594362117865
SKU_00034,BIN_000520,0.90412307,2.0
SKU_00848,BIN_000009,0.00048828125,9.0
SKU_00998,BIN_000520,0.68715644,2.0
SKU_00274,BIN_000623,0.7420024,12.36931687685298
SKU_00348,BIN_000000,0.6448076,0.0
SKU_00793,BIN_000639,2.1864762,15.811388300841896
SKU_00732,BIN_000610,0.6591704,11.0
SKU_00570,BIN_001126,0.36674228,13.41640786499874
SKU_00623,BIN_001143,0.5197578,14.317821063276352
SKU_00255,BIN_001143,0.15700273,14.317821063276352
SKU_00612,BIN_000710,2.1867304,21.0
SKU_00751,BIN_000204,2.1530051,20.396078054371134
SKU_00674,BIN_000000,1.2960526,0.0
SKU_00219,BIN_000666,0.39435777,17.08800749063506
SKU_00263,BIN_000649,1.8937101,16.64331697709324
SKU_00978,BIN_001033,0.46877676,4.242640687119285
SKU_00545,BIN_000121,0.50405777,12.041594578792296
SKU_00043,BIN_000617,0.46185675,13.038404810405298
SKU_00417,BIN_000000,1.216401,0.0
SKU_00999,BIN_001010,2.0521097,1.0
SKU_00863,BIN_000004,0.70954585,4.0
SKU_00268,BIN_000082,0.15658514,8.246211251235321
SKU_00125,BIN_000004,0.57303405,4.0
SKU_00714,BIN_000510,1.3532935,1.0
SKU_00560,BIN_001111,0.0034179688,11.04536101718726
SKU_00338,BIN_000652,0.7398626,15.132745950421556
SKU_00194,BIN_000000,1.050173,0.0
SKU_00039,BIN_000004,0.6327753,4.0
SKU_00564,BIN_001163,0.033199534,16.278820596099706
SKU_00246,BIN_000004,0.52664787,4.0
SKU_00499,BIN_000506,0.013676234,6.0
SKU_00786,BIN_001194,0.47187096,19.4164878389476
SKU_00395,BIN_001002,1.4862367,2.0
SKU_00089,BIN_000145,1.3278205,14.866068747318506
SKU_00484,BIN_000302,2.339862,30.066592756745816
SKU_00304,BIN_000644,0.58752036,14.560219778561036
SKU_00607,BIN_001001,0.7477123,1.0
SKU_00161,BIN_001173,0.7869309,17.26267650163207
SKU_00217,BIN_000310,1.8017443,31.0
SKU_00174,BIN_001140,0.6426667,14.0
SKU_00365,BIN_001001,0.69146305,1.0
SKU_00910,BIN_000064,0.0,7.211102550927978
SKU_00502,BIN_000000,2.073282,0.0
SKU_00639,BIN_000009,0.00048828125,9.0
SKU_00343,BIN_000164,0.9074771,16.492422502470642
SKU_00553,BIN_000150,0.91961855,15.0
SKU_00990,BIN_001140,1.0877007,14.0
SKU_00069,BIN_000040,0.037201617,4.0
SKU_00153,BIN_000000,1.5982459,0.0
SKU_00857,BIN_000503,0.07107428,3.0
SKU_00003,BIN_000064,0.00048828125,7.211102550927978
SKU_00085,BIN_000000,1.2643173,0.0
SKU_00657,BIN_000000,1.2803892,0.0
SKU_00195,BIN_000158,0.91643846,17.0
SKU_00853,BIN_000104,0.5177614,10.770329614269007
SKU_00785,BIN_000543,0.0038447303,5.0
SKU_00376,BIN_001210,1.9126685,21.0
SKU_00451,BIN_001148,1.2997164,16.1245154965971
SKU_00122,BIN_001010,1.7879523,1.0
SKU_00045,BIN_000610,0.5699987,11.0
SKU_00106,BIN_000042,0.023789622,4.47213595499958
SKU_00906,BIN_000196,0.74780303,19.92485884517128
SKU_00684,BIN_001013,0.018618824,3.1622776601683795
SKU_00157,BIN_000525,0.5045986,5.385164807134504
SKU_00618,BIN_001140,1.2519059,14.0
SKU_00452,BIN_001010,1.7608666,1.0
SKU_00547,BIN_000610,1.3883818,11.0
SKU_00102,BIN_000022,0.0055886344,2.8284271247461903
SKU_00526,BIN_000128,0.00048828125,14.422205101855956
SKU_00660,BIN_000004,0.59081095,4.0
SKU_00572,BIN_000623,0.7283885,12.36931687685298
SKU_00743,BIN_000031,0.67113143,3.1622776601683795
SKU_00896,BIN_000121,0.34954134,12.041594578792296
SKU_00756,BIN_000520,0.72940654,2.0
SKU_00566,BIN_000625,0.23100154,13.0
SKU_00849,BIN_000779,2.2581954,28.46049894151541
SKU_00734,BIN_001138,0.038458154,15.264337522473747
SKU_00373,BIN_000634,0.01594969,13.601470508735444
SKU_00341,BIN_001001,1.0640974,1.0
SKU_00917,BIN_000520,0.92944944,2.0
SKU_00685,BIN_000506,0.0075090607,6.0
SKU_00567,BIN_000000,1.6593949,0.0
SKU_00675,BIN_000644,0.9865188,14.560219778561036
SKU_00082,BIN_001010,1.9065644,1.0
SKU_00138,BIN_000000,1.8619659,0.0
SKU_00584,BIN_000634,0.23077036,13.601470508735444
SKU_00024,BIN_000723,2.0881796,22.20360331117452
SKU_00279,BIN_000511,1.1571624,1.4142135623730951
SKU_00596,BIN_000825,1.6791366,32.38826948140329
SKU_00012,BIN_000004,0.9895589,4.0
SKU_00986,BIN_000634,0.52434826,13.601470508735444
SKU_00529,BIN_000644,1.5090592,14.560219778561036
SKU_00115,BIN_000644,0.019239148,14.560219778561036
SKU_00025,BIN_000610,0.62711626,11.0
SKU_00843,BIN_000160,1.0493315,16.0
SKU_00229,BIN_000017,0.0,7.071067811865476
SKU_00232,BIN_000522,1.6482528,2.8284271247461903
SKU_00455,BIN_000183,1.4202642,18.24828759089466
SKU_00050,BIN_001140,0.25536525,14.0
SKU_00091,BIN_001148,1.4342281,16.1245154965971
SKU_00344,BIN_000022,0.025960542,2.8284271247461903
SKU_00018,BIN_001148,2.067613,16.1245154965971
SKU_00765,BIN_001241,1.1623675,24.020824298928627
SKU_00651,BIN_000009,0.00048828125,9.0
SKU_00261,BIN_000639,0.7928864,15.811388300841896
SKU_00051,BIN_000016,0.005003394,6.082762530298219
SKU_00506,BIN_000626,0.47124782,13.41640786499874
SKU_00062,BIN_000639,1.0260373,15.811388300841896
SKU_00375,BIN_001138,1.0485052,15.264337522473747
SKU_00144,BIN_000082,0.21965317,8.246211251235321
SKU_00624,BIN_000169,0.6865943,18.35755975068582
SKU_00918,BIN_000641,0.9340516,14.0356688476182
SKU_00349,BIN_000610,0.8282034,11.0
SKU_00904,BIN_000015,0.003604693,5.0990195135927845
SKU_00611,BIN_000650,0.04768561,15.0
SKU_00289,BIN_001157,0.413078,16.55294535724685
SKU_00522,BIN_000520,0.74681306,2.0
SKU_00768,BIN_000663,0.07224995,16.278820596099706
SKU_00061,BIN_001106,0.30720457,11.6619037896906
SKU_00808,BIN_000610,0.72191626,11.0
SKU_00954,BIN_000009,0.00069053395,9.0
SKU_00538,BIN_001148,1.1957375,16.1245154965971
SKU_00673,BIN_000674,0.31622723,17.46424919657298
SKU_00740,BIN_000147,0.18673423,15.652475842498529
SKU_00095,BIN_001220,2.053265,22.0
SKU_00394,BIN_000012,0.89573276,2.23606797749979
SKU_00569,BIN_000609,0.039857034,13.45362404707371
SKU_00457,BIN_001238,1.3279867,24.35159132377184
SKU_00931,BIN_000206,0.88369817,20.8806130178211
SKU_00280,BIN_000520,0.92450106,2.0
SKU_00361,BIN_000221,1.8005431,22.02271554554524
SKU_00310,BIN_001139,2.303491,15.811388300841896
SKU_00909,BIN_001001,1.3976272,1.0
SKU_00329,BIN_000000,1.0463192,0.0
SKU_00496,BIN_000710,1.4211636,21.0
SKU_00907,BIN_000152,0.16770773,15.132745950421556
SKU_00964,BIN_000513,0.09997521,3.1622776601683795
SKU_00088,BIN_000520,0.740684,2.0
SKU_00272,BIN_001122,0.0027836314,12.16552506059644
SKU_00822,BIN_001020,1.9315381,2.0
SKU_00416,BIN_000030,1.0047041,3.0
SKU_00301,BIN_000204,2.2834458,20.396078054371134
SKU_00432,BIN_000206,1.2695272,20.8806130178211
SKU_00216,BIN_001020,1.6385036,2.0
SKU_00877,BIN_000520,1.0403409,2.0
SKU_00184,BIN_001106,0.8279538,11.6619037896906
SKU_00879,BIN_000121,0.40128788,12.041594578792296
SKU_00140,BIN_000520,0.8945582,2.0
SKU_00483,BIN_000071,0.0039366493,7.071067811865476
SKU_00552,BIN_000610,1.3548372,11.0
SKU_00108,BIN_001010,1.522914,1.0
SKU_00537,BIN_001010,0.0037186393,1.0
SKU_00067,BIN_000511,1.114059,1.4142135623730951
SKU_00131,BIN_000001,1.4166965,1.0
SKU_00544,BIN_000171,0.24823424,17.029386365926403
SKU_00666,BIN_000640,1.0681521,14.0
SKU_00527,BIN_000600,1.045259,10.0
SKU_00322,BIN_000073,0.0023670313,7.615773105863909
SKU_00911,BIN_000000,1.2098615,0.0
SKU_00873,BIN_000000,0.9391758,0.0
SKU_00561,BIN_000000,1.540315,0.0
SKU_00962,BIN_001106,0.909307,11.6619037896906
SKU_00224,BIN_000009,0.00048828125,9.0
SKU_00327,BIN_000131,0.0035379338,13.038404810405298
SKU_00173,BIN_000158,0.10649569,17.0
SKU_00591,BIN_000511,1.035624,1.4142135623730951
SKU_00829,BIN_000217,2.1605618,22.13594362117865
SKU_00410,BIN_000009,0.00048828125,9.0
SKU_00941,BIN_000161,0.5457947,16.0312195418814
SKU_00540,BIN_000030,1.0967956,3.0
SKU_00381,BIN_000520,0.5753473,2.0
SKU_00155,BIN_000009,0.00048828125,9.0
SKU_00210,BIN_000204,2.6034033,20.396078054371134
SKU_00169,BIN_000160,0.7270598,16.0
SKU_00227,BIN_000173,0.9524189,17.26267650163207
SKU_00826,BIN_000502,2.003946,2.0
SKU_00638,BIN_000180,0.9004926,18.0
SKU_00835,BIN_000533,0.010183913,4.242640687119285
SKU_00307,BIN_000173,0.32728705,17.26267650163207
SKU_00141,BIN_000001,0.98628134,1.0
SKU_00185,BIN_000125,0.021931928,13.0
SKU_00536,BIN_000533,0.16937836,4.242640687119285
SKU_00251,BIN_000217,2.1232893,22.13594362117865
SKU_00550,BIN_001157,0.26784864,16.55294535724685
SKU_00234,BIN_000000,1.9970347,0.0
SKU_00426,BIN_000100,0.0019223652,10.0
SKU_00594,BIN_000125,0.037159134,13.0
SKU_00608,BIN_000646,0.275517,15.231546211727816
SKU_00328,BIN_000779,1.406817,28.46049894151541
SKU_00992,BIN_000000,2.3127801,0.0
SKU_00880,BIN_001149,1.2141689,16.64331697709324
SKU_00007,BIN_000520,0.8515378,2.0
SKU_00314,BIN_001077,1.3182254,9.899494936611664
SKU_00935,BIN_001002,1.0695947,2.0
SKU_00146,BIN_000126,0.49879023,13.41640786499874
SKU_00041,BIN_000177,0.38729784,18.384776310850235
SKU_00690,BIN_000144,1.078419,14.560219778561036
SKU_00929,BIN_001010,1.3615416,1.0
SKU_00845,BIN_001165,0.0,16.76305461424021
SKU_00699,BIN_001290,1.807653,29.0
SKU_00059,BIN_000009,0.00048828125,9.0
SKU_00733,BIN_001021,0.8770923,2.23606797749979
SKU_00635,BIN_000138,1.003913,15.264337522473747
SKU_00385,BIN_000511,1.012125,1.4142135623730951
SKU_00172,BIN_000143,0.75852054,14.317821063276352
SKU_00800,BIN_000116,0.061298262,12.529964086141668
SKU_00256,BIN_001111,0.05319465,11.04536101718726
SKU_00026,BIN_000001,0.9845568,1.0
SKU_00362,BIN_000657,1.1422526,16.55294535724685
SKU_00702,BIN_000155,2.1894164,15.811388300841896
SKU_00721,BIN_001106,0.20515688,11.6619037896906
SKU_00036,BIN_000215,1.8713406,21.587033144922906
SKU_00762,BIN_001020,0.00059802,2.0
SKU_00615,BIN_000661,0.018787727,16.0312195418814
SKU_00652,BIN_001154,1.2065836,15.524174696260024
SKU_00402,BIN_001152,0.6272776,15.132745950421556
SKU_00360,BIN_001148,2.0141213,16.1245154965971
SKU_00763,BIN_001012,0.8276837,2.23606797749979
SKU_00713,BIN_000056,0.0011451211,7.810249675906654
SKU_00180,BIN_000503,1.4902234,3.0
SKU_00744,BIN_000063,0.03164424,6.708203932499369
SKU_00783,BIN_000143,0.5235362,14.317821063276352
SKU_00015,BIN_000514,0.08806271,4.123105625617661
SKU_00658,BIN_000070,0.00048828125,7.0
SKU_00342,BIN_000000,1.7822468,0.0
SKU_00198,BIN_001106,0.9741205,11.6619037896906
SKU_00920,BIN_000511,1.1381233,1.4142135623730951
SKU_00269,BIN_000008,0.0021836602,8.0
SKU_00397,BIN_000155,1.3440707,15.811388300841896
SKU_00495,BIN_000164,0.44201538,16.492422502470642
SKU_00689,BIN_000001,0.72296745,1.0
SKU_00293,BIN_000009,0.00048828125,9.0
SKU_00142,BIN_000150,0.9607454,15.0
SKU_00016,BIN_000545,0.0,6.4031242374328485
SKU_00893,BIN_000634,0.26220796,13.601470508735444
SKU_00406,BIN_000626,0.35678527,13.41640786499874
SKU_00477,BIN_000644,0.30705184,14.560219778561036
SKU_00643,BIN_000012,0.7820815,2.23606797749979
SKU_00404,BIN_000572,0.0016558423,7.280109889280518
SKU_00143,BIN_001203,2.226264,20.223748416156685
SKU_00777,BIN_000644,0.4535811,14.560219778561036
SKU_00796,BIN_001022,0.035149466,2.8284271247461903
SKU_00469,BIN_000520,0.9600701,2.0
SKU_00225,BIN_000152,0.583887,15.132745950421556
SKU_00505,BIN_001106,0.22914597,11.6619037896906
SKU_00105,BIN_000009,0.00048828125,9.0
SKU_00386,BIN_000221,2.0833845,22.02271554554524
SKU_00092,BIN_000511,1.4566491,1.4142135623730951
SKU_00761,BIN_000723,2.1328213,22.20360331117452
SKU_00852,BIN_000647,0.4895579,15.652475842498529
SKU_00340,BIN_000520,0.5269039,2.0
SKU_00979,BIN_000520,0.7568424,2.0
SKU_00585,BIN_001001,0.07329751,1.0
SKU_00250,BIN_000246,0.84638906,24.73863375370596
SKU_00663,BIN_000779,1.9583731,28.46049894151541
SKU_00963,BIN_001140,0.9875303,14.0
SKU_00175,BIN_000000,0.53179663,0.0
SKU_00632,BIN_000126,0.5387631,13.41640786499874
SKU_00842,BIN_001126,0.42175278,13.41640786499874
SKU_00881,BIN_000511,1.643872,1.4142135623730951
SKU_00819,BIN_000009,0.00048828125,9.0
SKU_00801,BIN_000153,0.68801767,15.297058540778355
SKU_00605,BIN_000646,0.4943559,15.231546211727816
SKU_00064,BIN_000164,0.0,16.492422502470642
SKU_00984,BIN_000511,0.9757228,1.4142135623730951
SKU_00000,BIN_000143,1.1442019,14.317821063276352
SKU_00757,BIN_000626,0.13478154,13.41640786499874
SKU_00912,BIN_000610,0.871491,11.0
SKU_00670,BIN_000510,1.5657973,1.0
SKU_00046,BIN_000138,0.00048828125,15.264337522473747
SKU_00033,BIN_000511,0.06960706,1.4142135623730951
SKU_00309,BIN_000682,2.137552,18.110770276274835
SKU_00693,BIN_001139,2.300931,15.811388300841896
SKU_00855,BIN_001010,2.379208,1.0
SKU_00597,BIN_000009,0.00048828125,9.0
SKU_00698,BIN_000121,1.317567,12.041594578792296
SKU_00124,BIN_000707,1.4376609,21.18962010041709
SKU_00266,BIN_000511,1.3251464,1.4142135623730951
SKU_00298,BIN_000520,0.63814574,2.0
SKU_00110,BIN_000009,0.00048828125,9.0
SKU_00779,BIN_001034,0.025183197,5.0
SKU_00642,BIN_000021,0.011341376,2.23606797749979
SKU_00212,BIN_000511,1.2250122,1.4142135623730951
SKU_00507,BIN_000628,0.6054946,14.422205101855956
SKU_00583,BIN_001157,0.34511727,16.55294535724685
SKU_00075,BIN_000510,0.07992539,1.0
SKU_00816,BIN_000520,0.8156042,2.0
SKU_00934,BIN_000158,0.9975511,17.0
SKU_00023,BIN_001306,2.3004327,30.59411708155671
SKU_00167,BIN_001041,0.0017773706,4.123105625617661
SKU_00589,BIN_000510,1.0840397,1.0
SKU_00987,BIN_000633,0.45770657,13.341664064126334
SKU_00637,BIN_000143,0.57277304,14.317821063276352
SKU_00389,BIN_001127,0.17486332,13.892443989449804
SKU_00213,BIN_000550,0.003145532,5.0
SKU_00430,BIN_000521,1.293057,2.23606797749979
SKU_00951,BIN_000520,0.7137408,2.0
SKU_00579,BIN_000143,0.522899,14.317821063276352
SKU_00478,BIN_000520,1.0947981,2.0
SKU_00286,BIN_000647,0.36280054,15.652475842498529
SKU_00659,BIN_001106,1.1559051,11.6619037896906
SKU_00282,BIN_000143,0.77621657,14.317821063276352
SKU_00980,BIN_000105,0.005940198,11.180339887498947
SKU_00511,BIN_000644,0.2398592,14.560219778561036
SKU_00177,BIN_000610,0.4344426,11.0
SKU_00582,BIN_000511,0.9364974,1.4142135623730951
SKU_00944,BIN_000001,1.8393819,1.0
SKU_00600,BIN_000012,0.28569335,2.23606797749979
SKU_00223,BIN_000511,1.2953613,1.4142135623730951
SKU_00806,BIN_000503,1.103775,3.0
SKU_00747,BIN_000071,0.008631675,7.071067811865476
SKU_00022,BIN_000647,1.2496111,15.652475842498529
SKU_00622,BIN_000126,0.23184158,13.41640786499874
SKU_00629,BIN_000164,0.96454036,16.492422502470642
SKU_00556,BIN_000000,2.0167131,0.0
SKU_00531,BIN_000520,0.7874496,2.0
SKU_00235,BIN_000511,1.2369792,1.4142135623730951
SKU_00317,BIN_000000,1.7190709,0.0
SKU_00946,BIN_001001,0.9016222,1.0
SKU_00715,BIN_001160,0.48035347,16.0
SKU_00215,BIN_000610,0.08349181,11.0
SKU_00942,BIN_000520,0.80481803,2.0
SKU_00703,BIN_000000,2.6193247,0.0
SKU_00885,BIN_001155,0.36989003,15.811388300841896
SKU_00482,BIN_000148,1.2695819,16.1245154965971
SKU_00158,BIN_000143,0.8020717,14.317821063276352
SKU_00892,BIN_000511,1.4851676,1.4142135623730951
SKU_00997,BIN_001149,0.88098484,16.64331697709324
SKU_00130,BIN_001156,0.7641797,16.15549442140351
SKU_00902,BIN_000000,1.0215119,0.0
SKU_00870,BIN_000125,0.03394696,13.0
SKU_00319,BIN_001210,2.0906317,21.0
SKU_00625,BIN_000647,0.25023377,15.652475842498529
SKU_00418,BIN_001140,0.32932407,14.0
SKU_00049,BIN_000152,0.29654515,15.132745950421556
SKU_00927,BIN_000148,0.57003796,16.1245154965971
SKU_00866,BIN_000009,0.00048828125,9.0
SKU_00811,BIN_000589,0.40568906,12.041594578792296
SKU_00445,BIN_000126,0.88736916,13.41640786499874
SKU_00326,BIN_000520,0.62675226,2.0
SKU_00350,BIN_000104,0.51279724,10.770329614269007
SKU_00887,BIN_000797,1.4661247,29.8328677803526
SKU_00958,BIN_000671,0.9134468,17.029386365926403
SKU_00730,BIN_000635,0.24592997,13.92838827718412
SKU_00973,BIN_000138,0.558406,15.264337522473747
SKU_00636,BIN_001012,1.0527109,2.23606797749979
SKU_00767,BIN_001111,0.057824746,11.04536101718726
SKU_00380,BIN_000082,0.09764374,8.246211251235321
SKU_00413,BIN_000511,0.8175055,1.4142135623730951
SKU_00366,BIN_000641,0.17701828,14.0356688476182
SKU_00604,BIN_000000,1.9307799,0.0
SKU_00405,BIN_000520,1.1145687,2.0
SKU_00262,BIN_000021,0.22103317,2.23606797749979
SKU_00519,BIN_000609,0.0,13.45362404707371
SKU_00097,BIN_001175,1.5943574,17.72004514666935
SKU_00479,BIN_000511,1.261451,1.4142135623730951
SKU_00087,BIN_000571,0.37004745,7.071067811865476
SKU_00316,BIN_001100,0.47089988,10.0
SKU_00787,BIN_000520,0.86330754,2.0
SKU_00790,BIN_000180,0.41404378,18.0
SKU_00588,BIN_000513,0.599292,3.1622776601683795
SKU_00729,BIN_000009,0.00048828125,9.0
SKU_00028,BIN_000522,1.4606001,2.8284271247461903
SKU_00644,BIN_001010,0.039326347,1.0
SKU_00493,BIN_000012,0.7742089,2.23606797749979
SKU_00135,BIN_000589,0.39650917,12.041594578792296
SKU_00555,BIN_000126,0.86574244,13.41640786499874
SKU_00011,BIN_000130,0.09607236,13.0
SKU_00156,BIN_000520,1.0550387,2.0
SKU_00206,BIN_001106,0.20341441,11.6619037896906
SKU_00084,BIN_000520,0.8252754,2.0
SKU_00520,BIN_000520,1.1814837,2.0
SKU_00546,BIN_000000,1.452328,0.0
SKU_00133,BIN_000171,0.76318264,17.029386365926403
SKU_00784,BIN_000155,0.951826,15.811388300841896
SKU_00294,BIN_001157,0.3127347,16.55294535724685
SKU_00425,BIN_000520,1.008508,2.0
SKU_00975,BIN_001175,1.1146127,17.72004514666935
SKU_00653,BIN_000503,1.2748798,3.0
SKU_00900,BIN_001210,2.7770376,21.0
SKU_00123,BIN_000009,0.00048828125,9.0
SKU_00587,BIN_000009,0.00048828125,9.0
SKU_00047,BIN_000009,0.00048828125,9.0
SKU_00590,BIN_000635,0.8405867,13.92838827718412
SKU_00985,BIN_000589,1.356134,12.041594578792296
SKU_00422,BIN_000000,0.82798445,0.0
SKU_00967,BIN_000520,1.0266451,2.0
SKU_00372,BIN_000000,0.81199104,0.0
SKU_00218,BIN_000580,0.010814079,8.0
SKU_00330,BIN_001127,0.9969529,13.892443989449804
SKU_00750,BIN_000009,0.00048828125,9.0
SKU_00562,BIN_000652,0.7242345,15.132745950421556
SKU_00346,BIN_000051,0.02803049,5.0990195135927845
SKU_00014,BIN_000674,0.31817997,17.46424919657298
SKU_00297,BIN_000150,0.7143148,15.0
SKU_00283,BIN_000000,0.5742131,0.0
SKU_00038,BIN_000670,0.7584303,17.0
SKU_00919,BIN_000004,1.05115,4.0
SKU_00353,BIN_001172,0.28896433,17.11724276862369
SKU_00676,BIN_000009,0.00048828125,9.0
SKU_00805,BIN_000520,0.91633534,2.0
SKU_00837,BIN_000522,0.9725756,2.8284271247461903
SKU_00708,BIN_000151,0.43906748,15.033296378372908
SKU_00214,BIN_001040,0.05153623,4.0
SKU_00287,BIN_000511,1.3850766,1.4142135623730951
SKU_00867,BIN_000610,0.656447,11.0
SKU_00460,BIN_001201,1.7088733,20.024984394500787
SKU_00809,BIN_001002,1.1173543,2.0
SKU_00694,BIN_000636,0.6513552,14.317821063276352
SKU_00243,BIN_000148,1.1811475,16.1245154965971
SKU_00933,BIN_000554,0.03026556,6.4031242374328485
SKU_00284,BIN_000009,0.00048828125,9.0
SKU_00454,BIN_001010,1.5125144,1.0
SKU_00434,BIN_000000,1.1863191,0.0
SKU_00260,BIN_000171,0.54839593,17.029386365926403
SKU_00830,BIN_001157,0.17199668,16.55294535724685
SKU_00602,BIN_000159,1.0935165,17.4928556845359
SKU_00650,BIN_000000,2.0214577,0.0
SKU_00163,BIN_000206,0.94905406,20.8806130178211
SKU_00066,BIN_001285,1.5024186,28.442925306655784
SKU_00147,BIN_000650,0.121455975,15.0
SKU_00339,BIN_000000,0.4937677,0.0
SKU_00111,BIN_000610,0.84859884,11.0
SKU_00754,BIN_000512,0.0,2.23606797749979
SKU_00681,BIN_000520,0.7724169,2.0
SKU_00306,BIN_000661,0.19181406,16.0312195418814
SKU_00265,BIN_000148,0.9212647,16.1245154965971
SKU_00696,BIN_001072,0.39345896,7.280109889280518
SKU_00682,BIN_000160,0.77385443,16.0
SKU_00617,BIN_000520,1.0252608,2.0
SKU_00601,BIN_001175,0.92185915,17.72004514666935
SKU_00897,BIN_001100,0.08678023,10.0
SKU_00965,BIN_001086,0.050120827,10.0
SKU_00530,BIN_000511,0.95416856,1.4142135623730951
SKU_00776,BIN_000045,0.0011451211,6.4031242374328485
SKU_00391,BIN_001148,0.72589177,16.1245154965971
SKU_00254,BIN_001223,1.0000749,22.20360331117452
SKU_00099,BIN_000164,0.82377,16.492422502470642
SKU_00672,BIN_000001,1.0760175,1.0
SKU_00468,BIN_000014,0.022146933,4.123105625617661
SKU_00895,BIN_000009,0.00048828125,9.0
SKU_00712,BIN_000653,0.6866876,15.297058540778355
SKU_00841,BIN_000589,0.0077204043,12.041594578792296
SKU_00571,BIN_000511,1.1089424,1.4142135623730951
SKU_00320,BIN_000511,1.4426352,1.4142135623730951
SKU_00832,BIN_001153,0.34722015,15.297058540778355
SKU_00411,BIN_000511,1.152525,1.4142135623730951
SKU_00192,BIN_000650,0.03941189,15.0
SKU_00037,BIN_001023,0.11929611,3.605551275463989
SKU_00202,BIN_000142,0.37742025,14.142135623730953
SKU_00278,BIN_000511,1.2910525,1.4142135623730951
SKU_00858,BIN_000520,0.8692123,2.0
SKU_00969,BIN_001012,1.1125952,2.23606797749979
SKU_00539,BIN_001193,0.28782594,19.235384061671343
SKU_00746,BIN_001078,0.010613801,10.63014581273465
SKU_00345,BIN_000511,1.3790656,1.4142135623730951
SKU_00620,BIN_000106,0.0081412755,11.6619037896906
SKU_00181,BIN_000012,1.241143,2.23606797749979
SKU_00109,BIN_000197,1.0016232,20.248456731316587
SKU_00711,BIN_000632,0.0048950044,13.152946437965904
SKU_00429,BIN_000666,0.1384654,17.08800749063506
SKU_00443,BIN_000520,0.8607201,2.0
SKU_00775,BIN_000657,0.13165632,16.55294535724685
SKU_00466,BIN_000628,0.7929653,14.422205101855956
SKU_00193,BIN_000148,0.88356423,16.1245154965971
SKU_00179,BIN_000159,0.8721165,17.4928556845359
SKU_00259,BIN_000009,0.00048828125,9.0
SKU_00166,BIN_000589,0.7128199,12.041594578792296
SKU_00080,BIN_000206,1.0928291,20.8806130178211
SKU_00400,BIN_000143,0.4778898,14.317821063276352
SKU_00040,BIN_000177,0.39480552,18.384776310850235
SKU_00735,BIN_001096,0.09864369,10.816653826391969
SKU_00253,BIN_000520,0.7769222,2.0
SKU_00834,BIN_000525,0.036564082,5.385164807134504
SKU_00222,BIN_000159,1.1886104,17.4928556845359
SKU_00528,BIN_000000,1.2237692,0.0
SKU_00770,BIN_000052,0.005167483,5.385164807134504
SKU_00459,BIN_001172,0.23271404,17.11724276862369
SKU_00209,BIN_001139,0.88104284,15.811388300841896
SKU_00132,BIN_000028,0.0,8.246211251235321
SKU_00441,BIN_000503,1.5187304,3.0
SKU_00753,BIN_000522,0.9822008,2.8284271247461903
SKU_00641,BIN_001160,0.57866603,16.0
SKU_00230,BIN_000563,0.0040706377,6.708203932499369
SKU_00083,BIN_000000,0.76297975,0.0
SKU_00899,BIN_000502,1.267222,2.0
SKU_00409,BIN_000624,0.12719938,12.649110640673518
SKU_00669,BIN_000589,0.28678772,12.041594578792296
SKU_00864,BIN_000511,1.1429862,1.4142135623730951
SKU_00667,BIN_000116,0.03989739,12.529964086141668
SKU_00924,BIN_000030,0.81636983,3.0
SKU_00114,BIN_000511,0.95048743,1.4142135623730951
SKU_00383,BIN_000633,0.53611124,13.341664064126334
SKU_00875,BIN_000647,0.4029958,15.652475842498529
SKU_00654,BIN_000126,0.10887413,13.41640786499874
SKU_00542,BIN_000520,1.1547686,2.0
SKU_00908,BIN_000035,0.035078175,5.830951894845301
SKU_00888,BIN_001139,2.8110569,15.811388300841896
SKU_00151,BIN_000206,0.9517644,20.8806130178211
SKU_00152,BIN_000191,2.1052995,19.026297590440446
SKU_00565,BIN_000148,0.78715646,16.1245154965971
SKU_00818,BIN_000000,2.78025,0.0
SKU_00063,BIN_001175,0.8131449,17.72004514666935
SKU_00828,BIN_001154,0.51330227,15.524174696260024
SKU_00333,BIN_000662,1.2509196,16.1245154965971
SKU_00053,BIN_000156,0.24785192,16.15549442140351
SKU_00722,BIN_000706,2.0421655,20.8806130178211
SKU_00859,BIN_000024,0.15180993,4.47213595499958
SKU_00960,BIN_000143,0.7543941,14.317821063276352
SKU_00288,BIN_000554,0.03154803,6.4031242374328485
SKU_00241,BIN_000520,1.2096372,2.0
SKU_00656,BIN_000603,0.034950502,10.44030650891055
SKU_00060,BIN_000511,1.7394311,1.4142135623730951
SKU_00030,BIN_000520,0.7262801,2.0
SKU_00013,BIN_000206,1.1455314,20.8806130178211
SKU_00057,BIN_001034,0.025123956,5.0
SKU_00311,BIN_000009,0.00048828125,9.0
SKU_00090,BIN_000131,0.0016558423,13.038404810405298
SKU_00433,BIN_000138,0.73740774,15.264337522473747
SKU_00387,BIN_000520,0.6834972,2.0
SKU_00827,BIN_001154,0.48054442,15.524174696260024
SKU_00077,BIN_001155,0.0,15.811388300841896
SKU_00374,BIN_000199,2.398276,21.02379604162864
SKU_00334,BIN_000000,1.5493478,0.0
SKU_00281,BIN_000520,1.0655805,2.0
SKU_00503,BIN_000071,0.091687076,7.071067811865476
SKU_00613,BIN_000011,1.3426726,1.4142135623730951
SKU_00599,BIN_001149,0.9160514,16.64331697709324
SKU_00199,BIN_000520,1.1591486,2.0
SKU_00331,BIN_000009,0.00048828125,9.0
SKU_00335,BIN_001001,1.1602414,1.0
SKU_00299,BIN_000610,0.5198745,11.0
SKU_00916,BIN_000156,0.680378,16.15549442140351
SKU_00239,BIN_000052,0.011713662,5.385164807134504
SKU_00318,BIN_000520,0.93838936,2.0
SKU_00959,BIN_000511,0.9459922,1.4142135623730951
SKU_00889,BIN_000580,0.069423564,8.0
SKU_00792,BIN_000520,1.4029992,2.0
SKU_00291,BIN_001106,0.256085,11.6619037896906
SKU_00428,BIN_000520,0.7556249,2.0
SKU_00056,BIN_000331,1.7477449,33.015148038438355
SKU_00922,BIN_001002,0.96239305,2.0
SKU_00854,BIN_001175,0.6745954,17.72004514666935
SKU_00603,BIN_000619,1.1174284,14.212670403551895
SKU_00058,BIN_001001,0.85454404,1.0
SKU_00782,BIN_000520,0.99964726,2.0
SKU_00285,BIN_001106,0.1934124,11.6619037896906
SKU_00592,BIN_000520,0.90248466,2.0
SKU_00593,BIN_000511,1.0321282,1.4142135623730951
SKU_00292,BIN_000511,1.3241713,1.4142135623730951
SKU_00031,BIN_000646,0.86077034,15.231546211727816
SKU_00392,BIN_000142,0.5471013,14.142135623730953
SKU_00773,BIN_001140,0.4170112,14.0
SKU_00201,BIN_000520,0.8103495,2.0
SKU_00995,BIN_000150,1.061033,15.0
SKU_00096,BIN_000171,0.46478733,17.029386365926403
SKU_00616,BIN_001241,1.4990919,24.020824298928627
SKU_00883,BIN_000520,1.0642278,2.0
SKU_00021,BIN_000148,0.860043,16.1245154965971
SKU_00764,BIN_001112,0.08010417,11.180339887498947
SKU_00760,BIN_000628,0.8587188,14.422205101855956
SKU_00812,BIN_000126,1.3071237,13.41640786499874
SKU_00117,BIN_000661,0.2575245,16.0312195418814
SKU_00009,BIN_000653,0.06402817,15.297058540778355
SKU_00351,BIN_000603,0.021311672,10.44030650891055
SKU_00071,BIN_000511,1.2474347,1.4142135623730951
SKU_00844,BIN_000554,0.026864344,6.4031242374328485
SKU_00168,BIN_001020,0.2525246,2.0
SKU_00079,BIN_001175,1.7647743,17.72004514666935
SKU_00874,BIN_000000,1.416762,0.0
SKU_00121,BIN_000633,0.45613793,13.341664064126334
SKU_00449,BIN_000668,1.6534839,17.88854381999832
SKU_00974,BIN_001171,0.29345825,17.029386365926403
SKU_00237,BIN_000001,1.3755283,1.0
SKU_00379,BIN_000522,1.3143371,2.8284271247461903
SKU_00514,BIN_000143,0.97470444,14.317821063276352
SKU_00728,BIN_000503,1.0410528,3.0
SKU_00042,BIN_001010,2.2089171,1.0
SKU_00928,BIN_000554,0.10293184,6.4031242374328485
SKU_00833,BIN_000017,0.018386886,7.071067811865476
SKU_00354,BIN_001152,0.7816406,15.132745950421556
SKU_00440,BIN_000589,1.6795758,12.041594578792296
SKU_00491,BIN_001077,0.2471721,9.899494936611664
SKU_00190,BIN_000589,1.2872931,12.041594578792296
SKU_00940,BIN_000522,0.9509346,2.8284271247461903
SKU_00988,BIN_000004,0.7227412,4.0
SKU_00220,BIN_000626,0.29408255,13.41640786499874
SKU_00019,BIN_000520,1.3002932,2.0
SKU_00846,BIN_000647,0.5137618,15.652475842498529
SKU_00926,BIN_000628,0.9893332,14.422205101855956
SKU_00487,BIN_000125,0.0123574715,13.0
SKU_00664,BIN_000610,0.43077123,11.0
SKU_00273,BIN_000520,1.4486923,2.0
SKU_00492,BIN_000511,1.4813328,1.4142135623730951
SKU_00619,BIN_000628,1.2594502,14.422205101855956
SKU_00101,BIN_001160,0.6619667,16.0
SKU_00001,BIN_000511,1.6264005,1.4142135623730951
SKU_00706,BIN_000603,0.03497096,10.44030650891055
SKU_00029,BIN_000825,2.04995,32.38826948140329
SKU_00300,BIN_000009,0.00048828125,9.0
SKU_00606,BIN_000520,1.0023239,2.0
SKU_00957,BIN_000164,0.59661454,16.492422502470642
SKU_00231,BIN_000148,1.0632571,16.1245154965971
SKU_00377,BIN_000009,0.00048828125,9.0
SKU_00436,BIN_000138,1.5697093,15.264337522473747
SKU_00476,BIN_000647,0.37153277,15.652475842498529
SKU_00598,BIN_000126,0.9754293,13.41640786499874
SKU_00936,BIN_001001,0.6630546,1.0
SKU_00010,BIN_000000,1.3605006,0.0
SKU_00628,BIN_000164,0.7575476,16.492422502470642
SKU_00741,BIN_000520,1.272334,2.0
SKU_00211,BIN_001154,0.04709573,15.524174696260024
SKU_00901,BIN_001126,0.09820039,13.41640786499874
SKU_00481,BIN_001123,0.06844129,12.36931687685298
SKU_00472,BIN_000665,0.011980317,16.76305461424021
SKU_00032,BIN_001160,0.6974181,16.0
SKU_00008,BIN_000126,0.14058049,13.41640786499874
SKU_00486,BIN_000016,0.002652046,6.082762530298219
SKU_00938,BIN_000069,0.06594554,10.816653826391969
SKU_00312,BIN_001217,1.3951519,22.13594362117865
SKU_00586,BIN_001059,0.34343264,10.295630140987
SKU_00189,BIN_000650,0.109333575,15.0
SKU_00518,BIN_000520,1.5308771,2.0
SKU_00580,BIN_000148,0.93003607,16.1245154965971
SKU_00724,BIN_000078,0.23211548,10.63014581273465
SKU_00977,BIN_000520,1.066586,2.0
SKU_00323,BIN_000148,1.0357039,16.1245154965971
SKU_00005,BIN_000148,1.2144201,16.1245154965971
SKU_00370,BIN_000206,1.4860349,20.8806130178211
SKU_00264,BIN_000522,1.0104095,2.8284271247461903
SKU_00439,BIN_000511,0.8569119,1.4142135623730951
SKU_00983,BIN_000004,1.1127642,4.0
SKU_00244,BIN_001010,0.36110166,1.0
SKU_00458,BIN_000126,0.12077782,13.41640786499874
SKU_00640,BIN_000213,1.0722002,21.213203435596427
SKU_00497,BIN_001059,0.06380016,10.295630140987
SKU_00668,BIN_000206,1.516892,20.8806130178211
SKU_00871,BIN_000206,1.0483208,20.8806130178211
SKU_00407,BIN_000623,1.0025785,12.36931687685298
SKU_00257,BIN_000544,0.008243136,5.656854249492381
SKU_00236,BIN_001077,1.2791371,9.899494936611664
SKU_00006,BIN_000603,0.20823492,10.44030650891055
SKU_00100,BIN_000154,1.2254504,15.524174696260024
SKU_00701,BIN_001140,0.9589088,14.0
SKU_00646,BIN_000522,1.5504503,2.8284271247461903
SKU_00068,BIN_001037,0.32701942,7.615773105863909
SKU_00448,BIN_000522,1.4489465,2.8284271247461903
SKU_00470,BIN_000009,0.00048828125,9.0
SKU_00126,BIN_000126,0.5465117,13.41640786499874
SKU_00164,BIN_000520,0.99184924,2.0
SKU_00850,BIN_000520,1.2545772,2.0
SKU_00347,BIN_001175,0.66351235,17.72004514666935
SKU_00368,BIN_000156,0.9376354,16.15549442140351
SKU_00369,BIN_000116,0.0767798,12.529964086141668
SKU_00145,BIN_001140,1.1453284,14.0
SKU_00563,BIN_000138,0.62611216,15.264337522473747
SKU_00898,BIN_001001,0.8400977,1.0
SKU_00930,BIN_000009,0.00048828125,9.0
SKU_00952,BIN_000615,0.07687911,12.083045973594572
SKU_00356,BIN_000185,0.7369293,18.68154169226941
SKU_00726,BIN_000511,1.2728792,1.4142135623730951
SKU_00576,BIN_000511,1.6166422,1.4142135623730951
SKU_00794,BIN_000206,1.3212504,20.8806130178211
SKU_00424,BIN_000520,0.8356934,2.0
SKU_00704,BIN_000661,0.15431464,16.0312195418814
SKU_00736,BIN_001154,0.70140994,15.524174696260024
SKU_00982,BIN_000646,0.3055215,15.231546211727816
SKU_00878,BIN_000633,0.5893395,13.341664064126334
SKU_00500,BIN_000628,0.72622573,14.422205101855956
SKU_00128,BIN_000199,2.3631728,21.02379604162864
SKU_00840,BIN_000009,0.00048828125,9.0
SKU_00626,BIN_000520,0.97317004,2.0
SKU_00371,BIN_000675,0.8256918,17.72004514666935
SKU_00171,BIN_001133,0.124269255,13.341664064126334
SKU_00290,BIN_001160,0.98611224,16.0
SKU_00856,BIN_000589,0.3247946,12.041594578792296
SKU_00655,BIN_001002,1.10757,2.0
SKU_00557,BIN_000661,0.18054393,16.0312195418814
SKU_00148,BIN_000554,0.020084925,6.4031242374328485
SKU_00382,BIN_000650,0.5467582,15.0
SKU_00559,BIN_000156,0.69422674,16.15549442140351
SKU_00098,BIN_000520,0.7822295,2.0
SKU_00465,BIN_000520,1.4433815,2.0
SKU_00665,BIN_000126,0.28331086,13.41640786499874
SKU_00821,BIN_000511,0.72908753,1.4142135623730951
SKU_00610,BIN_000520,1.1007093,2.0
SKU_00332,BIN_000520,1.0501366,2.0
SKU_00630,BIN_000589,0.036353186,12.041594578792296
SKU_00515,BIN_001012,0.04183647,2.23606797749979
SKU_00149,BIN_000525,0.079604074,5.385164807134504
SKU_00868,BIN_001154,1.1709821,15.524174696260024
SKU_00044,BIN_000511,1.7158327,1.4142135623730951
SKU_00205,BIN_000148,0.7413687,16.1245154965971
SKU_00772,BIN_000503,1.5288827,3.0
SKU_00621,BIN_000503,1.7924387,3.0
SKU_00634,BIN_000628,1.3637123,14.422205101855956
SKU_00925,BIN_000511,0.9054493,1.4142135623730951
SKU_00955,BIN_000520,1.456331,2.0
SKU_00687,BIN_000148,0.99097466,16.1245154965971
SKU_00649,BIN_001154,1.1922228,15.524174696260024
SKU_00882,BIN_000148,0.8572624,16.1245154965971
SKU_00718,BIN_001012,1.0996298,2.23606797749979
SKU_00442,BIN_001077,0.93130195,9.899494936611664
SKU_00456,BIN_000520,1.2601076,2.0
SKU_00004,BIN_000520,1.1473262,2.0
SKU_00208,BIN_000511,0.9198341,1.4142135623730951
SKU_00945,BIN_000520,1.6737918,2.0
SKU_00072,BIN_000126,0.14014778,13.41640786499874
