sku_id,unit_cost,annual_demand,annual_consumption_value,abc_class
SKU_00678,484.89,48420,23478373.8,A
SKU_00134,471.74,49088,23156773.12,A
SKU_00475,496.52,46126,22902481.52,A
SKU_00971,468.73,48331,22654189.630000003,A
SKU_00825,460.33,48813,22470088.29,A
SKU_00412,475.55,46267,22002271.85,A
SKU_00112,465.2,47154,21936040.8,A
SKU_00427,444.41,49253,21888525.73,A
SKU_00512,466.7,46386,21648346.2,A
SKU_00305,488.05,44164,21554240.2,A
SKU_00313,481.51,44669,21508570.19,A
SKU_00814,435.6,49357,21499909.200000003,A
SKU_00577,463.66,45993,21325114.380000003,A
SKU_00150,454.59,46700,21229353.0,A
SKU_00581,490.12,43106,21127112.72,A
SKU_00810,492.5,42752,21055360.0,A
SKU_00799,461.64,45479,20994925.56,A
SKU_00249,427.24,48945,20911261.8,A
SKU_00948,437.58,47656,20853312.48,A
SKU_00228,446.56,46349,20697609.44,A
SKU_00679,433.43,47514,20593993.02,A
SKU_00203,449.78,45748,20576535.439999998,A
SKU_00183,439.28,46642,20488897.759999998,A
SKU_00517,406.22,49410,20071330.200000003,A
SKU_00324,477.66,41946,20035926.36,A
SKU_00923,400.93,49959,20030061.87,A
SKU_00758,447.48,44398,19867217.04,A
SKU_00245,464.52,42634,19804345.68,A
SKU_00731,408.21,48506,19800634.259999998,A
SKU_00575,475.01,41189,19565186.89,A
SKU_00943,415.72,46977,19529278.44,A
SKU_00836,457.85,42535,19474649.75,A
SKU_00498,487.33,39925,19456650.25,A
SKU_00648,395.64,49038,19401394.32,A
SKU_00393,389.32,49368,19219949.759999998,A
SKU_00446,493.07,38950,19205076.5,A
SKU_00390,495.3,38665,19150774.5,A
SKU_00240,470.53,40429,19023057.369999997,A
SKU_00710,381.31,49826,18999152.06,A
SKU_00671,448.9,42074,18887018.599999998,A
SKU_00447,377.92,49886,18852917.12,A
SKU_00308,398.62,47282,18847550.84,A
SKU_00197,449.07,41096,18454980.72,A
SKU_00937,457.58,40294,18437728.52,A
SKU_00869,473.33,37878,17928793.74,A
SKU_00769,411.52,43561,17926222.72,A
SKU_00705,495.03,36159,17899789.77,A
SKU_00627,375.0,47714,17892750.0,A
SKU_00178,468.68,37884,17755473.12,A
SKU_00127,431.06,41070,17703634.2,A
SKU_00384,368.86,47937,17682041.82,A
SKU_00419,377.43,46489,17546343.27,A
SKU_00996,459.07,38167,17521324.69,A
SKU_00120,404.68,43101,17442112.68,A
SKU_00991,348.87,49592,17301161.04,A
SKU_00070,387.26,44581,17264438.06,A
SKU_00905,446.87,38567,17234435.29,A
SKU_00431,381.95,45104,17227472.8,A
SKU_00795,436.7,39410,17210347.0,A
SKU_00271,406.01,42307,17177065.07,A
SKU_00403,414.1,41225,17071272.5,A
SKU_00378,408.16,41752,17041496.32,A
SKU_00932,492.28,34603,17034364.84,A
SKU_00035,405.16,41886,16970531.76,A
SKU_00891,428.57,39520,16937086.4,A
SKU_00737,409.22,41057,16801345.540000003,A
SKU_00267,352.73,47617,16795944.41,A
SKU_00139,486.03,34257,16649929.709999999,A
SKU_00509,364.23,45600,16608888.0,A
SKU_00367,453.15,36544,16559913.6,A
SKU_00207,333.43,49569,16527791.67,A
SKU_00002,367.34,44723,16428546.819999998,A
SKU_00780,348.5,46919,16351271.5,A
SKU_00748,453.7,35743,16216599.1,A
SKU_00471,485.09,33382,16193274.379999999,A
SKU_00352,331.05,48390,16019509.5,A
SKU_00614,437.42,36436,15937835.120000001,A
SKU_00464,481.28,33075,15918336.0,A
SKU_00558,378.79,41999,15908801.21,A
SKU_00745,450.29,35058,15786266.82,A
SKU_00759,395.36,39878,15766166.08,A
SKU_00798,349.84,44914,15712713.76,A
SKU_00645,445.81,35157,15673342.17,A
SKU_00226,486.64,32188,15663968.32,A
SKU_00680,409.45,38106,15602501.7,A
SKU_00574,431.87,36023,15557253.01,A
SKU_00450,389.69,39785,15503816.65,A
SKU_00238,324.51,47738,15491458.379999999,A
SKU_00094,386.63,39937,15440842.31,A
SKU_00707,405.89,37973,15412860.969999999,A
SKU_00524,419.97,36321,15253730.370000001,A
SKU_00435,351.98,43301,15241085.98,A
SKU_00170,340.39,44741,15229388.99,A
SKU_00073,408.65,37214,15207501.1,A
SKU_00137,352.99,41944,14805812.56,A
SKU_00573,312.93,47164,14759030.52,A
SKU_00950,302.26,48704,14721271.04,A
SKU_00719,366.78,39982,14664597.959999999,A
SKU_00727,398.66,36421,14519595.860000001,A
SKU_00485,451.07,31990,14429729.299999999,A
SKU_00513,433.7,33220,14407514.0,A
SKU_00357,294.96,48751,14379594.959999999,A
SKU_00113,405.02,35500,14378210.0,A
SKU_00752,315.72,45460,14352631.200000001,A
SKU_00803,305.32,46981,14344238.92,A
SKU_00813,460.82,31110,14336110.2,A
SKU_00118,446.82,31983,14290644.06,A
SKU_00961,303.56,46579,14139521.24,A
SKU_00252,426.31,33162,14137292.22,A
SKU_00480,316.55,44655,14135540.25,A
SKU_00165,418.47,33760,14127547.200000001,A
SKU_00820,402.41,35005,14086362.05,A
SKU_00052,470.05,29966,14085518.3,A
SKU_00709,342.34,41001,14036282.34,A
SKU_00398,376.68,37035,13950343.8,A
SKU_00541,305.06,45450,13864977.0,A
SKU_00414,317.76,43508,13825102.08,A
SKU_00697,292.71,47155,13802740.049999999,A
SKU_00872,323.78,42522,13767773.159999998,A
SKU_00508,475.15,28806,13687170.899999999,A
SKU_00947,450.51,30237,13622070.87,A
SKU_00221,286.31,47556,13615758.36,A
SKU_00463,293.77,46263,13590681.51,A
SKU_00182,462.72,29292,13553994.24,A
SKU_00355,323.0,41852,13518196.0,A
SKU_00200,322.81,41855,13511212.55,A
SKU_00839,317.97,42468,13503549.96,A
SKU_00771,423.99,31448,13333637.52,A
SKU_00860,388.89,34184,13293815.76,A
SKU_00886,328.11,40490,13285173.9,A
SKU_00065,273.63,48388,13240408.44,A
SKU_00473,446.12,29645,13225227.4,A
SKU_00325,370.26,35712,13222725.12,A
SKU_00568,452.56,29152,13193029.12,A
SKU_00295,263.51,49938,13159162.379999999,A
SKU_00401,451.76,29109,13150281.84,A
SKU_00774,399.66,32879,13140421.14,A
SKU_00807,463.16,28311,13112522.760000002,A
SKU_00914,278.26,46920,13055959.2,A
SKU_00647,341.16,38238,13045276.08,A
SKU_00388,376.55,34631,13040303.05,A
SKU_00903,293.61,44411,13039513.71,A
SKU_00247,483.49,26805,12959949.450000001,A
SKU_00154,492.9,26272,12949468.799999999,A
SKU_00549,387.3,33397,12934658.1,A
SKU_00532,498.34,25949,12931424.66,A
SKU_00949,300.72,42928,12909308.160000002,A
SKU_00396,429.91,29859,12836682.690000001,A
SKU_00020,307.87,41460,12764290.200000001,A
SKU_00548,262.55,48464,12724223.200000001,A
SKU_00489,445.68,28480,12692966.4,A
SKU_00107,379.0,33013,12511927.0,A
SKU_00609,346.75,36046,12498950.5,A
SKU_00462,374.29,33326,12473588.540000001,A
SKU_00966,360.93,34547,12469048.71,A
SKU_00358,470.41,26485,12458808.850000001,A
SKU_00970,333.52,37311,12443964.719999999,A
SKU_00791,295.18,42074,12419403.32,A
SKU_00755,398.04,31110,12383024.4,A
SKU_00631,448.13,27520,12332537.6,A
SKU_00421,395.86,30911,12236428.46,A
SKU_00534,385.65,31685,12219320.25,A
SKU_00720,469.48,26023,12217278.040000001,A
SKU_00467,434.96,28061,12205412.559999999,A
SKU_00233,248.8,48974,12184731.200000001,A
SKU_00688,385.9,31563,12180161.7,A
SKU_00336,428.45,28187,12076720.15,A
SKU_00510,308.64,39104,12069058.559999999,A
SKU_00781,273.65,43890,12010498.499999998,A
SKU_00824,271.01,44239,11989211.389999999,A
SKU_00420,396.83,29881,11857677.23,A
SKU_00847,498.45,23769,11847658.049999999,A
SKU_00551,426.83,27590,11776239.7,A
SKU_00662,304.86,38625,11775217.5,A
SKU_00119,271.97,43294,11774669.180000002,A
SKU_00953,457.63,25692,11757429.959999999,A
SKU_00789,473.91,24696,11703681.360000001,A
SKU_00438,354.59,32957,11686222.629999999,A
SKU_00204,305.18,38101,11627663.18,A
SKU_00494,234.53,49558,11622837.74,A
SKU_00321,358.72,32332,11598135.040000001,A
SKU_00453,453.65,25391,11518627.149999999,A
SKU_00337,353.31,32447,11463849.57,A
SKU_00700,268.63,42387,11386419.81,A
SKU_00104,454.25,25051,11379416.75,A
SKU_00716,416.16,27308,11364497.280000001,A
SKU_00661,493.33,23011,11352016.629999999,A
SKU_00894,335.7,33637,11291940.9,A
SKU_00176,347.01,32384,11237571.84,A
SKU_00187,279.82,40159,11237291.379999999,A
SKU_00815,261.82,42741,11190448.62,A
SKU_00831,228.96,48468,11097233.280000001,A
SKU_00725,421.71,26313,11096455.229999999,A
SKU_00359,289.86,38258,11089463.88,A
SKU_00595,239.61,46017,11026133.370000001,A
SKU_00523,421.85,26063,10994676.55,A
SKU_00802,290.26,37750,10957315.0,A
SKU_00766,382.42,28541,10914649.22,A
SKU_00086,366.16,29729,10885570.64,A
SKU_00884,400.96,27142,10882856.32,A
SKU_00723,371.85,29265,10882190.25,A
SKU_00972,367.62,29401,10808395.620000001,A
SKU_00076,386.78,27888,10786520.639999999,A
SKU_00851,376.23,28652,10779741.96,A
SKU_00196,364.35,29225,10648128.75,A
SKU_00876,359.41,29444,10582468.040000001,A
SKU_00797,284.74,37014,10539366.360000001,A
SKU_00686,287.95,36587,10535226.65,A
SKU_00093,282.83,37229,10529478.07,A
SKU_00242,457.86,22990,10526201.4,A
SKU_00186,409.52,25659,10507873.68,A
SKU_00633,268.4,39130,10502492.0,A
SKU_00862,264.57,39675,10496814.75,A
SKU_00074,354.89,29530,10479901.7,A
SKU_00535,472.66,22115,10452875.9,A
SKU_00276,400.16,25921,10372547.360000001,A
SKU_00861,229.38,45205,10369122.9,A
SKU_00490,230.55,44762,10319879.1,A
SKU_00554,438.94,23379,10261978.26,A
SKU_00444,407.34,25103,10225456.02,A
SKU_00981,386.6,26442,10222477.200000001,A
SKU_00364,471.03,21663,10203922.889999999,A
SKU_00501,270.37,37512,10142119.44,A
SKU_00838,292.39,34666,10135991.74,A
SKU_00399,378.5,26689,10101786.5,A
SKU_00915,220.88,45508,10051807.04,A
SKU_00258,287.18,34932,10031771.76,A
SKU_00136,261.8,38297,10026154.6,A
SKU_00778,361.42,27698,10010611.16,A
SKU_00804,214.94,46513,9997504.22,A
SKU_00017,264.75,37741,9991929.75,A
SKU_00543,337.49,29526,9964729.74,A
SKU_00890,362.52,27313,9901508.76,A
SKU_00749,314.0,31424,9867136.0,A
SKU_00474,266.21,36977,9843647.17,A
SKU_00695,307.26,31990,9829247.4,A
SKU_00823,202.09,48578,9817128.02,A
SKU_00191,449.12,21854,9815068.48,A
SKU_00048,275.62,35535,9794156.7,A
SKU_00159,365.47,26785,9789113.950000001,A
SKU_00976,299.56,32476,9728510.56,A
SKU_00027,259.55,37298,9680695.9,A
SKU_00437,411.82,23498,9676946.36,A
SKU_00116,402.82,23995,9665665.9,A
SKU_00683,335.98,28725,9651025.5,A
SKU_00296,386.15,24960,9638304.0,A
SKU_00302,272.61,35296,9622042.56,A
SKU_00081,313.53,30686,9620981.58,A
SKU_00055,461.33,20762,9578133.459999999,A
SKU_00054,300.96,31805,9572032.799999999,A
SKU_00692,256.27,37308,9560921.16,A
SKU_00913,207.66,45899,9531386.34,A
SKU_00739,191.59,49706,9523172.540000001,A
SKU_00717,482.69,19714,9515750.66,A
SKU_00939,290.38,32681,9489908.78,A
SKU_00363,275.08,34475,9483383.0,A
SKU_00968,285.37,33104,9446888.48,A
SKU_00921,246.28,38057,9372677.96,A
SKU_00408,453.16,20681,9371801.96,A
SKU_00525,237.0,39543,9371691.0,A
SKU_00989,410.46,22741,9334270.86,A
SKU_00738,222.37,41881,9313077.97,A
SKU_00956,261.86,35533,9304671.38,A
SKU_00521,193.54,48008,9291468.32,A
SKU_00691,215.59,42923,9253769.57,A
SKU_00162,318.6,28931,9217416.600000001,A
SKU_00788,233.69,39438,9216266.22,A
SKU_00993,297.16,30782,9147179.120000001,A
SKU_00677,201.94,45241,9135967.54,A
SKU_00315,349.51,26129,9132346.79,A
SKU_00817,202.51,45076,9128340.76,A
SKU_00248,481.99,18887,9103345.13,A
SKU_00188,267.18,33842,9041905.56,A
SKU_00865,282.02,32010,9027460.2,A
SKU_00415,226.98,39599,8988181.02,A
SKU_00516,191.35,46904,8975080.4,A
SKU_00578,248.6,36084,8970482.4,A
SKU_00129,257.82,34736,8955635.52,A
SKU_00533,279.94,31960,8946882.4,A
SKU_00275,253.25,35250,8927062.5,A
SKU_00742,375.07,23716,8895160.12,A
SKU_00423,249.74,35588,8887747.120000001,A
SKU_00078,182.44,48643,8874428.92,A
SKU_00160,187.05,47419,8869723.950000001,A
SKU_00504,343.94,25758,8859206.52,A
SKU_00270,405.63,21836,8857336.68,A
SKU_00994,183.68,47964,8810027.52,A
SKU_00488,475.45,18411,8753509.95,A
SKU_00277,326.73,26760,8743294.8,A
SKU_00103,256.74,34033,8737632.42,A
SKU_00461,326.36,26730,8723602.8,A
SKU_00303,320.53,27183,8712966.989999998,A
SKU_00034,482.99,18005,8696234.95,A
SKU_00848,253.59,34168,8664663.120000001,A
SKU_00998,475.37,18173,8638899.01,A
SKU_00274,258.11,33439,8630940.290000001,A
SKU_00348,190.43,45023,8573729.89,A
SKU_00793,307.67,27864,8572916.88,A
SKU_00732,334.27,25526,8532576.02,A
SKU_00570,259.42,32881,8529989.020000001,A
SKU_00623,244.84,34807,8522145.88,A
SKU_00255,280.62,30320,8508398.4,A
SKU_00612,315.81,26888,8491499.28,A
SKU_00751,470.22,17924,8428223.280000001,A
SKU_00674,208.15,40387,8406554.05,A
SKU_00219,425.37,19723,8389572.51,A
SKU_00263,261.57,31675,8285229.75,A
SKU_00978,250.7,33016,8277111.199999999,A
SKU_00545,182.29,45341,8265210.89,A
SKU_00043,455.11,17950,8169224.5,A
SKU_00417,167.69,48690,8164826.1,A
SKU_00999,225.77,36135,8158198.95,A
SKU_00863,223.18,36551,8157452.180000001,A
SKU_00268,182.95,44586,8157008.699999999,A
SKU_00125,216.42,37673,8153190.659999999,A
SKU_00714,177.69,45843,8145842.67,A
SKU_00560,353.52,22961,8117172.72,A
SKU_00338,239.72,33856,8115960.32,A
SKU_00194,172.82,46781,8084692.42,A
SKU_00039,222.88,36162,8059786.56,A
SKU_00564,178.54,45065,8045905.1,A
SKU_00246,216.95,36866,7998078.699999999,A
SKU_00499,493.17,16182,7980476.94,A
SKU_00786,293.78,27087,7957618.859999999,A
SKU_00395,465.72,17067,7948443.24,A
SKU_00089,238.75,33139,7911936.25,A
SKU_00484,294.24,26845,7898872.8,A
SKU_00304,364.42,21610,7875116.2,A
SKU_00607,185.31,42367,7851028.7700000005,A
SKU_00161,317.99,24678,7847357.220000001,A
SKU_00217,374.51,20795,7787935.45,A
SKU_00174,324.36,23974,7776206.640000001,A
SKU_00365,196.12,39441,7735168.92,A
SKU_00910,297.2,25866,7687375.199999999,A
SKU_00502,158.22,48579,7686169.38,A
SKU_00639,191.76,39848,7641252.4799999995,A
SKU_00343,219.76,34550,7592708.0,A
SKU_00553,282.66,26823,7581789.180000001,A
SKU_00990,400.71,18892,7570213.319999999,A
SKU_00069,493.51,15329,7565014.79,A
SKU_00153,247.28,30548,7553909.44,A
SKU_00857,238.67,31501,7518343.67,A
SKU_00003,301.34,24891,7500653.9399999995,A
SKU_00085,165.97,45184,7499188.4799999995,A
SKU_00657,184.73,40463,7474729.989999999,A
SKU_00195,177.86,41973,7465317.78,A
SKU_00853,449.54,16493,7414263.220000001,A
SKU_00785,454.68,16273,7399007.64,B
SKU_00376,423.21,17443,7382052.029999999,B
SKU_00451,281.41,26115,7349022.15,B
SKU_00122,162.41,45128,7329238.4799999995,B
SKU_00045,332.95,21876,7283614.2,B
SKU_00106,208.14,34901,7264294.14,B
SKU_00906,409.63,17725,7260691.75,B
SKU_00684,465.04,15604,7256484.16,B
SKU_00157,382.0,18950,7238900.0,B
SKU_00618,404.07,17874,7222347.18,B
SKU_00452,214.99,33420,7184965.800000001,B
SKU_00547,337.43,21216,7158914.88,B
SKU_00102,160.61,44560,7156781.600000001,B
SKU_00526,210.34,33823,7114329.82,B
SKU_00660,181.27,39162,7098895.74,B
SKU_00572,201.29,35146,7074538.34,B
SKU_00743,253.85,27823,7062868.55,B
SKU_00896,150.11,46982,7052468.0200000005,B
SKU_00756,311.94,22543,7032063.42,B
SKU_00566,199.16,35233,7017004.28,B
SKU_00849,299.72,23353,6999361.160000001,B
SKU_00734,182.62,38318,6997633.16,B
SKU_00373,343.09,20117,6901941.529999999,B
SKU_00341,239.37,28702,6870397.74,B
SKU_00917,474.48,14310,6789808.8,B
SKU_00685,280.6,24189,6787433.4,B
SKU_00567,221.55,30623,6784525.65,B
SKU_00675,491.28,13769,6764434.319999999,B
SKU_00082,168.79,40074,6764090.46,B
SKU_00138,185.0,36432,6739920.0,B
SKU_00584,318.53,21039,6701552.669999999,B
SKU_00024,230.75,29021,6696595.75,B
SKU_00279,398.92,16761,6686298.12,B
SKU_00596,335.44,19916,6680623.04,B
SKU_00012,417.06,15996,6671291.76,B
SKU_00986,345.76,19269,6662449.4399999995,B
SKU_00529,433.04,15382,6661021.28,B
SKU_00115,436.37,15252,6655515.24,B
SKU_00025,393.66,16874,6642618.840000001,B
SKU_00843,480.73,13773,6621094.29,B
SKU_00229,317.41,20770,6592605.7,B
SKU_00232,290.57,22634,6576761.38,B
SKU_00455,248.85,26389,6566902.649999999,B
SKU_00050,484.94,13509,6551054.46,B
SKU_00091,358.06,18255,6536385.3,B
SKU_00344,202.26,32296,6532188.96,B
SKU_00018,218.81,29811,6522944.91,B
SKU_00765,287.1,22712,6520615.2,B
SKU_00651,270.87,23957,6489232.59,B
SKU_00261,495.08,13087,6479111.96,B
SKU_00051,388.69,16614,6457695.66,B
SKU_00506,455.91,14125,6439728.75,B
SKU_00062,415.23,15417,6401600.91,B
SKU_00375,162.89,39210,6386916.899999999,B
SKU_00144,146.0,43613,6367498.0,B
SKU_00624,311.04,20437,6356724.48,B
SKU_00918,382.98,16556,6340616.88,B
SKU_00349,314.8,20082,6321813.600000001,B
SKU_00904,213.61,29471,6295300.3100000005,B
SKU_00611,400.71,15663,6276320.7299999995,B
SKU_00289,297.46,21053,6262425.38,B
SKU_00522,485.11,12903,6259374.33,B
SKU_00768,174.33,35731,6228985.23,B
SKU_00061,139.32,44647,6220220.04,B
SKU_00808,228.17,27217,6210102.89,B
SKU_00954,212.29,29082,6173817.779999999,B
SKU_00538,228.02,27058,6169765.16,B
SKU_00673,264.63,23296,6164820.4799999995,B
SKU_00740,234.03,26300,6154989.0,B
SKU_00095,249.43,24674,6154435.82,B
SKU_00394,173.7,35301,6131783.699999999,B
SKU_00569,177.39,34514,6122438.46,B
SKU_00457,236.99,25783,6110313.17,B
SKU_00931,418.29,14584,6100341.36,B
SKU_00280,445.55,13607,6062598.850000001,B
SKU_00361,323.43,18739,6060754.7700000005,B
SKU_00310,222.29,27182,6042286.779999999,B
SKU_00909,192.95,31107,6002095.649999999,B
SKU_00329,127.63,46866,5981507.58,B
SKU_00496,293.91,20149,5921992.590000001,B
SKU_00907,174.2,33993,5921580.6,B
SKU_00964,147.9,39991,5914668.9,B
SKU_00088,444.17,13084,5811520.28,B
SKU_00272,434.2,13381,5810030.2,B
SKU_00822,170.08,34154,5808912.32,B
SKU_00416,150.14,38659,5804262.26,B
SKU_00301,268.02,21527,5769666.54,B
SKU_00432,311.02,18433,5733031.659999999,B
SKU_00216,166.07,34180,5676272.6,B
SKU_00877,331.17,17114,5667643.38,B
SKU_00184,132.68,42620,5654821.600000001,B
SKU_00879,114.88,49204,5652555.52,B
SKU_00140,481.41,11693,5629127.13,B
SKU_00483,315.64,17750,5602610.0,B
SKU_00552,278.19,20075,5584664.25,B
SKU_00108,118.26,47137,5574421.62,B
SKU_00537,127.44,43685,5567216.399999999,B
SKU_00067,402.09,13837,5563719.33,B
SKU_00131,114.94,48380,5560797.2,B
SKU_00544,310.97,17878,5559521.66,B
SKU_00666,126.75,43853,5558367.75,B
SKU_00527,140.34,39163,5496135.42,B
SKU_00322,331.8,16522,5481999.600000001,B
SKU_00911,137.69,39632,5456930.08,B
SKU_00873,207.32,26260,5444223.2,B
SKU_00561,110.42,49253,5438516.26,B
SKU_00962,126.45,42991,5436211.95,B
SKU_00224,136.28,39792,5422853.76,B
SKU_00327,307.8,17582,5411739.600000001,B
SKU_00173,117.12,46107,5400051.84,B
SKU_00591,322.23,16753,5398319.19,B
SKU_00829,228.85,23586,5397656.1,B
SKU_00410,163.06,33081,5394187.86,B
SKU_00941,279.32,19301,5391155.32,B
SKU_00540,477.26,11271,5379197.46,B
SKU_00381,349.88,15351,5371007.88,B
SKU_00155,124.82,42974,5364014.68,B
SKU_00210,276.62,19229,5319125.98,B
SKU_00169,297.49,17864,5314361.36,B
SKU_00227,199.58,26392,5267315.36,B
SKU_00826,176.44,29834,5263910.96,B
SKU_00638,138.28,38046,5261000.88,B
SKU_00835,212.37,24711,5247875.07,B
SKU_00307,164.86,31698,5225732.28,B
SKU_00141,129.63,40142,5203607.46,B
SKU_00185,331.69,15685,5202557.65,B
SKU_00536,425.58,12103,5150794.74,B
SKU_00251,195.62,26223,5129743.26,B
SKU_00550,262.48,19442,5103136.16,B
SKU_00234,101.65,49808,5062983.2,B
SKU_00426,223.56,22531,5037030.36,B
SKU_00594,448.91,11183,5020160.53,B
SKU_00608,254.19,19676,5001442.44,B
SKU_00328,212.7,23511,5000789.7,B
SKU_00992,139.71,35685,4985551.350000001,B
SKU_00880,119.38,41721,4980652.9799999995,B
SKU_00007,433.76,11444,4963949.4399999995,B
SKU_00314,418.81,11845,4960804.45,B
SKU_00935,139.79,35296,4934027.84,B
SKU_00146,306.73,15976,4900318.48,B
SKU_00041,250.11,19526,4883647.86,B
SKU_00690,165.22,29359,4850693.9799999995,B
SKU_00929,132.65,36478,4838806.7,B
SKU_00845,210.24,22768,4786744.32,B
SKU_00699,243.16,19608,4767881.28,B
SKU_00059,166.04,28635,4754555.399999999,B
SKU_00733,263.92,17872,4716778.24,B
SKU_00635,226.47,20777,4705367.19,B
SKU_00385,402.72,11636,4686049.92,B
SKU_00172,258.49,18124,4684872.76,B
SKU_00800,355.08,13176,4678534.08,B
SKU_00256,468.4,9982,4675568.8,B
SKU_00026,103.84,44913,4663765.92,B
SKU_00362,231.84,20094,4658592.96,B
SKU_00702,171.62,27084,4648156.08,B
SKU_00721,94.71,48608,4603663.68,B
SKU_00036,155.78,29498,4595198.44,B
SKU_00762,128.0,35857,4589696.0,B
SKU_00615,460.83,9947,4583876.01,B
SKU_00652,295.49,15498,4579504.0200000005,B
SKU_00402,255.1,17873,4559402.3,B
SKU_00360,197.14,23119,4557679.66,B
SKU_00763,373.25,12140,4531255.0,B
SKU_00713,208.86,21692,4530591.12,B
SKU_00180,173.83,26031,4524968.73,B
SKU_00744,119.95,37674,4518996.3,B
SKU_00783,176.12,25619,4512018.28,B
SKU_00015,95.79,46717,4475021.430000001,B
SKU_00658,324.73,13705,4450424.65,B
SKU_00342,90.73,49001,4445860.73,B
SKU_00198,444.11,10003,4442432.33,B
SKU_00920,434.89,10206,4438487.34,B
SKU_00269,150.33,29357,4413237.8100000005,B
SKU_00397,217.35,20272,4406119.2,B
SKU_00495,179.91,24463,4401138.33,B
SKU_00689,97.59,45012,4392721.08,B
SKU_00293,183.29,23921,4384480.09,B
SKU_00142,251.14,17420,4374858.8,B
SKU_00016,155.6,28035,4362246.0,B
SKU_00893,201.61,21500,4334615.0,B
SKU_00406,197.65,21904,4329325.600000001,B
SKU_00477,279.16,15449,4312742.840000001,B
SKU_00643,167.11,25711,4296565.21,B
SKU_00404,163.42,26243,4288631.06,B
SKU_00143,153.93,27476,4229380.680000001,B
SKU_00777,362.52,11656,4225533.12,B
SKU_00796,466.4,9006,4200398.399999999,B
SKU_00469,481.8,8701,4192141.8000000003,B
SKU_00225,125.77,33230,4179337.1,B
SKU_00505,85.5,48870,4178385.0,B
SKU_00105,128.4,32513,4174669.2,B
SKU_00386,144.61,28641,4141775.0100000002,B
SKU_00092,381.59,10716,4089118.44,B
SKU_00761,159.3,25637,4083974.1,B
SKU_00852,108.9,37484,4082007.6,B
SKU_00340,248.35,16435,4081632.25,B
SKU_00979,300.44,13495,4054437.8,B
SKU_00585,123.87,32519,4028128.5300000003,B
SKU_00250,150.75,26688,4023216.0,B
SKU_00663,122.43,32656,3998074.08,B
SKU_00963,197.7,20203,3994133.0999999996,B
SKU_00175,91.31,43742,3994082.02,B
SKU_00632,258.28,15460,3993008.7999999993,B
SKU_00842,93.13,42768,3982983.84,B
SKU_00881,337.59,11795,3981874.05,B
SKU_00819,170.92,23271,3977479.32,B
SKU_00801,80.51,49392,3976549.9200000004,B
SKU_00605,233.09,17059,3976282.31,B
SKU_00064,144.06,27445,3953726.7,B
SKU_00984,365.45,10799,3946494.55,B
SKU_00000,190.4,20591,3920526.4,B
SKU_00757,269.06,14537,3911325.22,B
SKU_00912,313.95,12423,3900200.8499999996,B
SKU_00670,90.82,42424,3852947.6799999997,B
SKU_00046,159.3,24177,3851396.1,B
SKU_00033,474.7,8107,3848392.9,B
SKU_00309,139.06,27670,3847790.2,B
SKU_00693,124.99,30759,3844567.4099999997,B
SKU_00855,99.39,38620,3838441.8,B
SKU_00597,90.3,42340,3823302.0,B
SKU_00698,81.41,46833,3812674.53,B
SKU_00124,117.83,32223,3796836.09,B
SKU_00266,350.02,10806,3782316.1199999996,B
SKU_00298,313.33,12039,3772179.8699999996,B
SKU_00110,148.43,25380,3767153.4000000004,B
SKU_00779,322.37,11663,3759801.31,B
SKU_00642,109.67,34097,3739417.99,B
SKU_00212,327.72,11403,3736991.16,B
SKU_00507,412.16,9046,3728399.3600000003,B
SKU_00583,167.73,22027,3694588.71,B
SKU_00075,365.86,10096,3693722.56,B
SKU_00816,297.68,12389,3687957.52,B
SKU_00934,89.98,40847,3675413.06,B
SKU_00023,186.35,19641,3660100.35,B
SKU_00167,97.33,37543,3654060.19,B
SKU_00589,80.19,44838,3595559.2199999997,B
SKU_00987,220.24,16263,3581763.12,B
SKU_00637,125.02,28504,3563570.08,B
SKU_00389,404.38,8812,3563396.56,C
SKU_00213,116.01,30661,3556982.6100000003,C
SKU_00430,75.78,46924,3555900.72,C
SKU_00951,334.19,10626,3551102.94,C
SKU_00579,132.83,26716,3548686.2800000003,C
SKU_00478,484.8,7279,3528859.2,C
SKU_00286,235.47,14959,3522395.73,C
SKU_00659,287.54,12215,3512301.1,C
SKU_00282,190.91,18371,3507207.61,C
SKU_00980,170.45,20521,3497804.4499999997,C
SKU_00511,212.03,16409,3479200.27,C
SKU_00177,196.43,17702,3477203.8600000003,C
SKU_00582,248.85,13860,3449061.0,C
SKU_00944,107.18,32107,3441228.2600000002,C
SKU_00600,88.62,38763,3435177.06,C
SKU_00223,187.02,18188,3401519.7600000002,C
SKU_00806,467.51,7251,3389915.01,C
SKU_00747,274.06,12278,3364908.68,C
SKU_00022,149.61,22397,3350815.1700000004,C
SKU_00622,188.38,17758,3345252.04,C
SKU_00629,129.96,25719,3342441.24,C
SKU_00556,71.34,46778,3337142.52,C
SKU_00531,499.86,6663,3330567.18,C
SKU_00235,362.61,9117,3305915.37,C
SKU_00317,90.78,36224,3288414.72,C
SKU_00946,72.76,44943,3270052.68,C
SKU_00715,465.12,7024,3267002.88,C
SKU_00215,122.44,26672,3265719.68,C
SKU_00942,327.45,9786,3204425.6999999997,C
SKU_00703,71.54,44733,3200198.8200000003,C
SKU_00885,93.38,33855,3161379.9,C
SKU_00482,230.0,13712,3153760.0,C
SKU_00158,122.63,25525,3130130.75,C
SKU_00892,415.96,7521,3128435.1599999997,C
SKU_00997,72.73,42785,3111753.0500000003,C
SKU_00130,211.62,14661,3102560.8200000003,C
SKU_00902,94.81,32596,3090426.7600000002,C
SKU_00870,189.79,16135,3062261.65,C
SKU_00319,128.87,23750,3060662.5,C
SKU_00625,187.61,16101,3020708.6100000003,C
SKU_00418,337.9,8883,3001565.6999999997,C
SKU_00049,96.5,31007,2992175.5,C
SKU_00927,273.11,10856,2964882.16,C
SKU_00866,81.84,36141,2957779.44,C
SKU_00811,420.25,6994,2939228.5,C
SKU_00445,473.89,6190,2933379.1,C
SKU_00326,279.41,10496,2932687.3600000003,C
SKU_00350,254.05,11525,2927926.25,C
SKU_00887,122.9,23811,2926371.9,C
SKU_00958,87.31,33500,2924885.0,C
SKU_00730,86.31,33868,2923147.08,C
SKU_00973,111.4,26216,2920462.4000000004,C
SKU_00636,268.65,10824,2907867.5999999996,C
SKU_00767,439.0,6571,2884669.0,C
SKU_00380,63.49,44959,2854446.91,C
SKU_00413,288.85,9868,2850371.8000000003,C
SKU_00366,480.79,5876,2825122.04,C
SKU_00604,64.71,43420,2809708.1999999997,C
SKU_00405,448.28,6254,2803543.1199999996,C
SKU_00262,74.34,37411,2781133.74,C
SKU_00519,79.46,34939,2776252.94,C
SKU_00097,216.63,12776,2767664.88,C
SKU_00479,263.93,10426,2751734.18,C
SKU_00087,320.59,8536,2736556.2399999998,C
SKU_00316,207.43,13125,2722518.75,C
SKU_00787,203.42,13278,2701010.76,C
SKU_00790,80.91,33274,2692199.34,C
SKU_00588,68.38,39298,2687197.2399999998,C
SKU_00729,86.01,31216,2684888.16,C
SKU_00028,298.25,8920,2660390.0,C
SKU_00644,64.28,41335,2657013.8000000003,C
SKU_00493,98.12,27011,2650319.3200000003,C
SKU_00135,164.99,16034,2645449.66,C
SKU_00555,204.72,12865,2633722.8,C
SKU_00011,485.11,5419,2628811.09,C
SKU_00156,337.71,7757,2619616.4699999997,C
SKU_00206,55.23,47427,2619393.21,C
SKU_00084,158.94,16471,2617900.7399999998,C
SKU_00520,299.09,8695,2600587.55,C
SKU_00546,61.21,42329,2590958.09,C
SKU_00133,172.12,14999,2581627.88,C
SKU_00784,94.89,27066,2568292.74,C
SKU_00294,67.89,37667,2557212.63,C
SKU_00425,277.02,9227,2556063.54,C
SKU_00975,134.82,18852,2541626.6399999997,C
SKU_00653,373.99,6738,2519944.62,C
SKU_00900,107.9,23264,2510185.6,C
SKU_00123,59.48,41998,2498041.04,C
SKU_00587,68.8,36242,2493449.6,C
SKU_00047,262.43,9474,2486261.82,C
SKU_00590,73.72,33497,2469398.84,C
SKU_00985,250.27,9815,2456400.0500000003,C
SKU_00422,50.15,48887,2451683.05,C
SKU_00967,152.08,16001,2433432.08,C
SKU_00372,51.75,46865,2425263.75,C
SKU_00218,326.57,7414,2421189.98,C
SKU_00330,181.21,13361,2421146.81,C
SKU_00750,62.86,38460,2417595.6,C
SKU_00562,72.5,33242,2410045.0,C
SKU_00346,319.37,7524,2402939.88,C
SKU_00014,95.0,25164,2390580.0,C
SKU_00297,111.83,21295,2381419.85,C
SKU_00283,51.52,45639,2351321.2800000003,C
SKU_00038,343.7,6837,2349876.9,C
SKU_00919,74.36,31467,2339886.12,C
SKU_00353,85.65,26531,2272380.1500000004,C
SKU_00676,60.46,37480,2266040.8,C
SKU_00805,369.54,6112,2258628.48,C
SKU_00837,184.38,12249,2258470.62,C
SKU_00708,131.05,17187,2252356.35,C
SKU_00214,357.53,6283,2246360.9899999998,C
SKU_00287,273.61,8173,2236214.5300000003,C
SKU_00867,95.05,23484,2232154.1999999997,C
SKU_00460,63.18,35298,2230127.64,C
SKU_00809,61.05,36478,2226981.9,C
SKU_00694,61.84,35940,2222529.6,C
SKU_00243,188.23,11800,2221114.0,C
SKU_00933,265.22,8358,2216708.7600000002,C
SKU_00284,291.25,7591,2210878.75,C
SKU_00454,60.04,36779,2208211.16,C
SKU_00434,46.63,47319,2206484.97,C
SKU_00260,309.43,7109,2199737.87,C
SKU_00830,116.18,18843,2189179.74,C
SKU_00602,92.62,23599,2185739.38,C
SKU_00650,48.03,45372,2179217.16,C
SKU_00163,270.21,8006,2163301.26,C
SKU_00066,74.76,28787,2152116.12,C
SKU_00147,253.83,8345,2118211.35,C
SKU_00339,53.43,39314,2100547.02,C
SKU_00111,84.8,24657,2090913.5999999999,C
SKU_00754,73.94,28244,2088361.3599999999,C
SKU_00681,132.66,15677,2079710.8199999998,C
SKU_00306,260.57,7913,2061890.41,C
SKU_00265,371.68,5545,2060965.6,C
SKU_00696,147.87,13698,2025523.26,C
SKU_00682,89.59,22573,2022315.07,C
SKU_00617,142.05,14235,2022081.7500000002,C
SKU_00601,142.9,14094,2014032.6,C
SKU_00897,448.69,4458,2000260.02,C
SKU_00965,181.06,10854,1965225.24,C
SKU_00530,407.39,4803,1956694.17,C
SKU_00776,118.48,16453,1949351.4400000002,C
SKU_00391,209.25,9308,1947699.0,C
SKU_00254,88.9,21827,1940420.3,C
SKU_00099,58.41,32833,1917775.5299999998,C
SKU_00672,44.72,42859,1916654.48,C
SKU_00468,115.68,16505,1909298.4000000001,C
SKU_00895,106.47,17827,1898040.69,C
SKU_00712,238.43,7948,1895041.6400000001,C
SKU_00841,333.45,5595,1865652.75,C
SKU_00571,392.91,4699,1846284.09,C
SKU_00320,276.87,6640,1838416.8,C
SKU_00832,74.72,24589,1837290.08,C
SKU_00411,475.28,3862,1835531.3599999999,C
SKU_00192,450.71,4072,1835291.1199999999,C
SKU_00037,53.35,34368,1833532.8,C
SKU_00202,85.01,21552,1832135.52,C
SKU_00278,352.47,5184,1827204.4800000002,C
SKU_00858,284.6,6395,1820017.0000000002,C
SKU_00969,240.64,7546,1815869.44,C
SKU_00539,68.93,26117,1800244.8100000003,C
SKU_00746,195.03,9208,1795836.24,C
SKU_00345,309.85,5726,1774201.1,C
SKU_00620,96.34,18409,1773523.06,C
SKU_00181,61.17,28941,1770320.97,C
SKU_00109,43.11,40700,1754577.0,C
SKU_00711,299.84,5804,1740271.3599999999,C
SKU_00429,62.95,27524,1732635.8,C
SKU_00443,188.47,9178,1729777.66,C
SKU_00775,79.21,21736,1721708.5599999998,C
SKU_00466,146.43,11753,1720991.79,C
SKU_00193,318.39,5395,1717714.0499999998,C
SKU_00179,73.07,23365,1707280.5499999998,C
SKU_00259,53.1,32066,1702704.6,C
SKU_00166,163.79,10322,1690640.38,C
SKU_00080,432.24,3910,1690058.4000000001,C
SKU_00400,56.05,30115,1687945.75,C
SKU_00040,65.41,25610,1675150.0999999999,C
SKU_00735,439.21,3812,1674268.52,C
SKU_00253,161.88,10277,1663640.76,C
SKU_00834,251.69,6541,1646304.29,C
SKU_00222,51.37,31390,1612504.2999999998,C
SKU_00528,32.91,48789,1605645.9899999998,C
SKU_00770,59.76,26623,1590990.48,C
SKU_00459,63.81,24926,1590528.06,C
SKU_00209,84.6,18646,1577451.5999999999,C
SKU_00132,64.33,24362,1567207.46,C
SKU_00441,493.39,3141,1549737.99,C
SKU_00753,170.78,9027,1541631.06,C
SKU_00641,164.43,9300,1529199.0,C
SKU_00230,398.43,3838,1529174.34,C
SKU_00083,36.46,41873,1526689.58,C
SKU_00899,47.33,32217,1524830.6099999999,C
SKU_00409,50.19,30187,1515085.53,C
SKU_00669,146.12,10325,1508689.0,C
SKU_00864,203.38,7327,1490165.26,C
SKU_00667,84.54,17375,1468882.5,C
SKU_00924,215.48,6804,1466125.92,C
SKU_00114,318.53,4594,1463326.8199999998,C
SKU_00383,439.35,3324,1460399.4000000001,C
SKU_00875,82.3,17733,1459425.9,C
SKU_00654,218.67,6670,1458528.9,C
SKU_00542,118.18,12301,1453732.1800000002,C
SKU_00908,133.41,10893,1453235.13,C
SKU_00888,54.22,26222,1421756.84,C
SKU_00151,123.58,11462,1416473.96,C
SKU_00152,76.72,18397,1411417.84,C
SKU_00565,297.01,4748,1410203.48,C
SKU_00818,32.11,43696,1403078.56,C
SKU_00063,181.59,7664,1391705.76,C
SKU_00828,370.06,3754,1389205.24,C
SKU_00333,62.46,22142,1382989.32,C
SKU_00053,447.94,3083,1380999.02,C
SKU_00722,37.92,36041,1366674.72,C
SKU_00859,37.53,36093,1354570.29,C
SKU_00960,45.99,29428,1353393.72,C
SKU_00288,146.84,9177,1347550.68,C
SKU_00241,477.19,2819,1345198.61,C
SKU_00656,145.47,9210,1339778.7,C
SKU_00060,197.4,6740,1330476.0,C
SKU_00030,305.73,4332,1324422.36,C
SKU_00013,110.11,12018,1323301.98,C
SKU_00057,102.01,12751,1300729.51,C
SKU_00311,43.84,29341,1286309.4400000002,C
SKU_00090,64.2,19995,1283679.0,C
SKU_00433,55.06,23216,1278272.96,C
SKU_00387,92.83,13647,1266851.01,C
SKU_00827,176.74,7152,1264044.48,C
SKU_00077,41.65,30069,1252373.8499999999,C
SKU_00374,40.24,30807,1239673.6800000002,C
SKU_00334,27.77,44513,1236126.01,C
SKU_00281,172.31,7159,1233567.29,C
SKU_00503,407.83,3020,1231646.5999999999,C
SKU_00613,45.47,27028,1228963.16,C
SKU_00599,25.23,48503,1223730.69,C
SKU_00199,391.04,3120,1220044.8,C
SKU_00331,380.13,3193,1213755.09,C
SKU_00335,25.16,47951,1206447.16,C
SKU_00299,47.25,25438,1201945.5,C
SKU_00916,150.76,7943,1197486.68,C
SKU_00239,92.67,12813,1187380.71,C
SKU_00318,82.44,14388,1186146.72,C
SKU_00959,370.33,3183,1178760.39,C
SKU_00889,125.37,9260,1160926.2,C
SKU_00792,255.41,4531,1157262.71,C
SKU_00291,23.49,49246,1156788.54,C
SKU_00428,178.7,6468,1155831.5999999999,C
SKU_00056,48.8,23610,1152168.0,C
SKU_00922,447.8,2572,1151741.6,C
SKU_00854,106.54,10717,1141789.1800000002,C
SKU_00603,48.91,23140,1131777.4,C
SKU_00058,27.39,41098,1125674.22,C
SKU_00782,129.64,8334,1080419.7599999998,C
SKU_00285,22.79,47395,1080132.05,C
SKU_00592,95.03,10931,1038772.93,C
SKU_00593,176.11,5824,1025664.6400000001,C
SKU_00292,412.19,2453,1011102.07,C
SKU_00031,89.41,11222,1003359.02,C
SKU_00392,189.15,5209,985282.35,C
SKU_00773,201.66,4860,980067.6,C
SKU_00201,46.65,20520,957258.0,C
SKU_00995,50.33,18980,955263.4,C
SKU_00096,263.75,3530,931037.5,C
SKU_00616,35.23,26255,924963.6499999999,C
SKU_00883,56.53,16114,910924.42,C
SKU_00021,74.05,12282,909482.1,C
SKU_00764,21.6,42086,909057.6000000001,C
SKU_00760,80.08,11307,905464.5599999999,C
SKU_00812,66.71,13567,905054.57,C
SKU_00117,97.35,9255,900974.25,C
SKU_00009,355.5,2521,896215.5,C
SKU_00351,428.96,2080,892236.7999999999,C
SKU_00071,103.36,8602,889102.72,C
SKU_00844,78.59,11230,882565.7000000001,C
SKU_00168,25.18,34801,876289.1799999999,C
SKU_00079,62.36,14019,874224.84,C
SKU_00874,17.57,49734,873826.38,C
SKU_00121,448.57,1928,864842.96,C
SKU_00449,46.33,18540,858958.2,C
SKU_00974,20.44,41423,846686.12,C
SKU_00237,17.04,49238,839015.5199999999,C
SKU_00379,144.52,5755,831712.6000000001,C
SKU_00514,27.38,30127,824877.26,C
SKU_00728,104.81,7861,823911.41,C
SKU_00042,22.02,37365,822777.2999999999,C
SKU_00928,318.57,2575,820317.75,C
SKU_00833,92.31,8736,806420.16,C
SKU_00354,39.93,19540,780232.2,C
SKU_00440,46.99,16469,773878.31,C
SKU_00491,311.97,2456,766198.3200000001,C
SKU_00190,51.09,14763,754241.67,C
SKU_00940,140.66,5349,752390.34,C
SKU_00988,126.97,5882,746837.54,C
SKU_00220,330.52,2239,740034.2799999999,C
SKU_00019,149.16,4906,731778.96,C
SKU_00846,47.25,15322,723964.5,C
SKU_00926,138.0,5151,710838.0,C
SKU_00487,144.08,4880,703110.4,C
SKU_00664,55.38,12695,703049.1,C
SKU_00273,457.05,1535,701571.75,C
SKU_00492,142.3,4890,695847.0,C
SKU_00619,375.39,1842,691468.38,C
SKU_00101,320.02,2150,688043.0,C
SKU_00001,475.6,1441,685339.6,C
SKU_00706,164.57,4133,680167.8099999999,C
SKU_00029,27.99,24170,676518.2999999999,C
SKU_00300,30.58,21830,667561.3999999999,C
SKU_00606,107.14,6199,664160.86,C
SKU_00957,28.25,23297,658140.25,C
SKU_00231,253.81,2569,652037.89,C
SKU_00377,16.52,38927,643074.04,C
SKU_00436,41.02,15625,640937.5,C
SKU_00476,41.53,15413,640101.89,C
SKU_00598,100.18,6376,638747.68,C
SKU_00936,14.1,45213,637503.2999999999,C
SKU_00010,15.19,39987,607402.53,C
SKU_00628,23.16,25992,601974.72,C
SKU_00741,154.18,3826,589892.68,C
SKU_00211,347.49,1691,587605.59,C
SKU_00901,18.13,32010,580341.2999999999,C
SKU_00481,349.4,1660,580004.0,C
SKU_00472,26.36,21388,563787.6799999999,C
SKU_00032,37.2,15123,562575.6000000001,C
SKU_00008,302.55,1850,559717.5,C
SKU_00486,27.5,20122,553355.0,C
SKU_00938,63.29,8633,546382.57,C
SKU_00312,17.55,30778,540153.9,C
SKU_00586,42.55,12688,539874.3999999999,C
SKU_00189,124.72,4233,527939.76,C
SKU_00518,493.7,1056,521347.2,C
SKU_00580,232.27,2213,514013.51,C
SKU_00724,289.36,1767,511299.12,C
SKU_00977,30.46,16769,510783.74,C
SKU_00323,143.57,3442,494167.94,C
SKU_00005,82.22,5995,492908.89999999997,C
SKU_00370,54.89,8882,487532.98,C
SKU_00264,439.3,1107,486305.10000000003,C
SKU_00439,45.27,10461,473569.47000000003,C
SKU_00983,42.19,11123,469279.37,C
SKU_00244,12.65,36609,463103.85000000003,C
SKU_00458,32.87,13729,451272.23,C
SKU_00640,14.94,29956,447542.64,C
SKU_00497,43.48,10281,447017.87999999995,C
SKU_00668,97.35,4570,444889.5,C
SKU_00871,139.02,3140,436522.80000000005,C
SKU_00407,10.36,41788,432923.68,C
SKU_00257,349.53,1236,432019.07999999996,C
SKU_00236,143.98,2908,418693.83999999997,C
SKU_00006,33.75,12354,416947.5,C
SKU_00100,20.56,20244,416216.63999999996,C
SKU_00701,30.65,13480,413162.0,C
SKU_00646,298.83,1339,400133.37,C
SKU_00068,41.9,9423,394823.7,C
SKU_00448,191.25,2025,387281.25,C
SKU_00470,11.02,33762,372057.24,C
SKU_00126,409.92,906,371387.52,C
SKU_00164,49.69,7387,367060.02999999997,C
SKU_00850,38.2,9535,364237.0,C
SKU_00347,27.43,12957,355410.51,C
SKU_00368,101.92,3480,354681.60000000003,C
SKU_00369,39.33,8811,346536.63,C
SKU_00145,23.26,14299,332594.74000000005,C
SKU_00563,12.2,27016,329595.19999999995,C
SKU_00898,11.44,28582,326978.07999999996,C
SKU_00930,73.98,4355,322182.9,C
SKU_00952,91.81,3474,318947.94,C
SKU_00356,18.12,17275,313023.0,C
SKU_00726,74.19,4214,312636.66,C
SKU_00576,77.8,3914,304509.2,C
SKU_00794,13.96,21727,303308.92000000004,C
SKU_00424,33.49,9005,301577.45,C
SKU_00704,36.37,8225,299143.25,C
SKU_00736,199.26,1467,292314.42,C
SKU_00982,57.77,4995,288561.15,C
SKU_00878,18.41,15096,277917.36,C
SKU_00500,350.59,761,266798.99,C
SKU_00128,8.44,29857,251993.08,C
SKU_00840,11.48,21775,249977.0,C
SKU_00626,233.95,1068,249858.59999999998,C
SKU_00371,14.02,17534,245826.68,C
SKU_00171,13.21,17774,234794.54,C
SKU_00290,20.1,11483,230808.30000000002,C
SKU_00856,23.09,9952,229791.68,C
SKU_00655,68.15,3349,228234.35,C
SKU_00557,19.25,11661,224474.25,C
SKU_00148,30.48,7314,222930.72,C
SKU_00382,316.33,626,198022.58,C
SKU_00559,312.05,625,195031.25,C
SKU_00098,17.58,10916,191903.27999999997,C
SKU_00465,190.56,999,190369.44,C
SKU_00665,80.67,2069,166906.23,C
SKU_00821,7.29,20929,152572.41,C
SKU_00610,24.46,6216,152043.36000000002,C
SKU_00332,12.12,11822,143282.63999999998,C
SKU_00630,358.11,381,136439.91,C
SKU_00515,18.05,7105,128245.25,C
SKU_00149,142.93,826,118060.18000000001,C
SKU_00868,431.58,245,105737.09999999999,C
SKU_00044,133.1,714,95033.4,C
SKU_00205,9.55,9616,91832.8,C
SKU_00772,68.11,1277,86976.47,C
SKU_00621,108.63,719,78104.97,C
SKU_00634,58.05,1158,67221.9,C
SKU_00925,16.12,3813,61465.560000000005,C
SKU_00955,194.65,307,59757.55,C
SKU_00687,143.59,402,57723.18,C
SKU_00649,251.73,225,56639.25,C
SKU_00882,14.76,2952,43571.52,C
SKU_00718,66.53,588,39119.64,C
SKU_00442,190.26,205,39003.299999999996,C
SKU_00456,10.62,3489,37053.18,C
SKU_00004,82.23,438,36016.740000000005,C
SKU_00208,7.51,2496,18744.96,C
SKU_00945,10.44,761,7944.839999999999,C
SKU_00072,7.73,645,4985.85,C
