sku_id,unit_cost,annual_demand,weight_kg,volume_cu_m,pick_frequency
SKU_00678,484.89,48420,17.93,0.087,119
SKU_00134,471.74,49088,1.24,0.184,125
SKU_00475,496.52,46126,6.37,0.103,141
SKU_00971,468.73,48331,20.31,0.054,140
SKU_00825,460.33,48813,2.9,0.02,138
SKU_00412,475.55,46267,3.87,0.106,127
SKU_00112,465.2,47154,4.08,0.152,151
SKU_00427,444.41,49253,13.61,0.078,134
SKU_00512,466.7,46386,5.1,0.023,125
SKU_00305,488.05,44164,6.17,0.153,148
SKU_00313,481.51,44669,27.9,0.181,119
SKU_00814,435.6,49357,13.81,0.092,139
SKU_00577,463.66,45993,18.82,0.115,124
SKU_00150,454.59,46700,24.93,0.047,121
SKU_00581,490.12,43106,12.93,0.174,139
SKU_00810,492.5,42752,4.06,0.137,131
SKU_00799,461.64,45479,23.49,0.015,145
SKU_00249,427.24,48945,25.27,0.088,141
SKU_00948,437.58,47656,26.88,0.116,129
SKU_00228,446.56,46349,26.46,0.166,161
SKU_00679,433.43,47514,16.53,0.155,119
SKU_00203,449.78,45748,22.62,0.144,142
SKU_00183,439.28,46642,4.99,0.089,116
SKU_00517,406.22,49410,10.28,0.144,146
SKU_00324,477.66,41946,18.97,0.107,127
SKU_00923,400.93,49959,13.67,0.16,112
SKU_00758,447.48,44398,27.78,0.004,122
SKU_00245,464.52,42634,22.51,0.145,149
SKU_00731,408.21,48506,5.05,0.041,129
SKU_00575,475.01,41189,10.28,0.068,148
SKU_00943,415.72,46977,3.17,0.171,157
SKU_00836,457.85,42535,21.8,0.195,128
SKU_00498,487.33,39925,5.82,0.101,116
SKU_00648,395.64,49038,15.99,0.076,117
SKU_00393,389.32,49368,19.96,0.11,137
SKU_00446,493.07,38950,10.96,0.088,137
SKU_00390,495.3,38665,25.42,0.104,137
SKU_00240,470.53,40429,15.77,0.11,139
SKU_00710,381.31,49826,2.11,0.131,139
SKU_00671,448.9,42074,1.31,0.078,150
SKU_00447,377.92,49886,26.93,0.199,138
SKU_00308,398.62,47282,5.04,0.11,145
SKU_00197,449.07,41096,29.35,0.047,136
SKU_00937,457.58,40294,4.84,0.187,142
SKU_00869,473.33,37878,6.1,0.003,147
SKU_00769,411.52,43561,13.38,0.079,147
SKU_00705,495.03,36159,27.31,0.046,132
SKU_00627,375.0,47714,14.24,0.004,140
SKU_00178,468.68,37884,18.0,0.097,140
SKU_00127,431.06,41070,26.69,0.128,145
SKU_00384,368.86,47937,12.18,0.039,134
SKU_00419,377.43,46489,16.78,0.043,127
SKU_00996,459.07,38167,12.53,0.13,123
SKU_00120,404.68,43101,7.67,0.135,134
SKU_00991,348.87,49592,23.15,0.142,119
SKU_00070,387.26,44581,5.3,0.013,143
SKU_00905,446.87,38567,6.41,0.07,151
SKU_00431,381.95,45104,5.95,0.045,147
SKU_00795,436.7,39410,29.99,0.127,128
SKU_00271,406.01,42307,21.12,0.077,146
SKU_00403,414.1,41225,29.34,0.019,121
SKU_00378,408.16,41752,12.6,0.091,122
SKU_00932,492.28,34603,16.94,0.148,134
SKU_00035,405.16,41886,14.4,0.08,137
SKU_00891,428.57,39520,19.0,0.096,132
SKU_00737,409.22,41057,15.57,0.15,121
SKU_00267,352.73,47617,15.35,0.045,139
SKU_00139,486.03,34257,1.16,0.166,129
SKU_00509,364.23,45600,9.52,0.003,132
SKU_00367,453.15,36544,29.39,0.157,135
SKU_00207,333.43,49569,3.33,0.168,127
SKU_00002,367.34,44723,23.61,0.159,147
SKU_00780,348.5,46919,16.01,0.124,136
SKU_00748,453.7,35743,16.83,0.115,138
SKU_00471,485.09,33382,20.64,0.099,146
SKU_00352,331.05,48390,16.9,0.039,125
SKU_00614,437.42,36436,8.22,0.094,122
SKU_00464,481.28,33075,3.76,0.044,141
SKU_00558,378.79,41999,13.55,0.107,138
SKU_00745,450.29,35058,15.98,0.135,141
SKU_00759,395.36,39878,12.48,0.004,147
SKU_00798,349.84,44914,6.3,0.195,128
SKU_00645,445.81,35157,24.52,0.146,130
SKU_00226,486.64,32188,24.37,0.093,131
SKU_00680,409.45,38106,27.02,0.171,140
SKU_00574,431.87,36023,9.98,0.054,111
SKU_00450,389.69,39785,17.98,0.134,140
SKU_00238,324.51,47738,11.32,0.186,135
SKU_00094,386.63,39937,6.05,0.068,135
SKU_00707,405.89,37973,6.56,0.165,120
SKU_00524,419.97,36321,22.8,0.111,134
SKU_00435,351.98,43301,22.75,0.044,123
SKU_00170,340.39,44741,3.51,0.179,139
SKU_00073,408.65,37214,21.76,0.198,136
SKU_00137,352.99,41944,24.08,0.004,124
SKU_00573,312.93,47164,26.33,0.05,146
SKU_00950,302.26,48704,14.06,0.075,137
SKU_00719,366.78,39982,11.59,0.15,145
SKU_00727,398.66,36421,0.92,0.126,141
SKU_00485,451.07,31990,19.58,0.183,146
SKU_00513,433.7,33220,19.69,0.104,135
SKU_00357,294.96,48751,7.18,0.121,129
SKU_00113,405.02,35500,3.15,0.11,146
SKU_00752,315.72,45460,6.93,0.178,142
SKU_00803,305.32,46981,23.8,0.083,148
SKU_00813,460.82,31110,10.67,0.091,148
SKU_00118,446.82,31983,8.45,0.097,134
SKU_00961,303.56,46579,28.3,0.051,132
SKU_00252,426.31,33162,3.83,0.039,129
SKU_00480,316.55,44655,27.55,0.086,121
SKU_00165,418.47,33760,14.4,0.103,122
SKU_00820,402.41,35005,14.06,0.117,135
SKU_00052,470.05,29966,5.83,0.129,148
SKU_00709,342.34,41001,24.52,0.056,131
SKU_00398,376.68,37035,22.5,0.185,130
SKU_00541,305.06,45450,14.42,0.07,119
SKU_00414,317.76,43508,4.93,0.001,146
SKU_00697,292.71,47155,24.89,0.089,129
SKU_00872,323.78,42522,0.17,0.126,138
SKU_00508,475.15,28806,3.28,0.143,139
SKU_00947,450.51,30237,17.85,0.121,141
SKU_00221,286.31,47556,17.36,0.008,139
SKU_00463,293.77,46263,14.61,0.086,134
SKU_00182,462.72,29292,11.72,0.012,116
SKU_00355,323.0,41852,23.18,0.087,151
SKU_00200,322.81,41855,5.5,0.136,132
SKU_00839,317.97,42468,13.36,0.16,139
SKU_00771,423.99,31448,16.41,0.128,138
SKU_00860,388.89,34184,15.86,0.096,142
SKU_00886,328.11,40490,8.48,0.021,114
SKU_00065,273.63,48388,18.58,0.18,125
SKU_00473,446.12,29645,0.98,0.158,124
SKU_00325,370.26,35712,1.59,0.109,141
SKU_00568,452.56,29152,6.87,0.117,154
SKU_00295,263.51,49938,9.05,0.026,116
SKU_00401,451.76,29109,3.45,0.139,127
SKU_00774,399.66,32879,4.63,0.029,136
SKU_00807,463.16,28311,25.59,0.091,140
SKU_00914,278.26,46920,16.51,0.188,153
SKU_00647,341.16,38238,24.56,0.142,131
SKU_00388,376.55,34631,18.43,0.016,129
SKU_00903,293.61,44411,21.33,0.073,119
SKU_00247,483.49,26805,20.38,0.042,132
SKU_00154,492.9,26272,15.49,0.153,149
SKU_00549,387.3,33397,24.8,0.06,123
SKU_00532,498.34,25949,0.11,0.157,128
SKU_00949,300.72,42928,17.54,0.112,141
SKU_00396,429.91,29859,25.87,0.119,144
SKU_00020,307.87,41460,28.72,0.021,146
SKU_00548,262.55,48464,29.19,0.004,131
SKU_00489,445.68,28480,26.41,0.083,152
SKU_00107,379.0,33013,24.34,0.071,146
SKU_00609,346.75,36046,4.04,0.143,133
SKU_00462,374.29,33326,29.65,0.072,133
SKU_00966,360.93,34547,3.57,0.125,133
SKU_00358,470.41,26485,22.0,0.05,125
SKU_00970,333.52,37311,25.34,0.047,132
SKU_00791,295.18,42074,24.94,0.073,120
SKU_00755,398.04,31110,4.16,0.004,118
SKU_00631,448.13,27520,14.28,0.096,128
SKU_00421,395.86,30911,2.92,0.002,126
SKU_00534,385.65,31685,11.75,0.075,121
SKU_00720,469.48,26023,13.56,0.031,116
SKU_00467,434.96,28061,29.91,0.075,131
SKU_00233,248.8,48974,9.4,0.165,146
SKU_00688,385.9,31563,18.0,0.038,131
SKU_00336,428.45,28187,0.5,0.136,127
SKU_00510,308.64,39104,0.21,0.082,114
SKU_00781,273.65,43890,5.13,0.127,126
SKU_00824,271.01,44239,15.44,0.148,113
SKU_00420,396.83,29881,16.62,0.188,156
SKU_00847,498.45,23769,19.24,0.188,158
SKU_00551,426.83,27590,25.2,0.083,135
SKU_00662,304.86,38625,20.27,0.086,134
SKU_00119,271.97,43294,27.92,0.18,141
SKU_00953,457.63,25692,2.57,0.188,133
SKU_00789,473.91,24696,20.35,0.19,136
SKU_00438,354.59,32957,19.32,0.149,136
SKU_00204,305.18,38101,8.15,0.113,149
SKU_00494,234.53,49558,21.6,0.107,157
SKU_00321,358.72,32332,13.11,0.112,125
SKU_00453,453.65,25391,22.01,0.131,144
SKU_00337,353.31,32447,8.55,0.125,138
SKU_00700,268.63,42387,20.88,0.087,123
SKU_00104,454.25,25051,25.95,0.084,118
SKU_00716,416.16,27308,25.87,0.197,141
SKU_00661,493.33,23011,7.82,0.117,141
SKU_00894,335.7,33637,0.28,0.063,130
SKU_00176,347.01,32384,1.41,0.099,141
SKU_00187,279.82,40159,14.93,0.078,127
SKU_00815,261.82,42741,1.24,0.137,118
SKU_00831,228.96,48468,16.93,0.124,118
SKU_00725,421.71,26313,0.47,0.178,126
SKU_00359,289.86,38258,16.49,0.072,119
SKU_00595,239.61,46017,0.85,0.196,121
SKU_00523,421.85,26063,12.31,0.089,151
SKU_00802,290.26,37750,9.84,0.162,122
SKU_00766,382.42,28541,11.17,0.188,119
SKU_00086,366.16,29729,23.73,0.056,125
SKU_00884,400.96,27142,12.03,0.197,126
SKU_00723,371.85,29265,3.06,0.054,153
SKU_00972,367.62,29401,4.26,0.111,115
SKU_00076,386.78,27888,19.66,0.131,147
SKU_00851,376.23,28652,7.76,0.088,124
SKU_00196,364.35,29225,6.71,0.151,149
SKU_00876,359.41,29444,2.16,0.074,124
SKU_00797,284.74,37014,24.52,0.129,128
SKU_00686,287.95,36587,19.43,0.078,144
SKU_00093,282.83,37229,18.92,0.19,138
SKU_00242,457.86,22990,25.21,0.118,130
SKU_00186,409.52,25659,20.31,0.198,155
SKU_00633,268.4,39130,16.16,0.149,152
SKU_00862,264.57,39675,19.37,0.189,127
SKU_00074,354.89,29530,23.78,0.049,120
SKU_00535,472.66,22115,11.45,0.055,134
SKU_00276,400.16,25921,0.79,0.104,130
SKU_00861,229.38,45205,19.01,0.012,124
SKU_00490,230.55,44762,15.81,0.175,132
SKU_00554,438.94,23379,16.82,0.098,167
SKU_00444,407.34,25103,5.06,0.164,120
SKU_00981,386.6,26442,14.31,0.118,126
SKU_00364,471.03,21663,23.65,0.042,159
SKU_00501,270.37,37512,17.36,0.041,126
SKU_00838,292.39,34666,13.73,0.076,136
SKU_00399,378.5,26689,8.79,0.015,146
SKU_00915,220.88,45508,6.66,0.004,137
SKU_00258,287.18,34932,19.92,0.122,133
SKU_00136,261.8,38297,19.81,0.044,125
SKU_00778,361.42,27698,29.41,0.076,132
SKU_00804,214.94,46513,13.9,0.042,136
SKU_00017,264.75,37741,0.78,0.165,133
SKU_00543,337.49,29526,12.7,0.159,136
SKU_00890,362.52,27313,16.52,0.032,142
SKU_00749,314.0,31424,3.25,0.062,126
SKU_00474,266.21,36977,24.71,0.08,127
SKU_00695,307.26,31990,22.26,0.117,133
SKU_00823,202.09,48578,28.48,0.017,140
SKU_00191,449.12,21854,9.58,0.181,124
SKU_00048,275.62,35535,18.12,0.067,137
SKU_00159,365.47,26785,20.05,0.076,139
SKU_00976,299.56,32476,8.43,0.19,125
SKU_00027,259.55,37298,4.26,0.007,123
SKU_00437,411.82,23498,9.44,0.1,140
SKU_00116,402.82,23995,24.29,0.113,164
SKU_00683,335.98,28725,22.52,0.062,135
SKU_00296,386.15,24960,5.29,0.17,141
SKU_00302,272.61,35296,22.44,0.133,131
SKU_00081,313.53,30686,11.67,0.145,141
SKU_00055,461.33,20762,22.65,0.133,139
SKU_00054,300.96,31805,14.59,0.114,156
SKU_00692,256.27,37308,4.71,0.145,146
SKU_00913,207.66,45899,25.28,0.153,147
SKU_00739,191.59,49706,0.3,0.142,135
SKU_00717,482.69,19714,17.75,0.158,124
SKU_00939,290.38,32681,24.73,0.057,131
SKU_00363,275.08,34475,24.85,0.015,133
SKU_00968,285.37,33104,16.98,0.012,165
SKU_00921,246.28,38057,21.62,0.132,124
SKU_00408,453.16,20681,16.39,0.113,143
SKU_00525,237.0,39543,27.12,0.052,147
SKU_00989,410.46,22741,3.42,0.187,145
SKU_00738,222.37,41881,11.43,0.163,128
SKU_00956,261.86,35533,3.98,0.146,152
SKU_00521,193.54,48008,2.15,0.003,136
SKU_00691,215.59,42923,3.56,0.174,119
SKU_00162,318.6,28931,7.9,0.01,127
SKU_00788,233.69,39438,15.27,0.101,130
SKU_00993,297.16,30782,25.78,0.135,139
SKU_00677,201.94,45241,2.86,0.121,132
SKU_00315,349.51,26129,1.78,0.157,135
SKU_00817,202.51,45076,16.52,0.128,141
SKU_00248,481.99,18887,22.71,0.003,145
SKU_00188,267.18,33842,0.48,0.115,148
SKU_00865,282.02,32010,22.02,0.106,128
SKU_00415,226.98,39599,7.74,0.036,124
SKU_00516,191.35,46904,2.4,0.15,136
SKU_00578,248.6,36084,15.99,0.197,144
SKU_00129,257.82,34736,26.49,0.082,140
SKU_00533,279.94,31960,5.16,0.127,134
SKU_00275,253.25,35250,18.1,0.055,138
SKU_00742,375.07,23716,17.92,0.181,141
SKU_00423,249.74,35588,8.54,0.125,145
SKU_00078,182.44,48643,15.81,0.113,148
SKU_00160,187.05,47419,0.41,0.111,158
SKU_00504,343.94,25758,25.33,0.094,134
SKU_00270,405.63,21836,6.84,0.031,130
SKU_00994,183.68,47964,5.66,0.153,137
SKU_00488,475.45,18411,24.6,0.158,115
SKU_00277,326.73,26760,9.73,0.055,131
SKU_00103,256.74,34033,3.9,0.01,117
SKU_00461,326.36,26730,9.66,0.182,124
SKU_00303,320.53,27183,22.23,0.032,147
SKU_00034,482.99,18005,3.74,0.009,127
SKU_00848,253.59,34168,9.02,0.155,140
SKU_00998,475.37,18173,11.2,0.134,112
SKU_00274,258.11,33439,18.02,0.005,137
SKU_00348,190.43,45023,4.78,0.033,129
SKU_00793,307.67,27864,5.04,0.023,132
SKU_00732,334.27,25526,19.41,0.103,150
SKU_00570,259.42,32881,18.0,0.043,131
SKU_00623,244.84,34807,27.23,0.097,130
SKU_00255,280.62,30320,23.43,0.128,133
SKU_00612,315.81,26888,29.13,0.14,135
SKU_00751,470.22,17924,29.16,0.192,162
SKU_00674,208.15,40387,19.99,0.079,118
SKU_00219,425.37,19723,4.63,0.06,137
SKU_00263,261.57,31675,5.52,0.026,149
SKU_00978,250.7,33016,20.32,0.122,148
SKU_00545,182.29,45341,28.99,0.07,132
SKU_00043,455.11,17950,26.3,0.016,125
SKU_00417,167.69,48690,16.85,0.09,134
SKU_00999,225.77,36135,26.11,0.094,152
SKU_00863,223.18,36551,24.61,0.016,136
SKU_00268,182.95,44586,21.73,0.153,132
SKU_00125,216.42,37673,13.56,0.132,138
SKU_00714,177.69,45843,2.42,0.165,134
SKU_00560,353.52,22961,3.7,0.06,115
SKU_00338,239.72,33856,1.43,0.064,142
SKU_00194,172.82,46781,16.37,0.006,155
SKU_00039,222.88,36162,23.32,0.045,135
SKU_00564,178.54,45065,17.06,0.147,127
SKU_00246,216.95,36866,22.78,0.041,122
SKU_00499,493.17,16182,18.45,0.157,135
SKU_00786,293.78,27087,21.3,0.093,124
SKU_00395,465.72,17067,3.02,0.03,138
SKU_00089,238.75,33139,5.77,0.181,130
SKU_00484,294.24,26845,27.05,0.173,123
SKU_00304,364.42,21610,28.51,0.025,150
SKU_00607,185.31,42367,19.22,0.177,112
SKU_00161,317.99,24678,7.74,0.161,143
SKU_00217,374.51,20795,18.4,0.042,146
SKU_00174,324.36,23974,18.53,0.198,123
SKU_00365,196.12,39441,18.77,0.077,111
SKU_00910,297.2,25866,8.06,0.01,151
SKU_00502,158.22,48579,22.17,0.118,149
SKU_00639,191.76,39848,13.94,0.198,120
SKU_00343,219.76,34550,29.25,0.187,152
SKU_00553,282.66,26823,18.68,0.078,123
SKU_00990,400.71,18892,19.07,0.076,137
SKU_00069,493.51,15329,6.7,0.095,116
SKU_00153,247.28,30548,2.57,0.192,153
SKU_00857,238.67,31501,27.88,0.158,131
SKU_00003,301.34,24891,17.28,0.151,138
SKU_00085,165.97,45184,12.62,0.064,132
SKU_00657,184.73,40463,11.76,0.127,116
SKU_00195,177.86,41973,19.12,0.168,130
SKU_00853,449.54,16493,29.15,0.134,138
SKU_00785,454.68,16273,24.82,0.172,121
SKU_00376,423.21,17443,0.76,0.183,141
SKU_00451,281.41,26115,1.1,0.14,135
SKU_00122,162.41,45128,24.77,0.199,142
SKU_00045,332.95,21876,25.56,0.074,153
SKU_00106,208.14,34901,19.59,0.152,125
SKU_00906,409.63,17725,25.92,0.11,126
SKU_00684,465.04,15604,12.44,0.084,128
SKU_00157,382.0,18950,6.91,0.167,136
SKU_00618,404.07,17874,12.27,0.058,139
SKU_00452,214.99,33420,10.97,0.042,125
SKU_00547,337.43,21216,21.26,0.083,161
SKU_00102,160.61,44560,4.56,0.047,134
SKU_00526,210.34,33823,7.06,0.149,116
SKU_00660,181.27,39162,20.16,0.011,132
SKU_00572,201.29,35146,26.33,0.034,125
SKU_00743,253.85,27823,3.13,0.187,142
SKU_00896,150.11,46982,26.08,0.036,120
SKU_00756,311.94,22543,3.07,0.017,145
SKU_00566,199.16,35233,24.75,0.025,127
SKU_00849,299.72,23353,7.29,0.026,139
SKU_00734,182.62,38318,22.88,0.088,116
SKU_00373,343.09,20117,28.42,0.198,118
SKU_00341,239.37,28702,8.34,0.015,161
SKU_00917,474.48,14310,6.52,0.095,125
SKU_00685,280.6,24189,19.42,0.143,136
SKU_00567,221.55,30623,2.32,0.127,111
SKU_00675,491.28,13769,24.03,0.033,146
SKU_00082,168.79,40074,28.92,0.124,120
SKU_00138,185.0,36432,3.25,0.004,127
SKU_00584,318.53,21039,17.24,0.151,129
SKU_00024,230.75,29021,14.43,0.168,134
SKU_00279,398.92,16761,4.56,0.097,136
SKU_00596,335.44,19916,20.86,0.103,137
SKU_00012,417.06,15996,21.67,0.094,124
SKU_00986,345.76,19269,11.62,0.152,122
SKU_00529,433.04,15382,26.98,0.166,144
SKU_00115,436.37,15252,28.29,0.092,152
SKU_00025,393.66,16874,9.48,0.142,156
SKU_00843,480.73,13773,14.35,0.044,144
SKU_00229,317.41,20770,8.41,0.01,126
SKU_00232,290.57,22634,19.76,0.071,105
SKU_00455,248.85,26389,9.46,0.011,130
SKU_00050,484.94,13509,11.66,0.148,134
SKU_00091,358.06,18255,9.77,0.129,141
SKU_00344,202.26,32296,11.2,0.17,134
SKU_00018,218.81,29811,4.7,0.157,121
SKU_00765,287.1,22712,25.08,0.002,134
SKU_00651,270.87,23957,0.99,0.071,149
SKU_00261,495.08,13087,0.97,0.051,128
SKU_00051,388.69,16614,16.98,0.045,144
SKU_00506,455.91,14125,1.03,0.043,136
SKU_00062,415.23,15417,8.04,0.059,135
SKU_00375,162.89,39210,5.57,0.188,127
SKU_00144,146.0,43613,29.13,0.191,133
SKU_00624,311.04,20437,7.24,0.004,140
SKU_00918,382.98,16556,12.54,0.132,143
SKU_00349,314.8,20082,25.61,0.038,161
SKU_00904,213.61,29471,20.04,0.039,135
SKU_00611,400.71,15663,23.62,0.147,140
SKU_00289,297.46,21053,7.15,0.09,141
SKU_00522,485.11,12903,22.92,0.185,123
SKU_00768,174.33,35731,14.27,0.081,123
SKU_00061,139.32,44647,23.5,0.122,138
SKU_00808,228.17,27217,21.36,0.19,150
SKU_00954,212.29,29082,27.93,0.179,119
SKU_00538,228.02,27058,3.95,0.181,142
SKU_00673,264.63,23296,7.78,0.07,145
SKU_00740,234.03,26300,11.64,0.193,142
SKU_00095,249.43,24674,2.03,0.145,142
SKU_00394,173.7,35301,6.56,0.138,129
SKU_00569,177.39,34514,21.93,0.025,123
SKU_00457,236.99,25783,29.04,0.007,140
SKU_00931,418.29,14584,8.77,0.103,130
SKU_00280,445.55,13607,20.89,0.073,124
SKU_00361,323.43,18739,26.48,0.067,136
SKU_00310,222.29,27182,17.62,0.097,123
SKU_00909,192.95,31107,4.65,0.041,116
SKU_00329,127.63,46866,0.31,0.025,138
SKU_00496,293.91,20149,27.17,0.157,133
SKU_00907,174.2,33993,12.1,0.198,130
SKU_00964,147.9,39991,28.1,0.118,133
SKU_00088,444.17,13084,20.46,0.106,131
SKU_00272,434.2,13381,1.68,0.083,140
SKU_00822,170.08,34154,29.09,0.129,133
SKU_00416,150.14,38659,28.4,0.024,160
SKU_00301,268.02,21527,29.73,0.043,147
SKU_00432,311.02,18433,5.68,0.145,128
SKU_00216,166.07,34180,22.33,0.109,137
SKU_00877,331.17,17114,0.27,0.071,140
SKU_00184,132.68,42620,8.29,0.056,147
SKU_00879,114.88,49204,24.68,0.195,128
SKU_00140,481.41,11693,15.31,0.147,118
SKU_00483,315.64,17750,29.64,0.067,125
SKU_00552,278.19,20075,29.46,0.145,151
SKU_00108,118.26,47137,18.46,0.19,122
SKU_00537,127.44,43685,11.51,0.064,140
SKU_00067,402.09,13837,6.94,0.188,140
SKU_00131,114.94,48380,29.65,0.105,131
SKU_00544,310.97,17878,0.91,0.177,159
SKU_00666,126.75,43853,21.67,0.136,157
SKU_00527,140.34,39163,24.24,0.016,159
SKU_00322,331.8,16522,28.13,0.101,130
SKU_00911,137.69,39632,0.76,0.026,109
SKU_00873,207.32,26260,1.42,0.045,157
SKU_00561,110.42,49253,2.14,0.109,129
SKU_00962,126.45,42991,12.73,0.104,139
SKU_00224,136.28,39792,4.91,0.06,129
SKU_00327,307.8,17582,27.29,0.062,144
SKU_00173,117.12,46107,15.67,0.032,125
SKU_00591,322.23,16753,1.08,0.14,148
SKU_00829,228.85,23586,14.79,0.047,134
SKU_00410,163.06,33081,22.65,0.135,152
SKU_00941,279.32,19301,8.22,0.171,138
SKU_00540,477.26,11271,24.09,0.166,118
SKU_00381,349.88,15351,16.4,0.11,125
SKU_00155,124.82,42974,26.98,0.171,148
SKU_00210,276.62,19229,28.96,0.181,149
SKU_00169,297.49,17864,14.28,0.081,124
SKU_00227,199.58,26392,22.28,0.02,130
SKU_00826,176.44,29834,22.66,0.119,122
SKU_00638,138.28,38046,8.62,0.103,142
SKU_00835,212.37,24711,10.93,0.101,133
SKU_00307,164.86,31698,29.39,0.088,148
SKU_00141,129.63,40142,11.69,0.072,135
SKU_00185,331.69,15685,27.86,0.125,144
SKU_00536,425.58,12103,6.88,0.047,147
SKU_00251,195.62,26223,15.11,0.011,149
SKU_00550,262.48,19442,21.01,0.092,149
SKU_00234,101.65,49808,22.3,0.104,137
SKU_00426,223.56,22531,11.22,0.126,128
SKU_00594,448.91,11183,28.68,0.088,127
SKU_00608,254.19,19676,20.33,0.045,134
SKU_00328,212.7,23511,23.43,0.097,132
SKU_00992,139.71,35685,0.19,0.096,121
SKU_00880,119.38,41721,24.29,0.035,114
SKU_00007,433.76,11444,11.98,0.026,122
SKU_00314,418.81,11845,23.5,0.004,117
SKU_00935,139.79,35296,21.65,0.081,131
SKU_00146,306.73,15976,23.54,0.079,134
SKU_00041,250.11,19526,17.87,0.172,131
SKU_00690,165.22,29359,4.25,0.172,129
SKU_00929,132.65,36478,7.12,0.178,130
SKU_00845,210.24,22768,1.88,0.121,123
SKU_00699,243.16,19608,24.62,0.192,136
SKU_00059,166.04,28635,5.2,0.11,140
SKU_00733,263.92,17872,1.44,0.148,153
SKU_00635,226.47,20777,1.58,0.11,126
SKU_00385,402.72,11636,16.32,0.117,131
SKU_00172,258.49,18124,27.62,0.18,119
SKU_00800,355.08,13176,22.06,0.111,120
SKU_00256,468.4,9982,6.59,0.084,125
SKU_00026,103.84,44913,18.23,0.19,147
SKU_00362,231.84,20094,11.86,0.136,170
SKU_00702,171.62,27084,13.52,0.107,132
SKU_00721,94.71,48608,17.42,0.044,132
SKU_00036,155.78,29498,15.23,0.153,123
SKU_00762,128.0,35857,4.5,0.062,130
SKU_00615,460.83,9947,14.24,0.175,119
SKU_00652,295.49,15498,20.3,0.186,121
SKU_00402,255.1,17873,10.74,0.092,141
SKU_00360,197.14,23119,3.93,0.018,129
SKU_00763,373.25,12140,14.69,0.027,137
SKU_00713,208.86,21692,12.18,0.156,113
SKU_00180,173.83,26031,11.34,0.019,111
SKU_00744,119.95,37674,25.43,0.16,128
SKU_00783,176.12,25619,25.17,0.089,127
SKU_00015,95.79,46717,24.58,0.01,154
SKU_00658,324.73,13705,21.92,0.02,127
SKU_00342,90.73,49001,23.64,0.063,120
SKU_00198,444.11,10003,22.47,0.191,117
SKU_00920,434.89,10206,5.72,0.138,135
SKU_00269,150.33,29357,3.21,0.109,123
SKU_00397,217.35,20272,13.86,0.035,138
SKU_00495,179.91,24463,12.66,0.03,142
SKU_00689,97.59,45012,15.11,0.12,131
SKU_00293,183.29,23921,23.02,0.161,150
SKU_00142,251.14,17420,13.91,0.14,135
SKU_00016,155.6,28035,9.74,0.134,132
SKU_00893,201.61,21500,20.96,0.061,125
SKU_00406,197.65,21904,10.26,0.141,134
SKU_00477,279.16,15449,29.21,0.198,149
SKU_00643,167.11,25711,1.43,0.09,144
SKU_00404,163.42,26243,23.84,0.111,156
SKU_00143,153.93,27476,29.75,0.08,135
SKU_00777,362.52,11656,23.23,0.174,147
SKU_00796,466.4,9006,4.6,0.012,137
SKU_00469,481.8,8701,19.72,0.177,132
SKU_00225,125.77,33230,16.79,0.176,133
SKU_00505,85.5,48870,7.69,0.007,147
SKU_00105,128.4,32513,7.38,0.061,122
SKU_00386,144.61,28641,23.77,0.042,137
SKU_00092,381.59,10716,25.05,0.162,142
SKU_00761,159.3,25637,9.46,0.142,139
SKU_00852,108.9,37484,1.02,0.08,124
SKU_00340,248.35,16435,8.34,0.101,134
SKU_00979,300.44,13495,28.33,0.185,129
SKU_00585,123.87,32519,19.8,0.042,128
SKU_00250,150.75,26688,14.16,0.177,134
SKU_00663,122.43,32656,8.97,0.11,154
SKU_00963,197.7,20203,11.38,0.105,128
SKU_00175,91.31,43742,4.78,0.191,125
SKU_00632,258.28,15460,17.77,0.037,130
SKU_00842,93.13,42768,24.22,0.041,130
SKU_00881,337.59,11795,26.54,0.18,143
SKU_00819,170.92,23271,20.45,0.176,137
SKU_00801,80.51,49392,9.08,0.15,128
SKU_00605,233.09,17059,13.41,0.135,129
SKU_00064,144.06,27445,20.78,0.031,149
SKU_00984,365.45,10799,3.23,0.141,154
SKU_00000,190.4,20591,26.21,0.146,127
SKU_00757,269.06,14537,6.35,0.063,131
SKU_00912,313.95,12423,17.54,0.113,170
SKU_00670,90.82,42424,24.9,0.143,117
SKU_00046,159.3,24177,0.11,0.037,113
SKU_00033,474.7,8107,20.02,0.176,137
SKU_00309,139.06,27670,21.04,0.063,129
SKU_00693,124.99,30759,5.24,0.149,123
SKU_00855,99.39,38620,22.05,0.062,119
SKU_00597,90.3,42340,2.56,0.024,136
SKU_00698,81.41,46833,29.74,0.091,155
SKU_00124,117.83,32223,11.65,0.079,146
SKU_00266,350.02,10806,26.24,0.082,138
SKU_00298,313.33,12039,14.94,0.007,141
SKU_00110,148.43,25380,11.83,0.125,146
SKU_00779,322.37,11663,14.39,0.075,130
SKU_00642,109.67,34097,11.96,0.01,136
SKU_00212,327.72,11403,4.61,0.081,162
SKU_00507,412.16,9046,22.2,0.057,131
SKU_00583,167.73,22027,23.7,0.083,155
SKU_00075,365.86,10096,12.2,0.107,165
SKU_00816,297.68,12389,22.4,0.182,129
SKU_00934,89.98,40847,27.51,0.174,134
SKU_00023,186.35,19641,17.3,0.182,146
SKU_00167,97.33,37543,9.73,0.052,126
SKU_00589,80.19,44838,22.15,0.005,137
SKU_00987,220.24,16263,25.99,0.103,136
SKU_00637,125.02,28504,25.33,0.091,143
SKU_00389,404.38,8812,6.86,0.121,120
SKU_00213,116.01,30661,10.34,0.153,132
SKU_00430,75.78,46924,13.29,0.188,136
SKU_00951,334.19,10626,10.28,0.157,134
SKU_00579,132.83,26716,25.16,0.084,129
SKU_00478,484.8,7279,10.17,0.059,129
SKU_00286,235.47,14959,11.27,0.142,126
SKU_00659,287.54,12215,26.48,0.022,119
SKU_00282,190.91,18371,29.46,0.127,111
SKU_00980,170.45,20521,8.14,0.157,142
SKU_00511,212.03,16409,20.48,0.185,145
SKU_00177,196.43,17702,3.41,0.103,147
SKU_00582,248.85,13860,8.11,0.136,150
SKU_00944,107.18,32107,5.75,0.099,120
SKU_00600,88.62,38763,4.21,0.155,139
SKU_00223,187.02,18188,13.07,0.074,126
SKU_00806,467.51,7251,4.52,0.116,149
SKU_00747,274.06,12278,17.45,0.094,128
SKU_00022,149.61,22397,27.99,0.049,124
SKU_00622,188.38,17758,18.16,0.082,138
SKU_00629,129.96,25719,14.15,0.042,152
SKU_00556,71.34,46778,16.03,0.148,153
SKU_00531,499.86,6663,26.24,0.162,129
SKU_00235,362.61,9117,24.47,0.093,131
SKU_00317,90.78,36224,6.84,0.16,122
SKU_00946,72.76,44943,21.48,0.181,125
SKU_00715,465.12,7024,16.32,0.093,133
SKU_00215,122.44,26672,22.77,0.178,156
SKU_00942,327.45,9786,12.13,0.034,141
SKU_00703,71.54,44733,2.62,0.128,145
SKU_00885,93.38,33855,21.72,0.055,129
SKU_00482,230.0,13712,22.81,0.16,151
SKU_00158,122.63,25525,29.28,0.157,146
SKU_00892,415.96,7521,17.35,0.156,150
SKU_00997,72.73,42785,21.62,0.046,127
SKU_00130,211.62,14661,3.26,0.191,141
SKU_00902,94.81,32596,4.44,0.057,158
SKU_00870,189.79,16135,29.84,0.032,132
SKU_00319,128.87,23750,13.91,0.169,152
SKU_00625,187.61,16101,14.14,0.083,127
SKU_00418,337.9,8883,22.55,0.123,135
SKU_00049,96.5,31007,11.01,0.069,133
SKU_00927,273.11,10856,15.84,0.103,144
SKU_00866,81.84,36141,15.9,0.197,122
SKU_00811,420.25,6994,17.83,0.006,136
SKU_00445,473.89,6190,18.44,0.103,137
SKU_00326,279.41,10496,27.13,0.086,121
SKU_00350,254.05,11525,1.49,0.005,132
SKU_00887,122.9,23811,20.65,0.166,143
SKU_00958,87.31,33500,26.01,0.068,114
SKU_00730,86.31,33868,15.4,0.086,127
SKU_00973,111.4,26216,7.7,0.041,116
SKU_00636,268.65,10824,25.02,0.196,120
SKU_00767,439.0,6571,11.31,0.084,142
SKU_00380,63.49,44959,20.54,0.022,134
SKU_00413,288.85,9868,19.82,0.051,139
SKU_00366,480.79,5876,14.88,0.196,127
SKU_00604,64.71,43420,28.45,0.172,111
SKU_00405,448.28,6254,14.97,0.129,127
SKU_00262,74.34,37411,5.09,0.055,139
SKU_00519,79.46,34939,6.54,0.09,132
SKU_00097,216.63,12776,11.21,0.013,140
SKU_00479,263.93,10426,8.97,0.154,145
SKU_00087,320.59,8536,17.51,0.196,127
SKU_00316,207.43,13125,25.6,0.026,146
SKU_00787,203.42,13278,5.4,0.188,136
SKU_00790,80.91,33274,7.13,0.167,135
SKU_00588,68.38,39298,14.7,0.116,146
SKU_00729,86.01,31216,15.82,0.157,150
SKU_00028,298.25,8920,26.96,0.148,119
SKU_00644,64.28,41335,8.41,0.015,159
SKU_00493,98.12,27011,2.71,0.1,149
SKU_00135,164.99,16034,22.41,0.036,136
SKU_00555,204.72,12865,18.88,0.086,139
SKU_00011,485.11,5419,16.02,0.137,130
SKU_00156,337.71,7757,23.5,0.121,129
SKU_00206,55.23,47427,21.87,0.066,139
SKU_00084,158.94,16471,4.1,0.17,138
SKU_00520,299.09,8695,10.88,0.161,124
SKU_00546,61.21,42329,3.91,0.093,99
SKU_00133,172.12,14999,1.53,0.092,128
SKU_00784,94.89,27066,10.75,0.099,135
SKU_00294,67.89,37667,22.04,0.025,145
SKU_00425,277.02,9227,23.97,0.011,117
SKU_00975,134.82,18852,5.57,0.048,139
SKU_00653,373.99,6738,1.44,0.076,156
SKU_00900,107.9,23264,7.34,0.08,178
SKU_00123,59.48,41998,14.91,0.106,147
SKU_00587,68.8,36242,6.68,0.11,132
SKU_00047,262.43,9474,0.63,0.088,149
SKU_00590,73.72,33497,15.8,0.189,139
SKU_00985,250.27,9815,15.01,0.123,140
SKU_00422,50.15,48887,10.38,0.155,122
SKU_00967,152.08,16001,1.36,0.12,136
SKU_00372,51.75,46865,9.33,0.121,140
SKU_00218,326.57,7414,3.27,0.052,140
SKU_00330,181.21,13361,1.81,0.192,132
SKU_00750,62.86,38460,5.1,0.064,141
SKU_00562,72.5,33242,7.97,0.07,139
SKU_00346,319.37,7524,25.36,0.126,144
SKU_00014,95.0,25164,6.44,0.018,149
SKU_00297,111.83,21295,19.16,0.07,127
SKU_00283,51.52,45639,6.37,0.027,123
SKU_00038,343.7,6837,2.49,0.054,120
SKU_00919,74.36,31467,22.81,0.112,159
SKU_00353,85.65,26531,10.44,0.083,126
SKU_00676,60.46,37480,19.91,0.052,122
SKU_00805,369.54,6112,21.95,0.009,145
SKU_00837,184.38,12249,26.84,0.137,126
SKU_00708,131.05,17187,14.05,0.093,136
SKU_00214,357.53,6283,12.46,0.165,137
SKU_00287,273.61,8173,3.76,0.035,136
SKU_00867,95.05,23484,23.82,0.034,147
SKU_00460,63.18,35298,22.22,0.016,141
SKU_00809,61.05,36478,27.22,0.013,134
SKU_00694,61.84,35940,19.17,0.112,125
SKU_00243,188.23,11800,25.0,0.013,130
SKU_00933,265.22,8358,3.69,0.103,133
SKU_00284,291.25,7591,24.77,0.112,111
SKU_00454,60.04,36779,24.63,0.164,127
SKU_00434,46.63,47319,10.76,0.148,134
SKU_00260,309.43,7109,5.43,0.164,121
SKU_00830,116.18,18843,15.72,0.183,155
SKU_00602,92.62,23599,5.03,0.156,146
SKU_00650,48.03,45372,17.29,0.01,153
SKU_00163,270.21,8006,2.17,0.162,131
SKU_00066,74.76,28787,19.03,0.142,140
SKU_00147,253.83,8345,10.71,0.171,130
SKU_00339,53.43,39314,1.18,0.163,141
SKU_00111,84.8,24657,28.69,0.186,154
SKU_00754,73.94,28244,16.0,0.082,159
SKU_00681,132.66,15677,12.19,0.109,119
SKU_00306,260.57,7913,17.01,0.135,127
SKU_00265,371.68,5545,12.13,0.2,138
SKU_00696,147.87,13698,15.95,0.028,120
SKU_00682,89.59,22573,9.7,0.152,130
SKU_00617,142.05,14235,8.14,0.026,120
SKU_00601,142.9,14094,10.29,0.19,148
SKU_00897,448.69,4458,20.48,0.175,106
SKU_00965,181.06,10854,20.29,0.151,135
SKU_00530,407.39,4803,19.56,0.044,136
SKU_00776,118.48,16453,29.13,0.114,157
SKU_00391,209.25,9308,12.92,0.148,135
SKU_00254,88.9,21827,19.34,0.147,137
SKU_00099,58.41,32833,19.42,0.138,154
SKU_00672,44.72,42859,26.16,0.133,141
SKU_00468,115.68,16505,29.4,0.067,133
SKU_00895,106.47,17827,3.12,0.002,135
SKU_00712,238.43,7948,25.57,0.014,116
SKU_00841,333.45,5595,17.78,0.026,139
SKU_00571,392.91,4699,2.03,0.063,152
SKU_00320,276.87,6640,14.48,0.02,154
SKU_00832,74.72,24589,13.29,0.05,136
SKU_00411,475.28,3862,0.64,0.117,140
SKU_00192,450.71,4072,26.39,0.176,146
SKU_00037,53.35,34368,7.05,0.092,126
SKU_00202,85.01,21552,9.67,0.087,143
SKU_00278,352.47,5184,19.13,0.126,145
SKU_00858,284.6,6395,1.01,0.084,140
SKU_00969,240.64,7546,27.91,0.076,131
SKU_00539,68.93,26117,12.44,0.016,133
SKU_00746,195.03,9208,25.27,0.002,141
SKU_00345,309.85,5726,12.92,0.196,111
SKU_00620,96.34,18409,0.19,0.103,120
SKU_00181,61.17,28941,16.55,0.007,168
SKU_00109,43.11,40700,25.8,0.192,128
SKU_00711,299.84,5804,11.68,0.165,152
SKU_00429,62.95,27524,2.89,0.109,143
SKU_00443,188.47,9178,16.78,0.172,136
SKU_00775,79.21,21736,1.03,0.116,153
SKU_00466,146.43,11753,9.76,0.119,135
SKU_00193,318.39,5395,7.83,0.195,143
SKU_00179,73.07,23365,2.94,0.127,145
SKU_00259,53.1,32066,0.16,0.179,137
SKU_00166,163.79,10322,26.88,0.162,142
SKU_00080,432.24,3910,5.39,0.042,116
SKU_00400,56.05,30115,23.63,0.087,129
SKU_00040,65.41,25610,3.75,0.027,134
SKU_00735,439.21,3812,28.4,0.134,118
SKU_00253,161.88,10277,11.62,0.063,158
SKU_00834,251.69,6541,27.57,0.12,124
SKU_00222,51.37,31390,26.33,0.128,143
SKU_00528,32.91,48789,1.87,0.175,149
SKU_00770,59.76,26623,29.85,0.015,139
SKU_00459,63.81,24926,3.62,0.004,122
SKU_00209,84.6,18646,2.85,0.087,146
SKU_00132,64.33,24362,13.35,0.045,140
SKU_00441,493.39,3141,15.65,0.018,126
SKU_00753,170.78,9027,29.33,0.17,158
SKU_00641,164.43,9300,6.63,0.189,137
SKU_00230,398.43,3838,5.9,0.146,139
SKU_00083,36.46,41873,7.53,0.179,127
SKU_00899,47.33,32217,25.28,0.197,122
SKU_00409,50.19,30187,22.78,0.091,136
SKU_00669,146.12,10325,21.56,0.042,129
SKU_00864,203.38,7327,10.07,0.088,136
SKU_00667,84.54,17375,25.9,0.152,135
SKU_00924,215.48,6804,24.66,0.026,136
SKU_00114,318.53,4594,19.79,0.037,135
SKU_00383,439.35,3324,6.9,0.112,136
SKU_00875,82.3,17733,19.02,0.165,127
SKU_00654,218.67,6670,13.57,0.166,138
SKU_00542,118.18,12301,0.64,0.105,140
SKU_00908,133.41,10893,8.85,0.133,132
SKU_00888,54.22,26222,0.83,0.142,160
SKU_00151,123.58,11462,2.15,0.092,130
SKU_00152,76.72,18397,12.79,0.156,160
SKU_00565,297.01,4748,8.59,0.176,162
SKU_00818,32.11,43696,1.83,0.191,166
SKU_00063,181.59,7664,5.42,0.042,148
SKU_00828,370.06,3754,9.14,0.014,128
SKU_00333,62.46,22142,12.03,0.046,123
SKU_00053,447.94,3083,6.43,0.115,124
SKU_00722,37.92,36041,22.8,0.093,123
SKU_00859,37.53,36093,26.17,0.034,133
SKU_00960,45.99,29428,27.23,0.006,136
SKU_00288,146.84,9177,22.09,0.195,125
SKU_00241,477.19,2819,25.46,0.107,145
SKU_00656,145.47,9210,5.04,0.075,135
SKU_00060,197.4,6740,2.33,0.166,151
SKU_00030,305.73,4332,9.59,0.181,132
SKU_00013,110.11,12018,4.32,0.116,114
SKU_00057,102.01,12751,8.99,0.176,130
SKU_00311,43.84,29341,17.64,0.102,131
SKU_00090,64.2,19995,18.61,0.034,134
SKU_00433,55.06,23216,2.91,0.124,132
SKU_00387,92.83,13647,16.51,0.104,127
SKU_00827,176.74,7152,14.81,0.141,128
SKU_00077,41.65,30069,10.69,0.129,127
SKU_00374,40.24,30807,29.02,0.066,118
SKU_00334,27.77,44513,27.69,0.176,132
SKU_00281,172.31,7159,22.4,0.19,130
SKU_00503,407.83,3020,24.21,0.082,131
SKU_00613,45.47,27028,7.95,0.151,159
SKU_00599,25.23,48503,13.99,0.136,128
SKU_00199,391.04,3120,16.78,0.03,141
SKU_00331,380.13,3193,6.83,0.143,140
SKU_00335,25.16,47951,14.21,0.162,146
SKU_00299,47.25,25438,5.43,0.011,140
SKU_00916,150.76,7943,1.11,0.105,128
SKU_00239,92.67,12813,16.21,0.079,127
SKU_00318,82.44,14388,11.37,0.124,116
SKU_00959,370.33,3183,17.2,0.198,119
SKU_00889,125.37,9260,9.25,0.124,121
SKU_00792,255.41,4531,16.39,0.173,116
SKU_00291,23.49,49246,1.97,0.037,136
SKU_00428,178.7,6468,11.98,0.187,134
SKU_00056,48.8,23610,18.62,0.11,131
SKU_00922,447.8,2572,26.02,0.024,128
SKU_00854,106.54,10717,6.7,0.178,139
SKU_00603,48.91,23140,5.2,0.123,141
SKU_00058,27.39,41098,12.97,0.135,127
SKU_00782,129.64,8334,7.48,0.094,137
SKU_00285,22.79,47395,15.66,0.156,127
SKU_00592,95.03,10931,26.07,0.1,137
SKU_00593,176.11,5824,2.03,0.187,137
SKU_00292,412.19,2453,24.06,0.021,132
SKU_00031,89.41,11222,28.59,0.054,130
SKU_00392,189.15,5209,4.31,0.127,141
SKU_00773,201.66,4860,18.25,0.136,135
SKU_00201,46.65,20520,1.71,0.046,148
SKU_00995,50.33,18980,16.61,0.01,140
SKU_00096,263.75,3530,1.37,0.108,134
SKU_00616,35.23,26255,29.52,0.041,122
SKU_00883,56.53,16114,3.22,0.016,127
SKU_00021,74.05,12282,17.23,0.138,135
SKU_00764,21.6,42086,3.99,0.103,135
SKU_00760,80.08,11307,11.92,0.183,145
SKU_00812,66.71,13567,18.01,0.035,135
SKU_00117,97.35,9255,2.38,0.173,126
SKU_00009,355.5,2521,18.88,0.195,120
SKU_00351,428.96,2080,18.63,0.079,131
SKU_00071,103.36,8602,19.71,0.135,122
SKU_00844,78.59,11230,29.88,0.139,137
SKU_00168,25.18,34801,3.84,0.05,123
SKU_00079,62.36,14019,14.5,0.156,151
SKU_00874,17.57,49734,10.32,0.005,129
SKU_00121,448.57,1928,23.46,0.028,130
SKU_00449,46.33,18540,15.26,0.11,135
SKU_00974,20.44,41423,26.28,0.059,114
SKU_00237,17.04,49238,20.67,0.059,139
SKU_00379,144.52,5755,2.76,0.195,141
SKU_00514,27.38,30127,29.75,0.158,121
SKU_00728,104.81,7861,11.85,0.172,140
SKU_00042,22.02,37365,28.1,0.115,131
SKU_00928,318.57,2575,13.95,0.181,143
SKU_00833,92.31,8736,18.21,0.138,128
SKU_00354,39.93,19540,9.52,0.187,159
SKU_00440,46.99,16469,26.92,0.178,136
SKU_00491,311.97,2456,7.41,0.128,114
SKU_00190,51.09,14763,20.18,0.17,138
SKU_00940,140.66,5349,21.68,0.027,152
SKU_00988,126.97,5882,14.33,0.141,131
SKU_00220,330.52,2239,2.9,0.119,135
SKU_00019,149.16,4906,6.79,0.109,131
SKU_00846,47.25,15322,0.19,0.124,129
SKU_00926,138.0,5151,19.15,0.084,149
SKU_00487,144.08,4880,7.7,0.008,144
SKU_00664,55.38,12695,21.58,0.105,156
SKU_00273,457.05,1535,14.65,0.151,126
SKU_00492,142.3,4890,3.48,0.167,154
SKU_00619,375.39,1842,26.76,0.107,143
SKU_00101,320.02,2150,8.05,0.1,134
SKU_00001,475.6,1441,4.94,0.13,138
SKU_00706,164.57,4133,24.26,0.106,161
SKU_00029,27.99,24170,24.9,0.067,114
SKU_00300,30.58,21830,20.61,0.029,123
SKU_00606,107.14,6199,23.69,0.082,137
SKU_00957,28.25,23297,16.99,0.115,149
SKU_00231,253.81,2569,26.41,0.155,146
SKU_00377,16.52,38927,21.63,0.003,150
SKU_00436,41.02,15625,8.37,0.133,120
SKU_00476,41.53,15413,11.43,0.051,120
SKU_00598,100.18,6376,27.33,0.153,138
SKU_00936,14.1,45213,12.1,0.194,134
SKU_00010,15.19,39987,20.26,0.011,133
SKU_00628,23.16,25992,18.71,0.057,152
SKU_00741,154.18,3826,23.77,0.166,130
SKU_00211,347.49,1691,14.7,0.169,125
SKU_00901,18.13,32010,14.4,0.143,128
SKU_00481,349.4,1660,3.41,0.042,148
SKU_00472,26.36,21388,2.88,0.057,115
SKU_00032,37.2,15123,24.77,0.145,131
SKU_00008,302.55,1850,16.24,0.148,134
SKU_00486,27.5,20122,9.49,0.172,149
SKU_00938,63.29,8633,26.47,0.149,121
SKU_00312,17.55,30778,20.96,0.078,134
SKU_00586,42.55,12688,7.64,0.066,155
SKU_00189,124.72,4233,29.77,0.084,126
SKU_00518,493.7,1056,26.0,0.165,130
SKU_00580,232.27,2213,8.63,0.151,163
SKU_00724,289.36,1767,26.7,0.084,119
SKU_00977,30.46,16769,3.98,0.189,126
SKU_00323,143.57,3442,21.21,0.142,134
SKU_00005,82.22,5995,11.79,0.08,154
SKU_00370,54.89,8882,5.82,0.156,115
SKU_00264,439.3,1107,11.69,0.068,126
SKU_00439,45.27,10461,5.96,0.066,146
SKU_00983,42.19,11123,29.98,0.155,136
SKU_00244,12.65,36609,0.43,0.073,123
SKU_00458,32.87,13729,25.72,0.072,133
SKU_00640,14.94,29956,13.21,0.047,140
SKU_00497,43.48,10281,22.22,0.084,139
SKU_00668,97.35,4570,0.16,0.004,125
SKU_00871,139.02,3140,2.79,0.042,135
SKU_00407,10.36,41788,26.18,0.075,150
SKU_00257,349.53,1236,4.22,0.152,135
SKU_00236,143.98,2908,18.49,0.01,115
SKU_00006,33.75,12354,15.08,0.186,146
SKU_00100,20.56,20244,15.03,0.186,130
SKU_00701,30.65,13480,16.02,0.11,128
SKU_00646,298.83,1339,8.61,0.122,128
SKU_00068,41.9,9423,7.06,0.121,139
SKU_00448,191.25,2025,5.15,0.047,135
SKU_00470,11.02,33762,3.98,0.077,131
SKU_00126,409.92,906,6.89,0.023,144
SKU_00164,49.69,7387,28.8,0.036,136
SKU_00850,38.2,9535,9.43,0.07,119
SKU_00347,27.43,12957,8.12,0.05,144
SKU_00368,101.92,3480,4.43,0.147,120
SKU_00369,39.33,8811,21.78,0.024,117
SKU_00145,23.26,14299,28.28,0.193,139
SKU_00563,12.2,27016,1.48,0.083,132
SKU_00898,11.44,28582,3.48,0.089,154
SKU_00930,73.98,4355,9.17,0.164,131
SKU_00952,91.81,3474,28.22,0.051,156
SKU_00356,18.12,17275,2.68,0.176,146
SKU_00726,74.19,4214,11.16,0.165,128
SKU_00576,77.8,3914,29.67,0.15,138
SKU_00794,13.96,21727,17.53,0.185,120
SKU_00424,33.49,9005,11.78,0.075,129
SKU_00704,36.37,8225,12.04,0.15,120
SKU_00736,199.26,1467,10.26,0.02,131
SKU_00982,57.77,4995,19.07,0.002,152
SKU_00878,18.41,15096,28.12,0.061,133
SKU_00500,350.59,761,13.12,0.12,143
SKU_00128,8.44,29857,13.57,0.1,123
SKU_00840,11.48,21775,18.1,0.177,138
SKU_00626,233.95,1068,13.57,0.13,138
SKU_00371,14.02,17534,10.21,0.157,149
SKU_00171,13.21,17774,14.63,0.001,122
SKU_00290,20.1,11483,11.21,0.033,125
SKU_00856,23.09,9952,22.9,0.111,138
SKU_00655,68.15,3349,27.89,0.169,112
SKU_00557,19.25,11661,19.09,0.173,149
SKU_00148,30.48,7314,12.42,0.155,142
SKU_00382,316.33,626,29.42,0.196,138
SKU_00559,312.05,625,6.63,0.158,130
SKU_00098,17.58,10916,8.05,0.138,143
SKU_00465,190.56,999,21.78,0.12,131
SKU_00665,80.67,2069,28.63,0.071,128
SKU_00821,7.29,20929,1.13,0.167,162
SKU_00610,24.46,6216,7.1,0.176,137
SKU_00332,12.12,11822,4.03,0.191,132
SKU_00630,358.11,381,13.48,0.009,139
SKU_00515,18.05,7105,2.27,0.189,139
SKU_00149,142.93,826,16.53,0.063,138
SKU_00868,431.58,245,29.72,0.024,117
SKU_00044,133.1,714,8.4,0.077,123
SKU_00205,9.55,9616,16.23,0.086,139
SKU_00772,68.11,1277,2.74,0.147,142
SKU_00621,108.63,719,1.29,0.164,130
SKU_00634,58.05,1158,25.64,0.17,153
SKU_00925,16.12,3813,16.68,0.14,137
SKU_00955,194.65,307,24.82,0.068,135
SKU_00687,143.59,402,26.65,0.118,131
SKU_00649,251.73,225,26.41,0.075,128
SKU_00882,14.76,2952,21.03,0.156,137
SKU_00718,66.53,588,6.87,0.155,131
SKU_00442,190.26,205,13.48,0.162,107
SKU_00456,10.62,3489,23.98,0.182,132
SKU_00004,82.23,438,17.04,0.008,135
SKU_00208,7.51,2496,20.59,0.03,135
SKU_00945,10.44,761,23.51,0.082,119
SKU_00072,7.73,645,25.46,0.117,137
